IsExtra,Comment,EnemyID,Name,Enabled,Difficulty,Dlc,IsForceSpawn,Chapter,PosX,PosY,PosZ,RotX,RotY,RotZ,RotW,SpawnInfoGuid,SceneFile,MoldedBodyPartMask,HatType,X,Y,Z,X,Y,Z,W
False,,Em5520,TODO,True,,,False,-1,0,0.25,3.576278E-08,0,0,0,1,0cd8f606-184e-09fe-3742-356e5c1b5aea,natives/stm/scenes/enemy/em5512.scn.20,None,NoUse,0,0.25,3.576278E-08,0,0,0,1
False,,Em5520,TODO,True,,,False,-1,0,0.25,3.576278E-08,0,0,0,1,4e484e1a-a796-0169-0440-221b2125248d,natives/stm/scenes/enemy/em5512.scn.20,None,NoUse,0,0.25,3.576278E-08,0,0,0,1
False,,Em5520,TODO,True,,,False,-1,0,0.25,3.576278E-08,0,0,0,1,ea9e26b9-573c-0686-39b2-5edbb6479490,natives/stm/scenes/enemy/em5512.scn.20,None,NoUse,0,0.25,3.576278E-08,0,0,0,1
False,,Em5400,TODO,True,,,False,-1,0,-0.0788,0.04,-0.7071068,0,0,0.7071068,eba75f50-12fb-0551-3802-5991bea845ca,natives/stm/scenes/enemy/em5512.scn.20,None,NoUse,0,-0.0788,0.04,-0.7071068,0,0,0.7071068
False,,Em5400,TODO,True,,,False,-1,0,-0.0788,0.04,-0.7071068,0,0,0.7071068,f9cf3ab0-1c1d-0f77-3e13-d407ed8d0c8b,natives/stm/scenes/enemy/em5512.scn.20,None,NoUse,0,-0.0788,0.04,-0.7071068,0,0,0.7071068
False,,Em5400,TODO,True,,,False,-1,0,-0.0788,0.04,-0.7071068,0,0,0.7071068,f3a2c268-fc5d-0a35-14e7-6a46672a4095,natives/stm/scenes/enemy/em5512.scn.20,None,NoUse,0,-0.0788,0.04,-0.7071068,0,0,0.7071068
False,,Em5520,TODO,True,,,False,-1,0,0.3,0.2,0,0,0,1,7355707e-f4ce-071f-3be5-b18790e66b73,natives/stm/scenes/enemy/em5510.scn.20,None,NoUse,0,0.3,0.2,0,0,0,1
False,,Em5520,TODO,True,,,False,-1,0,0.3,0.2,0,0,0,1,f662be4c-258f-05db-0e77-93faffb1d074,natives/stm/scenes/enemy/em5510.scn.20,None,NoUse,0,0.3,0.2,0,0,0,1
False,,Em5400,TODO,True,,,False,-1,-0.1722,0.442,-0.19,-0.704729,-0.0579393,0.06531612,0.7040837,cd3258e8-19fd-037e-3ede-4d93ad0ca573,natives/stm/scenes/enemy/em5510.scn.20,None,NoUse,-0.1722,0.442,-0.19,-0.704729,-0.0579393,0.06531612,0.7040837
False,,Em5400,TODO,True,,,False,-1,-0.1722,0.442,-0.19,-0.704729,-0.0579393,0.06531612,0.7040837,db409dc8-0746-051c-3b36-28226f9c398a,natives/stm/scenes/enemy/em5510.scn.20,None,NoUse,-0.1722,0.442,-0.19,-0.704729,-0.0579393,0.06531612,0.7040837
False,,Em5400,TODO,True,,,False,-1,-0.1722,0.442,-0.19,-0.704729,-0.0579393,0.06531612,0.7040837,7700a7bc-fa66-0cc1-3f6f-030893d5b182,natives/stm/scenes/enemy/em5510.scn.20,None,NoUse,-0.1722,0.442,-0.19,-0.704729,-0.0579393,0.06531612,0.7040837
False,,Em5520,TODO,True,,,False,-1,0,0,0,0,0,0,1,c59f0782-25cc-02a5-0737-ba3411986e2d,natives/stm/scenes/enemy/em5511.scn.20,None,NoUse,0,0,0,0,0,0,1
False,,Em5520,TODO,True,,,False,-1,0,0,0,0,0,0,1,f922a3c1-8226-075d-1a68-452f81937e24,natives/stm/scenes/enemy/em5511.scn.20,None,NoUse,0,0,0,0,0,0,1
False,,Em5400,TODO,True,,,False,-1,0.0743,0.1476,-0.0998,-0.7071068,0,0,0.7071068,3d96b77c-2d0d-00f6-3c9c-5e1398c2cee7,natives/stm/scenes/enemy/em5511.scn.20,None,NoUse,0.0743,0.1476,-0.0998,-0.7071068,0,0,0.7071068
False,,Em5400,TODO,True,,,False,-1,0.0743,0.1476,-0.0998,-0.7071068,0,0,0.7071068,d08b4892-1ce6-0343-1814-2f38087e85b2,natives/stm/scenes/enemy/em5511.scn.20,None,NoUse,0.0743,0.1476,-0.0998,-0.7071068,0,0,0.7071068
False,,Em5400,TODO,True,,,False,-1,0.0743,0.1476,-0.0998,-0.7071068,0,0,0.7071068,0f169927-153d-078c-2672-b87964b33957,natives/stm/scenes/enemy/em5511.scn.20,None,NoUse,0.0743,0.1476,-0.0998,-0.7071068,0,0,0.7071068
False,,Em4200,TODO,True,,,False,3,66.58392,1.654855,-7.208063,-9.144338E-08,0.7095742,-7.714295E-08,0.7046307,c4f9d986-b86c-4137-93ac-d56fa003820e,natives/stm/scenes/chapter/chapter3/chapter3_4/moldeads.scn.20,None,NoUse,66.58392,1.654855,-7.208063,-9.144338E-08,0.7095742,-7.714295E-08,0.7046307
False,,Em4100,TODO,True,,,False,3,87.44508,-1.512051,-1.474053,-8.31699E-08,-0.7071068,1.863657E-08,0.7071068,a72588ef-a471-431b-a0db-2325bccca772,natives/stm/scenes/chapter/chapter3/chapter3_4/moldeads.scn.20,None,NoUse,87.44508,-1.512051,-1.474053,-8.31699E-08,-0.7071068,1.863657E-08,0.7071068
False,,Em4100,TODO,True,,,False,3,81.82984,-1.561183,-15.66643,1.863657E-08,0.7071068,8.316991E-08,0.7071068,ffde2715-7444-455f-b7de-2236999f9064,natives/stm/scenes/chapter/chapter3/chapter3_4/moldeads.scn.20,None,NoUse,81.82984,-1.561183,-15.66643,1.863657E-08,0.7071068,8.316991E-08,0.7071068
False,,Em4100,TODO,True,,,False,3,89.33091,0.05006433,-11.97865,7.198805E-08,1,4.563196E-08,-4.371139E-08,e92a64bf-72f9-49cd-b9f5-704b5ca90199,natives/stm/scenes/chapter/chapter3/chapter3_4/moldeads.scn.20,None,NoUse,89.33091,0.05006433,-11.97865,7.198805E-08,1,4.563196E-08,-4.371139E-08
False,,Em4000,TODO,True,,,False,3,81.69378,-1.515156,-15.74525,-1.435286E-08,0.7623112,-8.438067E-08,0.6472107,d0b642ff-6bd2-4f7d-aab2-6abd4ff5e0b2,natives/stm/scenes/chapter/chapter3/chapter3_4/moldeads.scn.20,None,NoUse,81.69378,-1.515156,-15.74525,-1.435286E-08,0.7623112,-8.438067E-08,0.6472107
False,,Em4000,TODO,True,,,False,3,85.2353,-1.515155,-8.081278,-8.366765E-08,-0.6801165,1.805069E-08,0.7331041,f1737673-eb14-4f19-8587-fde50f033999,natives/stm/scenes/chapter/chapter3/chapter3_4/moldeads.scn.20,None,NoUse,85.2353,-1.515155,-8.081278,-8.366765E-08,-0.6801165,1.805069E-08,0.7331041
False,,Em4000,TODO,True,,,False,3,87.077,-1.515157,-1.16463,-4.374229E-08,0.4785061,-7.357121E-08,0.8780842,d8454fb9-8a8c-4ff9-b36d-ab87c795a85a,natives/stm/scenes/chapter/chapter3/chapter3_4/moldeads.scn.20,None,NoUse,87.077,-1.515157,-1.16463,-4.374229E-08,0.4785061,-7.357121E-08,0.8780842
False,,Em4100,TODO,True,,,False,3,56.25236,-1.561545,9.681558,4.211551E-08,0.9997827,-7.410023E-08,0.02084886,4da3c83a-d6f6-081f-36c7-8ab24a55c89d,natives/stm/scenes/chapter/chapter3/chapter3_4/moldeads.scn.20,None,NoUse,56.25236,-1.561545,9.681558,4.211551E-08,0.9997827,-7.410023E-08,0.02084886
False,,Em4200,TODO,True,,,False,3,66.62206,1.674457,-6.354475,-9.144338E-08,0.7095742,-7.714295E-08,0.7046307,e6a0adc4-e376-0a81-31fc-8fb9bece5597,natives/stm/scenes/chapter/chapter3/chapter3_4/moldeads.scn.20,None,NoUse,66.62206,1.674457,-6.354475,-9.144338E-08,0.7095742,-7.714295E-08,0.7046307
False,,Em4000,TODO,True,,,False,3,26.14162,6.891918,5.523808,0,-0.7009279,0,0.7132322,3b97c86f-45bd-4bb4-a2c5-aafc91a42820,natives/stm/scenes/chapter/chapter3/chapter3_4/moldeads.scn.20,None,NoUse,26.14162,6.891918,5.523808,0,-0.7009279,0,0.7132322
False,,Em4000,TODO,True,,,False,3,16.00341,-5.960464E-07,1.553421,0,-0.04914226,0,0.9987918,f546747c-982e-0b4a-1f9a-e4e28ba51f42,natives/stm/scenes/chapter/chapter3/chapter3_4/moldeads.scn.20,None,NoUse,16.00341,-5.960464E-07,1.553421,0,-0.04914226,0,0.9987918
False,,Em4100,TODO,True,,,False,3,-29.12204,-5.174902,20.2009,0,0.9987743,0,-0.04949676,9b7e3e9e-0578-43a5-9693-b2a2c75b736b,natives/stm/scenes/chapter/chapter3/chapter3_4/moldeads.scn.20,None,NoUse,-29.12204,-5.174902,20.2009,0,0.9987743,0,-0.04949676
False,,Em4000,TODO,True,,,False,3,-4.636197,-7.72529,1.551026,1.538989E-08,-0.7799869,2.495036E-08,0.6257959,c964db19-4c9b-0015-1f0e-f5150c71df9d,natives/stm/scenes/chapter/chapter3/chapter3_4/moldeads.scn.20,None,NoUse,-4.636197,-7.72529,1.551026,1.538989E-08,-0.7799869,2.495036E-08,0.6257959
False,,Em4000,TODO,True,,,False,3,-7.454295,-7.195544,0.701021,-8.695486E-08,0.07421774,2.25606E-09,0.997242,7e017866-66f9-008d-33d6-2e5d4f440dd4,natives/stm/scenes/chapter/chapter3/chapter3_4/moldeads.scn.20,None,NoUse,-7.454295,-7.195544,0.701021,-8.695486E-08,0.07421774,2.25606E-09,0.997242
False,,Em4000,TODO,True,,,False,3,-8.324782,-5.249,13.75617,-4.471623E-08,0.9997295,-4.471623E-08,0.02325847,4a7adfc5-7a27-0619-237a-96a80af406cf,natives/stm/scenes/chapter/chapter3/chapter3_4/moldeads.scn.20,None,NoUse,-8.324782,-5.249,13.75617,-4.471623E-08,0.9997295,-4.471623E-08,0.02325847
False,,Em4100,TODO,True,,,False,3,2.341095,-7.049254,-2.077188,0,-0.7032006,0,0.7109916,b90ba049-efdd-0443-28e0-9004f1c64cd9,natives/stm/scenes/chapter/chapter3/chapter3_4/moldeads.scn.20,None,NoUse,2.341095,-7.049254,-2.077188,0,-0.7032006,0,0.7109916
False,,Em4100,TODO,True,,,False,3,-21.8091,-5.139706,15.62793,0,-0.7206436,0,0.6933057,1bf4abe9-5f65-096c-23cf-7fd7078ac405,natives/stm/scenes/chapter/chapter3/chapter3_4/moldeads.scn.20,None,NoUse,-21.8091,-5.139706,15.62793,0,-0.7206436,0,0.6933057
False,,Em4000,TODO,True,,,False,3,-28.51532,-5.2375,22.48519,0,0.9720624,0,0.2347225,ea2253a8-a7ee-03ee-10c1-3b3ef15008c0,natives/stm/scenes/chapter/chapter3/chapter3_4/moldeads.scn.20,None,NoUse,-28.51532,-5.2375,22.48519,0,0.9720624,0,0.2347225
False,,Em4000,TODO,True,,,False,3,-33.77054,-5.249998,13.7914,0,0.9453395,0,-0.3260878,7a589599-8bc0-0268-3c2a-6fe08ac9186d,natives/stm/scenes/chapter/chapter3/chapter3_4/moldeads.scn.20,None,NoUse,-33.77054,-5.249998,13.7914,0,0.9453395,0,-0.3260878
False,,Em4000,TODO,True,,,False,3,-23.2178,-2.2,16.78831,-1.435481E-09,0.9998237,3.081894E-11,-0.01877336,d06e084c-1680-03e0-0942-0018a0a75fd2,natives/stm/scenes/chapter/chapter3/chapter3_4/moldeads.scn.20,None,NoUse,-23.2178,-2.2,16.78831,-1.435481E-09,0.9998237,3.081894E-11,-0.01877336
False,,Em4000,TODO,True,,,True,3,-0.3349562,1.192093E-07,-2.801721,0,0.0005140343,0,0.9999999,11c1660c-7aa3-059a-03c3-aa1c69dbc09b,natives/stm/scenes/chapter/chapter3/chapter3_4/moldeads.scn.20,None,NoUse,-0.3349562,1.192093E-07,-2.801721,0,0.0005140343,0,0.9999999
False,,Em4000,TODO,True,,,False,3,4.524119,4,10.46595,0,0.9133499,0,-0.4071757,57ef5c27-e755-0e13-19fe-764bf074eb1c,natives/stm/scenes/chapter/chapter3/chapter3_4/moldeads.scn.20,None,NoUse,4.524119,4,10.46595,0,0.9133499,0,-0.4071757
False,,Em4100,TODO,True,,,False,3,20.52738,-2.143951,32.7624,-3.221196E-08,0.9552024,-1.992769E-08,-0.2959533,50e99c3d-d653-0459-175d-8b0c43b09110,natives/stm/scenes/chapter/chapter3/chapter3_4/moldeads.scn.20,None,NoUse,20.52738,-2.143951,32.7624,-3.221196E-08,0.9552024,-1.992769E-08,-0.2959533
False,,Em4100,TODO,True,,,True,3,9.397314,-1.411211,27.34175,0,0.9472282,0,-0.32056,a3ea239e-8102-05bb-1530-f080da4d4938,natives/stm/scenes/chapter/chapter3/chapter3_4/moldeads.scn.20,None,NoUse,9.397314,-1.411211,27.34175,0,0.9472282,0,-0.32056
False,,Em4100,TODO,True,,,True,3,9.38677,-0.8031192,26.92769,1.407453E-08,0.9349157,-5.507231E-08,0.3548699,019c3712-0234-070b-20fc-10ac619f8971,natives/stm/scenes/chapter/chapter3/chapter3_4/moldeads.scn.20,None,NoUse,9.38677,-0.8031192,26.92769,1.407453E-08,0.9349157,-5.507231E-08,0.3548699
False,,Em5520,TODO,True,,,False,3,0,0,0,0,0,0,1,d786476e-bc8f-034c-0173-b12c749e471e,natives/stm/scenes/chapter/chapter3/enemy_c03_3.scn.20,None,NoUse,0,0,0,0,0,0,1
False,,Em5400,TODO,True,,,False,3,0,0,0,0,0,0,1,2266215b-0ae6-05fc-286b-c1a82a5eeb6d,natives/stm/scenes/chapter/chapter3/enemy_c03_3.scn.20,None,NoUse,0,0,0,0,0,0,1
False,,Em5400,TODO,True,,,False,3,0,0,0,0,0,0,1,c4993543-458b-0db8-316a-1eadee3270eb,natives/stm/scenes/chapter/chapter3/enemy_c03_3.scn.20,None,NoUse,0,0,0,0,0,0,1
False,,Em5400,TODO,True,,,False,3,0,0,0,0,0,0,1,6fbe797b-1c44-05f8-3b06-751f3912597c,natives/stm/scenes/chapter/chapter3/enemy_c03_3.scn.20,None,NoUse,0,0,0,0,0,0,1
False,,Em5400,TODO,True,,,False,3,0,0,0,0,0,0,1,833404f1-395f-0aec-2a15-657763442c91,natives/stm/scenes/chapter/chapter3/enemy_c03_3.scn.20,None,NoUse,0,0,0,0,0,0,1
False,,Em5400,TODO,True,,,False,3,0,0,0,0,0,0,1,7ad7ee02-9299-029d-10b8-cf8ec324fd89,natives/stm/scenes/chapter/chapter3/enemy_c03_3.scn.20,None,NoUse,0,0,0,0,0,0,1
False,,Em5400,TODO,True,,,False,3,0,0,0,0,0,0,1,702e7bf4-9f9c-0999-3789-637ca1410599,natives/stm/scenes/chapter/chapter3/enemy_c03_3.scn.20,None,NoUse,0,0,0,0,0,0,1
False,,Em5520,TODO,True,,,False,3,0,0,0,0,0,0,1,49ba1060-099d-00fa-1507-a9b92d899ac4,natives/stm/scenes/chapter/chapter3/enemy_c03_3.scn.20,None,NoUse,0,0,0,0,0,0,1
False,,Em5520,TODO,True,,,False,3,0,0,0,0,0,0,1,bccd5047-c422-081c-16d1-068fa9a7ac31,natives/stm/scenes/chapter/chapter3/enemy_c03_3.scn.20,None,NoUse,0,0,0,0,0,0,1
False,,Em5520,TODO,True,,,False,3,0,0,0,0,0,0,1,345a7bce-b318-08ac-33e3-56ca754b1446,natives/stm/scenes/chapter/chapter3/enemy_c03_3.scn.20,None,NoUse,0,0,0,0,0,0,1
False,,Em5520,TODO,True,,,False,3,0,0,0,0,0,0,1,afffe026-fe51-03d9-2676-7e5367c625ac,natives/stm/scenes/chapter/chapter3/enemy_c03_3.scn.20,None,NoUse,0,0,0,0,0,0,1
False,,Em5520,TODO,True,,,False,3,0,0,0,0,0,0,1,a34ab90a-b3d3-46e7-b559-82fd61da74a8,natives/stm/scenes/chapter/chapter3/enemy_c03_3.scn.20,None,NoUse,0,0,0,0,0,0,1
False,,Em5520,TODO,True,,,False,3,0,0,0,0,0,0,1,3e862351-1a7b-03ff-0a37-ddec3fa32ba9,natives/stm/scenes/chapter/chapter3/enemy_c03_3.scn.20,None,NoUse,0,0,0,0,0,0,1
False,,Em5520,TODO,True,,,False,3,0,0,0,0,0,0,1,c0ddfb69-3ff4-0ef7-04be-6c5565f4d36e,natives/stm/scenes/chapter/chapter3/enemy_c03_3.scn.20,None,NoUse,0,0,0,0,0,0,1
False,,Em5400,TODO,True,,,False,3,0,0,0,0,0,0,1,bb5af10b-66cc-0cf1-170d-81cdcac23cb7,natives/stm/scenes/chapter/chapter3/enemy_c03_3.scn.20,None,NoUse,0,0,0,0,0,0,1
False,,Em5400,TODO,True,,,False,3,0,0,0,0,0,0,1,cf65aad5-02ce-0c0c-3cf8-0076c2059569,natives/stm/scenes/chapter/chapter3/enemy_c03_3.scn.20,None,NoUse,0,0,0,0,0,0,1
False,,Em5400,TODO,True,,,False,3,0,0,0,0,0,0,1,9ae67f66-2a2f-000a-06c3-cda98c91cb3a,natives/stm/scenes/chapter/chapter3/enemy_c03_3.scn.20,None,NoUse,0,0,0,0,0,0,1
False,,Em5520,TODO,True,,,False,3,0,0.25,3.576278E-08,0,0,0,1,8323a442-1f4e-4972-bb20-b181f6bf8033,natives/stm/scenes/chapter/chapter3/enemy_c03_3.scn.20,None,NoUse,0,0.25,3.576278E-08,0,0,0,1
False,,Em5520,TODO,True,,,False,3,0,0.25,3.576278E-08,0,0,0,1,525a9801-79e1-4aa7-9bfb-1beade33cf0b,natives/stm/scenes/chapter/chapter3/enemy_c03_3.scn.20,None,NoUse,0,0.25,3.576278E-08,0,0,0,1
False,,Em5520,TODO,True,,,False,3,0,0.25,3.576278E-08,0,0,0,1,b477ccbb-b688-4d7d-b21b-d893aabc0f0b,natives/stm/scenes/chapter/chapter3/enemy_c03_3.scn.20,None,NoUse,0,0.25,3.576278E-08,0,0,0,1
False,,Em5400,TODO,True,,,False,3,0,-0.0788,0.04,-0.7071068,0,0,0.7071068,293daacd-602b-4d0c-b06e-0830b5ac84ae,natives/stm/scenes/chapter/chapter3/enemy_c03_3.scn.20,None,NoUse,0,-0.0788,0.04,-0.7071068,0,0,0.7071068
False,,Em5400,TODO,True,,,False,3,0,-0.0788,0.04,-0.7071068,0,0,0.7071068,610d8ae6-fd14-4a0b-b511-ef9cad1e62e0,natives/stm/scenes/chapter/chapter3/enemy_c03_3.scn.20,None,NoUse,0,-0.0788,0.04,-0.7071068,0,0,0.7071068
False,,Em5400,TODO,True,,,False,3,0,-0.0788,0.04,-0.7071068,0,0,0.7071068,f6d980cc-e492-4f28-a4b4-31f17a28e84f,natives/stm/scenes/chapter/chapter3/enemy_c03_3.scn.20,None,NoUse,0,-0.0788,0.04,-0.7071068,0,0,0.7071068
False,,Em5520,TODO,True,,,False,3,0,0.25,3.576278E-08,0,0,0,1,e7ccc099-d6ef-4f3a-90f9-3131a1413e79,natives/stm/scenes/chapter/chapter3/enemy_c03_3.scn.20,None,NoUse,0,0.25,3.576278E-08,0,0,0,1
False,,Em5520,TODO,True,,,False,3,0,0.25,3.576278E-08,0,0,0,1,862829f5-7eac-4439-ada7-abaf998454f9,natives/stm/scenes/chapter/chapter3/enemy_c03_3.scn.20,None,NoUse,0,0.25,3.576278E-08,0,0,0,1
False,,Em5520,TODO,True,,,False,3,0,0.25,3.576278E-08,0,0,0,1,e061c4da-5ae1-4c1f-9043-a6ff5f0a9682,natives/stm/scenes/chapter/chapter3/enemy_c03_3.scn.20,None,NoUse,0,0.25,3.576278E-08,0,0,0,1
False,,Em5400,TODO,True,,,False,3,0,-0.0788,0.04,-0.7071068,0,0,0.7071068,32763d43-1a70-45f6-b9de-f2cd22e8f037,natives/stm/scenes/chapter/chapter3/enemy_c03_3.scn.20,None,NoUse,0,-0.0788,0.04,-0.7071068,0,0,0.7071068
False,,Em5400,TODO,True,,,False,3,0,-0.0788,0.04,-0.7071068,0,0,0.7071068,ee2a73e8-61a5-4b5e-aa26-277197446485,natives/stm/scenes/chapter/chapter3/enemy_c03_3.scn.20,None,NoUse,0,-0.0788,0.04,-0.7071068,0,0,0.7071068
False,,Em5400,TODO,True,,,False,3,0,-0.0788,0.04,-0.7071068,0,0,0.7071068,e66b10f6-9d29-4f1c-a382-4caa9732056f,natives/stm/scenes/chapter/chapter3/enemy_c03_3.scn.20,None,NoUse,0,-0.0788,0.04,-0.7071068,0,0,0.7071068
False,,Em5520,TODO,True,,,False,3,0,0.25,3.576278E-08,0,0,0,1,65845735-2de8-446f-9099-fbd92f6c89dd,natives/stm/scenes/chapter/chapter3/enemy_c03_3.scn.20,None,NoUse,0,0.25,3.576278E-08,0,0,0,1
False,,Em5520,TODO,True,,,False,3,0,0.25,3.576278E-08,0,0,0,1,d96e4851-f66e-45c2-a069-ec7984ea8ae5,natives/stm/scenes/chapter/chapter3/enemy_c03_3.scn.20,None,NoUse,0,0.25,3.576278E-08,0,0,0,1
False,,Em5520,TODO,True,,,False,3,0,0.25,3.576278E-08,0,0,0,1,280e4d69-399e-45a9-b8a4-b2c1527b9660,natives/stm/scenes/chapter/chapter3/enemy_c03_3.scn.20,None,NoUse,0,0.25,3.576278E-08,0,0,0,1
False,,Em5400,TODO,True,,,False,3,0,-0.0788,0.04,-0.7071068,0,0,0.7071068,97faad59-96dc-43f4-a4ba-6d3fefc65cfc,natives/stm/scenes/chapter/chapter3/enemy_c03_3.scn.20,None,NoUse,0,-0.0788,0.04,-0.7071068,0,0,0.7071068
False,,Em5400,TODO,True,,,False,3,0,-0.0788,0.04,-0.7071068,0,0,0.7071068,f35a2189-e15d-48e5-b24d-523aaafc39c9,natives/stm/scenes/chapter/chapter3/enemy_c03_3.scn.20,None,NoUse,0,-0.0788,0.04,-0.7071068,0,0,0.7071068
False,,Em5400,TODO,True,,,False,3,0,-0.0788,0.04,-0.7071068,0,0,0.7071068,6e9aa029-8593-4da8-ab9b-577bdbf08262,natives/stm/scenes/chapter/chapter3/enemy_c03_3.scn.20,None,NoUse,0,-0.0788,0.04,-0.7071068,0,0,0.7071068
False,,Em5520,TODO,True,,,False,3,0,0,0,0,0,0,1,27b274e9-9af7-420c-9eee-fb28b7b1fd54,natives/stm/scenes/chapter/chapter3/enemy_c03_3.scn.20,None,NoUse,0,0,0,0,0,0,1
False,,Em5520,TODO,True,,,False,3,0,0,0,0,0,0,1,f02967c3-3b2c-4b76-8850-83cacbc99681,natives/stm/scenes/chapter/chapter3/enemy_c03_3.scn.20,None,NoUse,0,0,0,0,0,0,1
False,,Em5400,TODO,True,,,False,3,0.0743,0.1476,-0.0998,-0.7071068,0,0,0.7071068,d58bd91f-1202-479d-bf55-c62dc99f9ee0,natives/stm/scenes/chapter/chapter3/enemy_c03_3.scn.20,None,NoUse,0.0743,0.1476,-0.0998,-0.7071068,0,0,0.7071068
False,,Em5400,TODO,True,,,False,3,0.0743,0.1476,-0.0998,-0.7071068,0,0,0.7071068,89270431-6ea3-47c5-88da-c13c44a4a652,natives/stm/scenes/chapter/chapter3/enemy_c03_3.scn.20,None,NoUse,0.0743,0.1476,-0.0998,-0.7071068,0,0,0.7071068
False,,Em5400,TODO,True,,,False,3,0.0743,0.1476,-0.0998,-0.7071068,0,0,0.7071068,8aeb2baa-99cb-4321-be95-ef088d4f7593,natives/stm/scenes/chapter/chapter3/enemy_c03_3.scn.20,None,NoUse,0.0743,0.1476,-0.0998,-0.7071068,0,0,0.7071068
False,,Em5520,TODO,True,,,False,3,0,0.3,0.2,0,0,0,1,05411be7-42c0-427c-b427-7763ef5457e5,natives/stm/scenes/chapter/chapter3/enemy_c03_3.scn.20,None,NoUse,0,0.3,0.2,0,0,0,1
False,,Em5520,TODO,True,,,False,3,0,0.3,0.2,0,0,0,1,79768d4b-86ee-4f8c-bd62-e6f0d7c6ba6c,natives/stm/scenes/chapter/chapter3/enemy_c03_3.scn.20,None,NoUse,0,0.3,0.2,0,0,0,1
False,,Em5400,TODO,True,,,False,3,-0.1722,0.442,-0.19,-0.704729,-0.0579393,0.06531612,0.7040837,6db9f3c3-460c-4ccf-82f5-c5539de5f1d2,natives/stm/scenes/chapter/chapter3/enemy_c03_3.scn.20,None,NoUse,-0.1722,0.442,-0.19,-0.704729,-0.0579393,0.06531612,0.7040837
False,,Em5400,TODO,True,,,False,3,-0.1722,0.442,-0.19,-0.704729,-0.0579393,0.06531612,0.7040837,fc77c797-1f3b-4547-9512-049b710e8338,natives/stm/scenes/chapter/chapter3/enemy_c03_3.scn.20,None,NoUse,-0.1722,0.442,-0.19,-0.704729,-0.0579393,0.06531612,0.7040837
False,,Em5400,TODO,True,,,False,3,-0.1722,0.442,-0.19,-0.704729,-0.0579393,0.06531612,0.7040837,c94bf4f8-4c5b-489c-9bc2-4785005d8110,natives/stm/scenes/chapter/chapter3/enemy_c03_3.scn.20,None,NoUse,-0.1722,0.442,-0.19,-0.704729,-0.0579393,0.06531612,0.7040837
False,,Em5520,TODO,True,,,False,3,0,0.3,0.2,0,0,0,1,c9097495-9692-4b80-b6b6-2550540e3f88,natives/stm/scenes/chapter/chapter3/enemy_c03_3.scn.20,None,NoUse,0,0.3,0.2,0,0,0,1
False,,Em5520,TODO,True,,,False,3,0,0.3,0.2,0,0,0,1,a8c2322c-14d8-47e1-89ea-8afcc1067999,natives/stm/scenes/chapter/chapter3/enemy_c03_3.scn.20,None,NoUse,0,0.3,0.2,0,0,0,1
False,,Em5400,TODO,True,,,False,3,-0.1722,0.442,-0.19,-0.704729,-0.0579393,0.06531612,0.7040837,3b5f2623-6cf8-418f-b191-b3de31d1b9cd,natives/stm/scenes/chapter/chapter3/enemy_c03_3.scn.20,None,NoUse,-0.1722,0.442,-0.19,-0.704729,-0.0579393,0.06531612,0.7040837
False,,Em5400,TODO,True,,,False,3,-0.1722,0.442,-0.19,-0.704729,-0.0579393,0.06531612,0.7040837,4afa6ba6-6ea7-4573-8cc7-80015bc5158e,natives/stm/scenes/chapter/chapter3/enemy_c03_3.scn.20,None,NoUse,-0.1722,0.442,-0.19,-0.704729,-0.0579393,0.06531612,0.7040837
False,,Em5400,TODO,True,,,False,3,-0.1722,0.442,-0.19,-0.704729,-0.0579393,0.06531612,0.7040837,100338a1-c04a-4a58-82d5-63abec950c92,natives/stm/scenes/chapter/chapter3/enemy_c03_3.scn.20,None,NoUse,-0.1722,0.442,-0.19,-0.704729,-0.0579393,0.06531612,0.7040837
False,,Em5520,TODO,True,,,False,3,0,0.3,0.2,0,0,0,1,aa4c6f62-1505-4488-a0c1-21bf7f81e8f0,natives/stm/scenes/chapter/chapter3/enemy_c03_3.scn.20,None,NoUse,0,0.3,0.2,0,0,0,1
False,,Em5520,TODO,True,,,False,3,0,0.3,0.2,0,0,0,1,ab02f0f4-1841-4ac1-82e4-fce5a5941bc0,natives/stm/scenes/chapter/chapter3/enemy_c03_3.scn.20,None,NoUse,0,0.3,0.2,0,0,0,1
False,,Em5400,TODO,True,,,False,3,-0.1722,0.442,-0.19,-0.704729,-0.0579393,0.06531612,0.7040837,8b4d6b79-3553-44a1-93bd-398119e76595,natives/stm/scenes/chapter/chapter3/enemy_c03_3.scn.20,None,NoUse,-0.1722,0.442,-0.19,-0.704729,-0.0579393,0.06531612,0.7040837
False,,Em5400,TODO,True,,,False,3,-0.1722,0.442,-0.19,-0.704729,-0.0579393,0.06531612,0.7040837,8984c916-7a19-4613-8ef0-3c7d89426ac9,natives/stm/scenes/chapter/chapter3/enemy_c03_3.scn.20,None,NoUse,-0.1722,0.442,-0.19,-0.704729,-0.0579393,0.06531612,0.7040837
False,,Em5400,TODO,True,,,False,3,-0.1722,0.442,-0.19,-0.704729,-0.0579393,0.06531612,0.7040837,5d5dc65e-6fdb-412f-b70b-ed40f9123114,natives/stm/scenes/chapter/chapter3/enemy_c03_3.scn.20,None,NoUse,-0.1722,0.442,-0.19,-0.704729,-0.0579393,0.06531612,0.7040837
False,,Em5512,TODO,True,,,False,3,23.23683,1.817054,82.07755,5.338508E-08,0.7071068,0.7071068,-5.338508E-08,0bbdfc4a-4e4d-40a3-b51d-5d936aac62d9,natives/stm/scenes/chapter/chapter3/enemy_c03_3.scn.20,None,NoUse,23.23683,1.817054,82.07755,5.338508E-08,0.7071068,0.7071068,-5.338508E-08
False,,Em5512,TODO,True,,,False,3,40.8001,0.5851026,85.6993,-0.7071068,0,0,0.7071068,2168e24a-77b3-4abf-a4dd-3c8cfbbac7f3,natives/stm/scenes/chapter/chapter3/enemy_c03_3.scn.20,None,NoUse,40.8001,0.5851026,85.6993,-0.7071068,0,0,0.7071068
False,,Em5512,TODO,True,,,False,3,31.45977,-0.8394013,80.99165,5.338508E-08,0.7071068,0.7071068,-5.338508E-08,e1dc3b27-37f4-4b7a-a15c-17064e2d1f38,natives/stm/scenes/chapter/chapter3/enemy_c03_3.scn.20,None,NoUse,31.45977,-0.8394013,80.99165,5.338508E-08,0.7071068,0.7071068,-5.338508E-08
False,,Em5512,TODO,True,,,False,3,30.27426,3.250489,77.29685,0.5,0.5,0.5,-0.5,e3d77673-92d1-4fe9-8e5a-98fac64c9e30,natives/stm/scenes/chapter/chapter3/enemy_c03_3.scn.20,None,NoUse,30.27426,3.250489,77.29685,0.5,0.5,0.5,-0.5
False,,Em5512,TODO,True,,,False,3,20.47184,2.570526,79.14388,0.5,0.5,0.5,-0.5,3a45fdac-53a3-4914-be86-fb4b09e71735,natives/stm/scenes/chapter/chapter3/enemy_c03_3.scn.20,None,NoUse,20.47184,2.570526,79.14388,0.5,0.5,0.5,-0.5
False,,Em5512,TODO,True,,,False,3,28.04259,2.952742,76.80585,-0.7071068,0,0,0.7071068,212250f2-3ab2-4020-8e31-1f0beab0cc7f,natives/stm/scenes/chapter/chapter3/enemy_c03_3.scn.20,None,NoUse,28.04259,2.952742,76.80585,-0.7071068,0,0,0.7071068
False,,Em5512,TODO,True,,,False,3,16.48445,-1.019304,83.64352,0.5,0.5,0.5,-0.5,479343e2-5e1d-4482-a45e-f1d42a94ba1e,natives/stm/scenes/chapter/chapter3/enemy_c03_3.scn.20,None,NoUse,16.48445,-1.019304,83.64352,0.5,0.5,0.5,-0.5
False,,Em5512,TODO,True,,,False,3,27.39093,-0.6481282,77.12384,-0.7071068,0,0,0.7071068,bd888858-c122-44d2-bafa-3e25c3108141,natives/stm/scenes/chapter/chapter3/enemy_c03_3.scn.20,None,NoUse,27.39093,-0.6481282,77.12384,-0.7071068,0,0,0.7071068
False,,Em5512,TODO,True,,,False,3,19.00759,0.2604946,73.94665,-0.7067207,-5.338969E-08,0.7074926,5.338049E-08,2d144fb4-6d1e-0c59-2bc5-28899889a10c,natives/stm/scenes/chapter/chapter3/enemy_c03_3.scn.20,None,NoUse,19.00759,0.2604946,73.94665,-0.7067207,-5.338969E-08,0.7074926,5.338049E-08
False,,Em5510,TODO,True,,,False,3,-38.38385,-0.1670184,84.12063,0.7962671,-1.204581E-08,-0.6049452,-5.640135E-08,d236f4f0-74fb-4f6d-a328-df1a3ea0f5bf,natives/stm/scenes/chapter/chapter3/enemy_c03_3.scn.20,None,NoUse,-38.38385,-0.1670184,84.12063,0.7962671,-1.204581E-08,-0.6049452,-5.640135E-08
False,,Em5520,TODO,True,,,False,3,-25.77098,-1.530869,89.19251,0,-0.5949258,0,0.8037807,c1ee75de-f85a-07a4-31db-6946d12ea4da,natives/stm/scenes/chapter/chapter3/enemy_c03_3.scn.20,None,NoUse,-25.77098,-1.530869,89.19251,0,-0.5949258,0,0.8037807
False,,Em5400,TODO,True,,,False,3,-40.7096,-1.421201,93.83501,-0.4555488,0.4535517,-0.5094016,0.5720806,33c6d4fd-dd55-0337-32c2-44ebac677eaa,natives/stm/scenes/chapter/chapter3/enemy_c03_3.scn.20,None,NoUse,-40.7096,-1.421201,93.83501,-0.4555488,0.4535517,-0.5094016,0.5720806
False,,Em5400,TODO,True,,,False,3,-43.49297,-2.159701,92.87856,0,0,0.565599,0.8246804,8100a04d-c054-0134-27d7-cf82bf486023,natives/stm/scenes/chapter/chapter3/enemy_c03_3.scn.20,None,NoUse,-43.49297,-2.159701,92.87856,0,0,0.565599,0.8246804
False,,Em5400,TODO,True,,,False,3,-41.58521,-3.143222,92.53095,0,-0.32471,0,0.9458137,55fff10d-9b77-0e92-2a24-414b4db61d90,natives/stm/scenes/chapter/chapter3/enemy_c03_3.scn.20,None,NoUse,-41.58521,-3.143222,92.53095,0,-0.32471,0,0.9458137
False,,Em5400,TODO,True,,,True,3,-6.791966,-1.574071,76.19901,0.06864078,0.701941,0.7052535,-0.07200553,7a200b5f-b6ee-0963-1263-b8a27dd86ed4,natives/stm/scenes/chapter/chapter3/enemy_c03_3.scn.20,None,NoUse,-6.791966,-1.574071,76.19901,0.06864078,0.701941,0.7052535,-0.07200553
False,,Em5400,TODO,True,,,True,3,-5.243286,-1.629113,79.0127,0,0,0,1,fd5b74b8-1feb-00e6-3c1c-ec1aff1908a8,natives/stm/scenes/chapter/chapter3/enemy_c03_3.scn.20,None,NoUse,-5.243286,-1.629113,79.0127,0,0,0,1
False,,Em5400,TODO,True,,,True,3,-3.005389,-2.952795,77.62164,-8.163272E-08,0.3914947,-3.110806E-08,0.9201804,21f8ddab-775e-07a9-1edc-392656e24eaa,natives/stm/scenes/chapter/chapter3/enemy_c03_3.scn.20,None,NoUse,-3.005389,-2.952795,77.62164,-8.163272E-08,0.3914947,-3.110806E-08,0.9201804
False,,Em5400,TODO,True,,,True,3,1.863469,-4.33924,77.87474,0,-0.4422704,0,0.8968818,2bbe6e37-dde4-0ac1-3e90-ea29e9af6c04,natives/stm/scenes/chapter/chapter3/enemy_c03_3.scn.20,None,NoUse,1.863469,-4.33924,77.87474,0,-0.4422704,0,0.8968818
False,,Em5520,TODO,True,,,False,3,-35.12111,-1.806952,85.43494,0,0,-2.842171E-14,1,b32f040b-af5e-45f2-819c-70691af15ff7,natives/stm/scenes/chapter/chapter3/enemy_c03_3.scn.20,None,NoUse,-35.12111,-1.806952,85.43494,0,0,-2.842171E-14,1
False,,Em5520,TODO,True,,,False,3,-35.07719,-2.012011,85.65033,0,0,-2.842171E-14,1,0a14beb1-3ba8-4d31-83f3-8f3283ca70f1,natives/stm/scenes/chapter/chapter3/enemy_c03_3.scn.20,None,NoUse,-35.07719,-2.012011,85.65033,0,0,-2.842171E-14,1
False,,Em5520,TODO,True,,,False,3,-21.59139,-0.9473134,75.05175,0,0,-2.842171E-14,1,8fbc1261-75a9-4877-b300-95853f6aac85,natives/stm/scenes/chapter/chapter3/enemy_c03_3.scn.20,None,NoUse,-21.59139,-0.9473134,75.05175,0,0,-2.842171E-14,1
False,,Em5510,TODO,True,,,False,3,-21.76281,-0.1986823,76.87978,0.3240388,-0.0040348,0.9459812,-0.01010956,517cf3b1-94db-47cd-972e-297d983dc10d,natives/stm/scenes/chapter/chapter3/enemy_c03_3.scn.20,None,NoUse,-21.76281,-0.1986823,76.87978,0.3240388,-0.0040348,0.9459812,-0.01010956
False,,Em5400,TODO,True,,,False,3,21.51059,-2.950002,72.07991,0,0,0,1,3e32e2d5-99f7-0447-3b33-ccd749f31418,natives/stm/scenes/chapter/chapter3/enemy_c03_3.scn.20,None,NoUse,21.51059,-2.950002,72.07991,0,0,0,1
False,,Em5400,TODO,True,,,False,3,22.21622,-1.358492,71.60973,0,0,0,1,c2753925-7395-0866-24c9-24e18ae4d270,natives/stm/scenes/chapter/chapter3/enemy_c03_3.scn.20,None,NoUse,22.21622,-1.358492,71.60973,0,0,0,1
False,,Em5510,TODO,True,,,False,3,-24.24473,-1.832955,85.95535,0.2596029,0,0,0.9657155,f724c083-c992-409c-b00c-f7af728988cf,natives/stm/scenes/chapter/chapter3/enemy_c03_3.scn.20,None,NoUse,-24.24473,-1.832955,85.95535,0.2596029,0,0,0.9657155
False,,Em5400,TODO,True,,,False,3,-26.33933,-0.8354293,80.98486,0.6634032,0.2812106,0.2979491,0.6261335,b8a87758-1812-4948-a353-16d276aa40ff,natives/stm/scenes/chapter/chapter3/enemy_c03_3.scn.20,None,NoUse,-26.33933,-0.8354293,80.98486,0.6634032,0.2812106,0.2979491,0.6261335
False,,Em5400,TODO,True,,,False,3,-22.84181,-1.018633,81.00032,0.6677831,-0.2718189,-0.2879986,0.6302674,2a8f8d1c-72c7-0937-1245-53d1fd74ac67,natives/stm/scenes/chapter/chapter3/enemy_c03_3.scn.20,None,NoUse,-22.84181,-1.018633,81.00032,0.6677831,-0.2718189,-0.2879986,0.6302674
False,,Em5520,TODO,True,,,False,3,-24.62449,-1.518968,86.36905,-6.115655E-08,0.8026544,-6.115655E-08,0.5964444,bdc77f2e-f8c4-4ced-964e-b0b349ca3752,natives/stm/scenes/chapter/chapter3/enemy_c03_3.scn.20,None,NoUse,-24.62449,-1.518968,86.36905,-6.115655E-08,0.8026544,-6.115655E-08,0.5964444
False,,Em5400,TODO,True,,,True,3,-29.42764,-1.713528,87.80618,0,0,0,1,68b1faf9-cc79-0da7-38c9-bad0525d4433,natives/stm/scenes/chapter/chapter3/enemy_c03_3.scn.20,None,NoUse,-29.42764,-1.713528,87.80618,0,0,0,1
False,,Em5400,TODO,True,,,True,3,-31.33223,-2.023429,87.99112,0,0,0,1,0970aa93-7089-03ae-191c-6345df76796c,natives/stm/scenes/chapter/chapter3/enemy_c03_3.scn.20,None,NoUse,-31.33223,-2.023429,87.99112,0,0,0,1
False,,Em5400,TODO,True,,,True,3,-24.60089,-2.191523,89.66711,0,0,0,1,8736f846-eb4b-029e-1166-7dea99a974c7,natives/stm/scenes/chapter/chapter3/enemy_c03_3.scn.20,None,NoUse,-24.60089,-2.191523,89.66711,0,0,0,1
False,,Em5400,TODO,True,,,True,3,-24.42004,-2.081536,88.30729,0,0,0,1,d869a592-244c-0dc5-066e-7f582509b51e,natives/stm/scenes/chapter/chapter3/enemy_c03_3.scn.20,None,NoUse,-24.42004,-2.081536,88.30729,0,0,0,1
False,,Em5400,TODO,True,,,False,3,-40.776,-2.383052,89.38927,-0.00451076,-0.376138,0.01309345,0.9264612,7b06119c-82ed-0d09-161e-36ef7cf6c941,natives/stm/scenes/chapter/chapter3/enemy_c03_3.scn.20,None,NoUse,-40.776,-2.383052,89.38927,-0.00451076,-0.376138,0.01309345,0.9264612
False,,Em5400,TODO,True,,,False,3,-55.63835,-1.975596,91.99548,-6.046075E-08,0.8389088,-6.046075E-08,0.544272,3969186a-f99a-02a0-35da-5144a8e1e3db,natives/stm/scenes/chapter/chapter3/enemy_c03_3.scn.20,None,NoUse,-55.63835,-1.975596,91.99548,-6.046075E-08,0.8389088,-6.046075E-08,0.544272
False,,Em5400,TODO,True,,,False,3,-58.29514,-1.776183,91.89624,0.5705885,0.6010138,0.3634393,-0.4255856,2ae4243e-e265-0576-109c-6c87d4011ad4,natives/stm/scenes/chapter/chapter3/enemy_c03_3.scn.20,None,NoUse,-58.29514,-1.776183,91.89624,0.5705885,0.6010138,0.3634393,-0.4255856
False,,Em5511,TODO,True,,,False,3,-43.46451,-1.872746,94.30675,-0.02560975,0.999672,-7.43537E-08,-4.563053E-08,9d57f64e-e026-0d87-00ab-37716d932302,natives/stm/scenes/chapter/chapter3/enemy_c03_3.scn.20,None,NoUse,-43.46451,-1.872746,94.30675,-0.02560975,0.999672,-7.43537E-08,-4.563053E-08
False,,Em5520,TODO,True,,,False,3,-36.9608,-0.8053052,81.16222,0,0,-2.842171E-14,1,d77c2464-8e75-4745-84ae-d7fa0dc923e3,natives/stm/scenes/chapter/chapter3/enemy_c03_3.scn.20,None,NoUse,-36.9608,-0.8053052,81.16222,0,0,-2.842171E-14,1
False,,Em5510,TODO,True,,,False,3,-32.8162,-0.8406821,75.85558,-0.5542643,0,0,0.8323407,dd419b3e-7d68-0d18-303b-32088c1eea41,natives/stm/scenes/chapter/chapter3/enemy_c03_3.scn.20,None,NoUse,-32.8162,-0.8406821,75.85558,-0.5542643,0,0,0.8323407
False,,Em5520,TODO,True,,,False,3,-36.44119,-1.600516,76.73051,0,0,-5.684342E-14,1,45420c92-c67b-4165-8bcc-bd2a0bc4c480,natives/stm/scenes/chapter/chapter3/enemy_c03_3.scn.20,None,NoUse,-36.44119,-1.600516,76.73051,0,0,-5.684342E-14,1
False,,Em5520,TODO,True,,,False,3,-36.07585,-1.358864,75.18414,0,0,-2.842171E-14,1,aedd2587-a521-40f9-9a8c-0213aec22cbc,natives/stm/scenes/chapter/chapter3/enemy_c03_3.scn.20,None,NoUse,-36.07585,-1.358864,75.18414,0,0,-2.842171E-14,1
False,,Em5511,TODO,True,,,False,3,-37.74415,-2.059242,76.70515,-9.027249E-08,5.450901E-08,-0.239809,0.9708201,1659f50d-3b18-4a89-95d8-f0f106034be9,natives/stm/scenes/chapter/chapter3/enemy_c03_3.scn.20,None,NoUse,-37.74415,-2.059242,76.70515,-9.027249E-08,5.450901E-08,-0.239809,0.9708201
False,,Em5400,TODO,True,,,False,3,-20.11212,-1.09827,74.28374,-0.1324011,0.6833206,0.6960367,-0.1762831,30029043-c3f1-4709-a58c-58219538aa86,natives/stm/scenes/chapter/chapter3/enemy_c03_3.scn.20,None,NoUse,-20.11212,-1.09827,74.28374,-0.1324011,0.6833206,0.6960367,-0.1762831
False,,Em5400,TODO,True,,,False,3,-20.3023,-1.507285,79.949,-0.4120834,-0.3964819,0.5967669,0.5629019,4365f568-aa00-4670-9c81-56b4f2db9a7e,natives/stm/scenes/chapter/chapter3/enemy_c03_3.scn.20,None,NoUse,-20.3023,-1.507285,79.949,-0.4120834,-0.3964819,0.5967669,0.5629019
False,,Em5400,TODO,True,,,False,3,-23.35793,-1.038712,79.93584,-0.6823812,0.1853535,-0.1853533,0.6823812,c3c46364-0d23-487c-aecc-95077b858e24,natives/stm/scenes/chapter/chapter3/enemy_c03_3.scn.20,None,NoUse,-23.35793,-1.038712,79.93584,-0.6823812,0.1853535,-0.1853533,0.6823812
False,,Em4000,TODO,True,,,True,3,-33.94102,-5.22868,9.544123,-5.050736E-08,9.626742E-16,1.906008E-08,1,0e33a4f2-ef36-4c26-8be4-8c635f486a3f,natives/stm/scenes/chapter/chapter3/chapter3_2/moldeads.scn.20,None,NoUse,-33.94102,-5.22868,9.544123,-5.050736E-08,9.626742E-16,1.906008E-08,1
False,,Em4000,TODO,True,,,True,3,-38.00505,-5.207188,18.74545,5.084584E-08,0.9997364,-1.813783E-08,-0.02295872,5de3fbd7-1057-4e3e-ba6e-30ad09f49ba9,natives/stm/scenes/chapter/chapter3/chapter3_2/moldeads.scn.20,None,NoUse,-38.00505,-5.207188,18.74545,5.084584E-08,0.9997364,-1.813783E-08,-0.02295872
False,,Em4000,TODO,True,,,True,3,-23.27963,-2.23,10.98268,-7.764328E-09,0.6995392,-1.125363E-07,0.7145942,0c4997a2-7941-46c7-bb82-5df70057e10e,natives/stm/scenes/chapter/chapter3/chapter3_2/moldeads.scn.20,None,NoUse,-23.27963,-2.23,10.98268,-7.764328E-09,0.6995392,-1.125363E-07,0.7145942
False,,Em4000,TODO,True,,,False,3,-17.8298,-5.13654,-1.656075,0,-0.6781945,0,0.7348824,7e8b9f51-4106-076f-0372-bd1afb248afc,natives/stm/scenes/chapter/chapter3/chapter3_2/moldeads.scn.20,None,NoUse,-17.8298,-5.13654,-1.656075,0,-0.6781945,0,0.7348824
False,,Em4000,TODO,True,,,True,3,-23.79951,-5.218375,-1.259193,8.403606E-09,-0.2390437,-5.661159E-08,0.9710088,48d4c160-29da-4ab6-b325-53ec6bb413af,natives/stm/scenes/chapter/chapter3/chapter3_2/moldeads.scn.20,None,NoUse,-23.79951,-5.218375,-1.259193,8.403606E-09,-0.2390437,-5.661159E-08,0.9710088
False,,Em4000,TODO,True,,,True,3,-19.25535,-5.234065,6.778811,7.649484E-08,0.9979995,-5.985329E-08,-0.06322107,20667f34-4768-4ceb-885b-6462bbf5fc3c,natives/stm/scenes/chapter/chapter3/chapter3_2/moldeads.scn.20,None,NoUse,-19.25535,-5.234065,6.778811,7.649484E-08,0.9979995,-5.985329E-08,-0.06322107
False,,Em4000,TODO,True,,,False,3,-24.09753,-5.253499,-3.65303,-8.653955E-08,-0.6714292,-2.326284E-08,0.7410687,906c1b1c-afe1-4957-b08a-fbc43bad5d6c,natives/stm/scenes/chapter/chapter3/chapter3_2/moldeads.scn.20,None,NoUse,-24.09753,-5.253499,-3.65303,-8.653955E-08,-0.6714292,-2.326284E-08,0.7410687
False,,Em4000,TODO,True,,,False,3,-33.97816,-5.963778,5.304912,7.329939E-08,0.9013541,-4.894809E-08,0.4330828,5a3c5c49-6aad-4420-9700-dc04d0288241,natives/stm/scenes/chapter/chapter3/chapter3_2/moldeads.scn.20,None,NoUse,-33.97816,-5.963778,5.304912,7.329939E-08,0.9013541,-4.894809E-08,0.4330828
False,,Em4000,TODO,True,,,False,3,-24.70245,-5.212523,18.86619,-5.044079E-08,0.7267126,-1.180799E-07,0.6869416,f5a6aa67-1600-491b-8648-1eead80acb0f,natives/stm/scenes/chapter/chapter3/chapter3_2/moldeads.scn.20,None,NoUse,-24.70245,-5.212523,18.86619,-5.044079E-08,0.7267126,-1.180799E-07,0.6869416
False,,Em4000,TODO,True,,,False,3,-35.53385,-5.247502,13.61113,-2.403988E-08,-0.696298,-8.730636E-08,0.7177528,b4c531c2-c8ef-0d4c-204c-254417e0b21e,natives/stm/scenes/chapter/chapter3/chapter3_2/moldeads.scn.20,None,NoUse,-35.53385,-5.247502,13.61113,-2.403988E-08,-0.696298,-8.730636E-08,0.7177528
False,,Em4000,TODO,True,,,False,3,-32.15349,-5.25,12.28096,0,0,0,1,f9a11611-fbe0-42e8-9bdb-7c81fc0ffa8b,natives/stm/scenes/chapter/chapter3/chapter3_2/moldeads.scn.20,None,NoUse,-32.15349,-5.25,12.28096,0,0,0,1
False,,Em4000,TODO,True,,,False,3,-28.80678,-5.108703,16.47447,0,-0.7958226,0,0.6055299,57f1b57b-48f2-0bbd-2706-7dfbd253d069,natives/stm/scenes/chapter/chapter3/chapter3_2/moldeads.scn.20,None,NoUse,-28.80678,-5.108703,16.47447,0,-0.7958226,0,0.6055299
False,,Em4000,TODO,True,,,False,3,-13.56653,0.1373206,9.600595,-4.248079E-08,0.999656,4.640796E-08,0.02622645,68bae201-5696-0295-2043-ce61534b852c,natives/stm/scenes/chapter/chapter3/chapter3_2/moldeads.scn.20,None,NoUse,-13.56653,0.1373206,9.600595,-4.248079E-08,0.999656,4.640796E-08,0.02622645
False,,Em4000,TODO,True,,,True,3,-5.980371,-2.967874,87.81966,9.024083E-08,0.9936592,-6.545893E-08,-0.112434,26081dfd-22e8-4da6-8e20-84d44bf5f2a4,natives/stm/scenes/chapter/chapter3/chapter3_3/moldeads.scn.20,None,NoUse,-5.980371,-2.967874,87.81966,9.024083E-08,0.9936592,-6.545893E-08,-0.112434
False,,Em4000,TODO,True,,,True,3,-17.60583,-2.93354,82.99615,8.230887E-08,1,-7.519006E-08,-4.371138E-08,7adbf49c-7151-499e-8364-4c8b6ac5fc0e,natives/stm/scenes/chapter/chapter3/chapter3_3/moldeads.scn.20,None,NoUse,-17.60583,-2.93354,82.99615,8.230887E-08,1,-7.519006E-08,-4.371138E-08
False,,Em4000,TODO,True,,,True,3,-26.1773,-2.914421,84.0293,7.458263E-08,0.9952319,-8.285972E-08,0.09753689,db785add-5697-4456-95bc-45477c860e7b,natives/stm/scenes/chapter/chapter3/chapter3_3/moldeads.scn.20,None,NoUse,-26.1773,-2.914421,84.0293,7.458263E-08,0.9952319,-8.285972E-08,0.09753689
False,,Em4000,TODO,True,,,False,3,-10.67538,0.8499982,88.63301,7.882987E-08,0.99898,-7.882987E-08,-0.04515309,10d302db-2697-4eae-be7c-0bfa455d3220,natives/stm/scenes/chapter/chapter3/chapter3_3/moldeads.scn.20,None,NoUse,-10.67538,0.8499982,88.63301,7.882987E-08,0.99898,-7.882987E-08,-0.04515309
False,,Em4000,TODO,True,,,False,3,-11.76907,3.9152,77.47992,1.602215E-09,-0.7251964,1.602215E-09,0.688542,4d95c5a8-4052-049f-06c8-842ba6f3340b,natives/stm/scenes/chapter/chapter3/chapter3_3/moldeads.scn.20,None,NoUse,-11.76907,3.9152,77.47992,1.602215E-09,-0.7251964,1.602215E-09,0.688542
False,,Em4000,TODO,True,,,False,3,-28.16641,0.8500013,83.06771,1.86956E-09,-0.7193798,1.86956E-09,0.6946169,8f3b1828-c825-4818-81c6-c89d49e0b42b,natives/stm/scenes/chapter/chapter3/chapter3_3/moldeads.scn.20,None,NoUse,-28.16641,0.8500013,83.06771,1.86956E-09,-0.7193798,1.86956E-09,0.6946169
False,,Em4000,TODO,True,,,False,3,103.0561,-0.5061,78.07079,8.9088E-10,-0.7172239,8.9088E-10,0.6968428,d96ae271-8fe6-40f2-892e-fb3c4a5e9540,natives/stm/scenes/chapter/chapter3/chapter3_5/moldeads.scn.20,None,NoUse,103.0561,-0.5061,78.07079,8.9088E-10,-0.7172239,8.9088E-10,0.6968428
False,,Em4000,TODO,True,,,False,3,61.52174,-1.006176,52.66271,-0.0004000962,0.3031037,-0.005297415,0.9529431,6909676d-9846-49b2-8afb-8e5226a8fcc7,natives/stm/scenes/chapter/chapter3/chapter3_5/moldeads.scn.20,None,NoUse,61.52174,-1.006176,52.66271,-0.0004000962,0.3031037,-0.005297415,0.9529431
False,,Em4000,TODO,True,,,False,3,63.26227,-0.8085849,59.43047,0,-0.2633806,0,0.964692,563f651e-9dbc-4d80-be71-e5d7acd6e4a9,natives/stm/scenes/chapter/chapter3/chapter3_5/moldeads.scn.20,None,NoUse,63.26227,-0.8085849,59.43047,0,-0.2633806,0,0.964692
False,,Em4000,TODO,True,,,False,3,62.32269,-0.7904048,56.48995,0,0.0375786,0,0.9992937,55f028a5-fea4-4ef0-b878-2722faa18a95,natives/stm/scenes/chapter/chapter3/chapter3_5/moldeads.scn.20,None,NoUse,62.32269,-0.7904048,56.48995,0,0.0375786,0,0.9992937
False,,Em4100,TODO,True,,,False,3,93.39403,-3.412237,82.99128,-1.150166E-07,-0.6728428,3.900416E-09,0.7397855,0c5ca645-cb64-40b3-bea4-ec13f56f2e17,natives/stm/scenes/chapter/chapter3/chapter3_5/moldeads.scn.20,None,NoUse,93.39403,-3.412237,82.99128,-1.150166E-07,-0.6728428,3.900416E-09,0.7397855
False,,Em4100,TODO,True,,,False,3,65.61111,-2.989695,89.91075,-3.525657E-08,0.791824,3.525657E-08,0.6107492,e55a795a-1ea2-415e-aab0-23ff4260c834,natives/stm/scenes/chapter/chapter3/chapter3_5/moldeads.scn.20,None,NoUse,65.61111,-2.989695,89.91075,-3.525657E-08,0.791824,3.525657E-08,0.6107492
False,,Em4000,TODO,True,,,False,3,63.62925,-3.522738,67.00066,0,0.3951991,0,0.9185955,bdf15502-6dab-4351-99b1-55c998882d9b,natives/stm/scenes/chapter/chapter3/chapter3_5/moldeads.scn.20,None,NoUse,63.62925,-3.522738,67.00066,0,0.3951991,0,0.9185955
False,,Em4000,TODO,True,,,False,3,66.88634,-2.923699,73.10728,0,0.3206932,0,0.9471831,683e1507-3f34-4514-a91c-d0551c763a72,natives/stm/scenes/chapter/chapter3/chapter3_5/moldeads.scn.20,None,NoUse,66.88634,-2.923699,73.10728,0,0.3206932,0,0.9471831
False,,Em4100,TODO,True,Madhouse,,False,3,-33.86429,-5.229162,9.319563,0,0.700048,0,0.7140958,7734d7e8-ddbe-4409-bf07-686cf36b5ac5,natives/stm/scenes/chapter/chapter3/chapter3_2/hard.scn.20,None,NoUse,-33.86429,-5.229162,9.319563,0,0.700048,0,0.7140958
False,,Em4100,TODO,True,Madhouse,,False,3,-19.19227,-5.237348,5.349386,0,0.8109711,0,0.5850863,91bc715f-17dc-498f-913c-458a68b88a45,natives/stm/scenes/chapter/chapter3/chapter3_2/hard.scn.20,None,NoUse,-19.19227,-5.237348,5.349386,0,0.8109711,0,0.5850863
False,,Em4100,TODO,True,Madhouse,,False,3,-13.83487,-0.0009752512,22.9961,0,0.7305769,0,0.6828304,312182f2-6c07-0df3-1abf-f73cc7f57e6f,natives/stm/scenes/chapter/chapter3/chapter3_2/hard.scn.20,None,NoUse,-13.83487,-0.0009752512,22.9961,0,0.7305769,0,0.6828304
False,,Em4000,TODO,True,,,False,4,-64.07351,-32.7893,-167.8828,-0.0006568874,-0.03115376,-0.00361343,0.9995078,0a14146d-f01e-4b48-b427-687bdfb79023,natives/stm/scenes/chapter/chapter4/chapter4_2/moldeads.scn.20,None,NoUse,-64.07351,-32.7893,-167.8828,-0.0006568874,-0.03115376,-0.00361343,0.9995078
False,,Em4000,TODO,True,,,True,4,-52.78682,-27.88528,-164.6214,0.003424076,0.9755929,-0.001328186,0.2195565,a7972438-f644-4f39-b496-813f01db1ce8,natives/stm/scenes/chapter/chapter4/chapter4_2/moldeads.scn.20,None,NoUse,-52.78682,-27.88528,-164.6214,0.003424076,0.9755929,-0.001328186,0.2195565
False,,Em4000,TODO,True,,,True,4,-50.32705,-24.5,-173.2523,0,-0.8630741,0,0.5050774,f5b05a49-fdca-0b53-10d7-0a092d1d9f9b,natives/stm/scenes/chapter/chapter4/chapter4_2/moldeads.scn.20,None,NoUse,-50.32705,-24.5,-173.2523,0,-0.8630741,0,0.5050774
False,,Em4100,TODO,True,,,True,4,-52.74355,-29.75169,-175.0583,-0.003777926,-0.6697584,0.00688862,0.7425375,e5cd4de5-94ba-4c8a-bb40-83a34abdad26,natives/stm/scenes/chapter/chapter4/chapter4_2/moldeads.scn.20,None,NoUse,-52.74355,-29.75169,-175.0583,-0.003777926,-0.6697584,0.00688862,0.7425375
False,,Em4000,TODO,True,,,True,4,-54.9067,-27.74231,-166.9664,0.00120322,0.4639449,-0.003469962,0.8858564,44e2b5f9-8dfb-0529-2b65-3245c63d6c78,natives/stm/scenes/chapter/chapter4/chapter4_2/moldeads.scn.20,None,NoUse,-54.9067,-27.74231,-166.9664,0.00120322,0.4639449,-0.003469962,0.8858564
False,,Em4000,TODO,True,,,True,4,-56.92169,-34.70515,-160.9142,-1.322809E-07,0.6358506,-3.309402E-08,0.7718121,c151126a-3936-4009-bf20-7c2649090797,natives/stm/scenes/chapter/chapter4/chapter4_2/moldeads.scn.20,None,NoUse,-56.92169,-34.70515,-160.9142,-1.322809E-07,0.6358506,-3.309402E-08,0.7718121
False,,Em4000,TODO,True,,,True,4,-51.84055,-29,-168.7387,0,0.9459544,0,-0.3242997,85348bdc-f658-02ac-30d6-16e9d862b540,natives/stm/scenes/chapter/chapter4/chapter4_2/moldeads.scn.20,None,NoUse,-51.84055,-29,-168.7387,0,0.9459544,0,-0.3242997
False,,Em4100,TODO,True,,,True,4,-46.8499,-36.45446,-175.7806,-0.02252947,0.05962962,0.004286407,0.9979571,4e616997-fa55-46b9-86f0-de8f9781d389,natives/stm/scenes/chapter/chapter4/chapter4_2/moldeads.scn.20,None,NoUse,-46.8499,-36.45446,-175.7806,-0.02252947,0.05962962,0.004286407,0.9979571
False,,Em4000,TODO,True,,,False,4,-56.64279,-42.97414,-165.0197,0,0.9928307,0,-0.1195292,ff2d7fc5-e496-0bed-0368-73cf260ec834,natives/stm/scenes/chapter/chapter4/chapter4_2/moldeads.scn.20,None,NoUse,-56.64279,-42.97414,-165.0197,0,0.9928307,0,-0.1195292
False,,Em4000,TODO,True,,,False,4,-66.34124,-38.87464,-167.2176,-0.03380706,0.01877392,-0.009383751,0.999208,f75a4fcb-91a9-4cbc-b7f7-efa8167ed1ea,natives/stm/scenes/chapter/chapter4/chapter4_2/moldeads.scn.20,None,NoUse,-66.34124,-38.87464,-167.2176,-0.03380706,0.01877392,-0.009383751,0.999208
False,,Em4000,TODO,True,,,False,4,-58.45457,-42.90772,-163.9731,-4.36939E-08,0.9872609,-7.446376E-09,-0.1591099,fc3e10da-330d-4f88-af5b-76a0f45d9faa,natives/stm/scenes/chapter/chapter4/chapter4_2/moldeads.scn.20,None,NoUse,-58.45457,-42.90772,-163.9731,-4.36939E-08,0.9872609,-7.446376E-09,-0.1591099
False,,Em4000,TODO,True,,,False,4,6.034986,-40.50501,-131.7157,0,0.9035352,0,0.4285139,e3f79f54-030b-0b9d-3f57-de0b93359f06,natives/stm/scenes/chapter/chapter4/chapter4_2/moldeads.scn.20,None,NoUse,6.034986,-40.50501,-131.7157,0,0.9035352,0,0.4285139
False,,Em4000,TODO,True,,,False,4,5.967135,-41.48642,-136.7738,0.001574353,0.9881497,-0.05132836,-0.1446499,f722c2ba-6a14-0135-2dc6-d5813d40dde7,natives/stm/scenes/chapter/chapter4/chapter4_2/moldeads.scn.20,None,NoUse,5.967135,-41.48642,-136.7738,0.001574353,0.9881497,-0.05132836,-0.1446499
False,,Em4000,TODO,True,,,False,4,-7.064889,-41.27227,-141.5148,-3.677373E-08,0.1727915,5.24301E-08,0.9849584,3fc0c3dd-bfcd-424e-ae39-9a077da22530,natives/stm/scenes/chapter/chapter4/chapter4_2/moldeads.scn.20,None,NoUse,-7.064889,-41.27227,-141.5148,-3.677373E-08,0.1727915,5.24301E-08,0.9849584
False,,Em4100,TODO,True,,,True,4,-10.44999,-35.74124,-123.4113,0,-0.8294582,0,0.5585688,1b0a4240-f4a8-036b-3560-d904118095b9,natives/stm/scenes/chapter/chapter4/chapter4_2/moldeads.scn.20,None,NoUse,-10.44999,-35.74124,-123.4113,0,-0.8294582,0,0.5585688
False,,Em4100,TODO,True,,,True,4,-14.50327,-30.59802,-104.4594,-0.007396409,-0.008706258,0.002649337,0.9999312,3ce029e8-9b6c-4d08-9751-ab86df95ec1e,natives/stm/scenes/chapter/chapter4/chapter4_2/moldeads.scn.20,None,NoUse,-14.50327,-30.59802,-104.4594,-0.007396409,-0.008706258,0.002649337,0.9999312
False,,Em4000,TODO,True,,,True,4,-5.945535,-34.68237,-123.773,-4.438311E-08,0.2408977,5.156384E-08,0.9705505,710b5a2a-7aa6-43ab-8c3f-e3953a3e5a6c,natives/stm/scenes/chapter/chapter4/chapter4_2/moldeads.scn.20,None,NoUse,-5.945535,-34.68237,-123.773,-4.438311E-08,0.2408977,5.156384E-08,0.9705505
False,,Em4000,TODO,True,,,True,4,-5.062546,-34.2966,-122.411,-4.741258E-08,-0.02353421,7.186475E-08,0.999723,f09f3b6d-1579-4431-a2ed-fe0f3331df9f,natives/stm/scenes/chapter/chapter4/chapter4_2/moldeads.scn.20,None,NoUse,-5.062546,-34.2966,-122.411,-4.741258E-08,-0.02353421,7.186475E-08,0.999723
False,,Em4000,TODO,True,,,False,4,47.5225,0.9330094,-82.47379,0,-0.6635032,0,0.7481734,3353a1c4-639c-008a-3634-b86622e88873,natives/stm/scenes/chapter/chapter4/chapter4_2/moldeads.scn.20,None,NoUse,47.5225,0.9330094,-82.47379,0,-0.6635032,0,0.7481734
False,,Em4000,TODO,True,,,False,4,57.92354,1.101,-78.4286,0,-0.8049959,0,0.5932804,865d27e1-c3fa-0f4d-2e7e-5365b586d6e2,natives/stm/scenes/chapter/chapter4/chapter4_2/moldeads.scn.20,None,NoUse,57.92354,1.101,-78.4286,0,-0.8049959,0,0.5932804
False,,Em4000,TODO,True,,,False,4,43.41993,1.866017,-71.20582,0,-0.4130031,0,0.9107296,db829263-5440-07f4-39d8-5a95b86b338a,natives/stm/scenes/chapter/chapter4/chapter4_2/moldeads.scn.20,None,NoUse,43.41993,1.866017,-71.20582,0,-0.4130031,0,0.9107296
False,,Em4000,TODO,True,,,False,4,43.3842,0.6180553,-67.19794,0,0.6821995,0,0.7311661,2f0689ed-82cc-00bd-21f5-473ad90422db,natives/stm/scenes/chapter/chapter4/chapter4_2/moldeads.scn.20,None,NoUse,43.3842,0.6180553,-67.19794,0,0.6821995,0,0.7311661
False,,Em4000,TODO,True,,,False,4,35.53874,0.4500275,-67.53374,0,0.5421128,0,0.8403057,dd7a1465-3d61-4641-8626-3a94e80e10ef,natives/stm/scenes/chapter/chapter4/chapter4_2/moldeads.scn.20,None,NoUse,35.53874,0.4500275,-67.53374,0,0.5421128,0,0.8403057
False,,Em4000,TODO,True,,,False,4,49.78194,0.9809437,-74.54431,0,-0.7178786,0,0.6961683,7d65eadc-4c54-0c68-315b-bf6f914fe60d,natives/stm/scenes/chapter/chapter4/chapter4_2/moldeads.scn.20,None,NoUse,49.78194,0.9809437,-74.54431,0,-0.7178786,0,0.6961683
False,,Em4000,TODO,True,,,False,4,86.82008,27.4,27.38083,-6.14401E-08,0.7807822,-6.14401E-08,0.6248034,377e7874-04d6-413e-ad18-3f86de4ae538,natives/stm/scenes/chapter/ff050/enemy_ff050.scn.20,None,NoUse,86.82008,27.4,27.38083,-6.14401E-08,0.7807822,-6.14401E-08,0.6248034
False,,Em4000,TODO,True,,,True,4,79.18427,25.46639,26.63012,-4.600556E-08,0.9670341,-2.420446E-09,0.2546468,cb4c5d54-f278-002c-03a5-17f428b1669d,natives/stm/scenes/chapter/ff050/enemy_ff050.scn.20,None,NoUse,79.18427,25.46639,26.63012,-4.600556E-08,0.9670341,-2.420446E-09,0.2546468
False,,Em4000,TODO,True,,,False,4,67.50631,25.39999,34.2525,3.010948E-08,-0.7132009,3.010948E-08,0.7009597,3ec4683c-2355-0103-324b-683004c8911d,natives/stm/scenes/chapter/ff050/enemy_ff050.scn.20,None,NoUse,67.50631,25.39999,34.2525,3.010948E-08,-0.7132009,3.010948E-08,0.7009597
False,,Em4000,TODO,True,,,True,4,80.27905,25.56543,27.21119,2.006152E-08,-0.4834281,5.389395E-08,0.8753841,aa77d7e5-0fd4-00f6-2922-7ad434afc75b,natives/stm/scenes/chapter/ff050/enemy_ff050.scn.20,None,NoUse,80.27905,25.56543,27.21119,2.006152E-08,-0.4834281,5.389395E-08,0.8753841
False,,Em4000,TODO,True,,,False,4,81.74933,7.871371,9.861374,-1.214188E-07,0.001103946,-3.766064E-08,0.9999994,cef83e68-0c80-4d89-a4e2-719c35da33c2,natives/stm/scenes/chapter/ff050/enemy_ff050.scn.20,None,NoUse,81.74933,7.871371,9.861374,-1.214188E-07,0.001103946,-3.766064E-08,0.9999994
False,,Em4000,TODO,True,,,False,4,82.33823,11.24141,13.67291,2.756519E-09,0.7043311,-1.030741E-07,0.7098716,89397943-b76b-405c-8c43-c272fb78e88c,natives/stm/scenes/chapter/ff050/enemy_ff050.scn.20,None,NoUse,82.33823,11.24141,13.67291,2.756519E-09,0.7043311,-1.030741E-07,0.7098716
False,,Em4000,TODO,True,,,False,4,81.43504,7.889883,11.16764,0.001323294,-0.007987685,-0.0006950442,0.999967,2a3817a1-63b2-4802-94e6-edc705dfb94b,natives/stm/scenes/chapter/ff050/enemy_ff050.scn.20,None,NoUse,81.43504,7.889883,11.16764,0.001323294,-0.007987685,-0.0006950442,0.999967
False,,Em4000,TODO,True,,,False,4,96.59988,7.89988,-1.066949,-2.251276E-08,1,1.257635E-07,-4.371138E-08,d0dbe7d7-df8a-491a-8096-0a96f8a3e5e9,natives/stm/scenes/chapter/ff050/enemy_ff050.scn.20,None,NoUse,96.59988,7.89988,-1.066949,-2.251276E-08,1,1.257635E-07,-4.371138E-08
False,,Em4000,TODO,True,,,False,4,93.40617,7.990113,-3.253432,-7.179916E-09,0.7530566,7.179916E-09,0.6579557,8b682e2f-3255-47c0-a68b-8630c78248c9,natives/stm/scenes/chapter/ff050/enemy_ff050.scn.20,None,NoUse,93.40617,7.990113,-3.253432,-7.179916E-09,0.7530566,7.179916E-09,0.6579557
False,,Em4000,TODO,True,,,False,4,87.04947,9.846591,-3.931481,-4.48671E-08,0.4149997,-6.795258E-08,0.9098216,a91ef9c0-4fad-46fe-8f35-18ff64d21271,natives/stm/scenes/chapter/ff050/enemy_ff050.scn.20,None,NoUse,87.04947,9.846591,-3.931481,-4.48671E-08,0.4149997,-6.795258E-08,0.9098216
False,,Em4000,TODO,True,,,False,4,101.0153,10.75898,2.249385,1.14348E-08,1,7.034735E-08,-4.371139E-08,7e5b0a8d-9f1a-4ba2-a794-a88f644363c5,natives/stm/scenes/chapter/ff050/enemy_ff050.scn.20,None,NoUse,101.0153,10.75898,2.249385,1.14348E-08,1,7.034735E-08,-4.371139E-08
False,,Em4000,TODO,True,,,False,4,88.41106,7.89953,11.08799,-7.379092E-11,0.04131524,1.308794E-09,0.9991462,a83f5f4c-6435-44fc-a28f-6c9d6be34eb5,natives/stm/scenes/chapter/ff050/enemy_ff050.scn.20,None,NoUse,88.41106,7.89953,11.08799,-7.379092E-11,0.04131524,1.308794E-09,0.9991462
False,,Em4000,TODO,True,,,False,4,84.12647,25.44053,24.96804,0,0,0,1,4a7b0ac1-4923-0121-01c1-09317d916ca2,natives/stm/scenes/chapter/ff050/enemy_ff050.scn.20,None,NoUse,84.12647,25.44053,24.96804,0,0,0,1
False,,Em4000,TODO,True,,,False,4,73,28.7,22.24834,0,1,0,-4.371139E-08,67be70ed-da5e-018c-2699-93741aada21b,natives/stm/scenes/chapter/ff050/enemy_ff050.scn.20,None,NoUse,73,28.7,22.24834,0,1,0,-4.371139E-08
False,,Em4000,TODO,True,,,False,4,78.24132,29.42535,33.71439,0,0.9996828,0,0.02518455,b49068ec-d443-46c2-87ed-50aa78ef1071,natives/stm/scenes/chapter/chapter4/chapter4_1/moldeads.scn.20,None,NoUse,78.24132,29.42535,33.71439,0,0.9996828,0,0.02518455
False,,Em4200,TODO,True,,,True,4,84.34801,25.41924,23.33206,0,1,0,-4.371139E-08,3b5b7e71-40a1-4840-9fc5-e7dcc339ae55,natives/stm/scenes/chapter/chapter4/chapter4_1/moldeads.scn.20,None,NoUse,84.34801,25.41924,23.33206,0,1,0,-4.371139E-08
False,,Em4200,TODO,True,,,True,4,62.66272,25.40281,33.20037,0,0,0,1,b74d40a3-3b81-4cf4-a57c-0ace15f764bc,natives/stm/scenes/chapter/chapter4/chapter4_1/moldeads.scn.20,None,NoUse,62.66272,25.40281,33.20037,0,0,0,1
False,,Em4000,TODO,True,,,False,4,78.23265,34.88862,20.6158,0,0.999791,0,-0.02044674,a5894331-adc4-0f23-3379-2278444ee2a0,natives/stm/scenes/chapter/chapter4/chapter4_1/moldeads.scn.20,None,NoUse,78.23265,34.88862,20.6158,0,0.999791,0,-0.02044674
False,,Em4000,TODO,True,,,True,4,87.07841,7.899872,1.818812,-7.398729E-08,0.999945,-6.510126E-08,-0.01048923,3506e3b8-7999-4249-8fa1-b479ff5622e3,natives/stm/scenes/chapter/chapter4/chapter4_1/moldeads.scn.20,None,NoUse,87.07841,7.899872,1.818812,-7.398729E-08,0.999945,-6.510126E-08,-0.01048923
False,,Em4200,TODO,True,,,True,4,88.80687,9.766446,-3.775985,0,0.6887394,0,0.725009,3b295166-1947-019e-0f16-8f5249f66c3c,natives/stm/scenes/chapter/chapter4/chapter4_1/moldeads.scn.20,None,NoUse,88.80687,9.766446,-3.775985,0,0.6887394,0,0.725009
False,,Em4100,TODO,True,,,False,4,100.583,10.8999,-2.05652,0,-0.02507161,0,0.9996856,1aa0391f-af71-08cf-355d-3410eb3ddf6c,natives/stm/scenes/chapter/chapter4/chapter4_1/moldeads.scn.20,None,NoUse,100.583,10.8999,-2.05652,0,-0.02507161,0,0.9996856
False,,Em4000,TODO,True,,,False,4,94.55113,11.6417,13.66533,0,-0.7209975,0,0.6929376,d9851aa4-07cd-0b35-1160-c3ce101e5652,natives/stm/scenes/chapter/chapter4/chapter4_1/moldeads.scn.20,None,NoUse,94.55113,11.6417,13.66533,0,-0.7209975,0,0.6929376
False,,Em4000,TODO,True,,,False,4,94.74461,7.889547,10.80504,4.835657E-08,-0.0007896277,4.342937E-08,0.9999997,01123e71-4143-4425-a0d7-8c074fc76e32,natives/stm/scenes/chapter/chapter4/chapter4_1/moldeads.scn.20,None,NoUse,94.74461,7.889547,10.80504,4.835657E-08,-0.0007896277,4.342937E-08,0.9999997
False,,Em4000,TODO,True,,,False,4,82.4763,34.86488,34.54266,-6.120599E-08,-0.6763949,6.226269E-08,0.7365392,db1bc59e-d185-4180-add6-061e7755cdc1,natives/stm/scenes/chapter/chapter4/chapter4_1/moldeads.scn.20,None,NoUse,82.4763,34.86488,34.54266,-6.120599E-08,-0.6763949,6.226269E-08,0.7365392
False,,Em4100,TODO,True,,,False,4,68.38206,34.88953,29.99403,0,0.9999762,0,-0.006892345,e70df8dd-17a3-0b9a-1e82-b654dadafa30,natives/stm/scenes/chapter/chapter4/chapter4_1/moldeads.scn.20,None,NoUse,68.38206,34.88953,29.99403,0,0.9999762,0,-0.006892345
False,,Em4000,TODO,True,,,False,4,81.34893,34.88953,27.67846,-6.120599E-08,-0.6763949,6.226269E-08,0.7365392,d47d7e30-e11f-0669-118e-e041765a7638,natives/stm/scenes/chapter/chapter4/chapter4_1/moldeads.scn.20,None,NoUse,81.34893,34.88953,27.67846,-6.120599E-08,-0.6763949,6.226269E-08,0.7365392
False,,Em4200,TODO,True,,,False,4,77.52271,29.4191,25.35771,3.101181E-08,-0.7255863,2.6743E-08,0.6881312,6cc6ac86-e41f-4d7c-968f-b8ba753d3f29,natives/stm/scenes/chapter/chapter4/chapter4_1/moldeads.scn.20,None,NoUse,77.52271,29.4191,25.35771,3.101181E-08,-0.7255863,2.6743E-08,0.6881312
False,,Em4000,TODO,True,,,False,4,55.45506,29.4,24.27984,0,0.9996828,0,0.02518455,431fd657-1df5-0d08-0417-8fcda49f75c5,natives/stm/scenes/chapter/chapter4/chapter4_1/moldeads.scn.20,None,NoUse,55.45506,29.4,24.27984,0,0.9996828,0,0.02518455
False,,Em4000,TODO,True,,,False,4,65.64115,25.40277,24.44394,8.488936E-08,0.00789907,1.646552E-07,0.9999688,5c398ee5-6785-46bc-b3d8-056fa554a051,natives/stm/scenes/chapter/chapter4/chapter4_1/moldeads.scn.20,None,NoUse,65.64115,25.40277,24.44394,8.488936E-08,0.00789907,1.646552E-07,0.9999688
False,,Em4000,TODO,True,,,False,4,84.2465,25.40001,28.26013,0,-0.06064652,0,0.9981593,c5abdbb1-f83d-0348-001c-76fab5b26f00,natives/stm/scenes/chapter/chapter4/chapter4_1/moldeads.scn.20,None,NoUse,84.2465,25.40001,28.26013,0,-0.06064652,0,0.9981593
False,,Em4000,TODO,True,,,False,4,59.80891,28.4,24.50919,0,0.7188913,0,0.6951225,0b06cbeb-2cce-0ca1-0ad7-e252e245350f,natives/stm/scenes/chapter/chapter4/chapter4_1/moldeads.scn.20,None,NoUse,59.80891,28.4,24.50919,0,0.7188913,0,0.6951225
False,,Em4100,TODO,True,,,False,4,84.28477,21.50922,25.31983,-1.436772E-10,0.01504925,2.94375E-09,0.9998868,4af78fc0-dfab-4b8f-8a4d-40016a3c330a,natives/stm/scenes/chapter/chapter4/chapter4_1/moldeads.scn.20,None,NoUse,84.28477,21.50922,25.31983,-1.436772E-10,0.01504925,2.94375E-09,0.9998868
False,,Em4100,TODO,True,,,False,4,64.65912,21.40001,18.17483,-2.369931E-10,0.04676225,2.937711E-09,0.998906,d00b0e82-c0f7-49a3-b684-0a61266b168e,natives/stm/scenes/chapter/chapter4/chapter4_1/moldeads.scn.20,None,NoUse,64.65912,21.40001,18.17483,-2.369931E-10,0.04676225,2.937711E-09,0.998906
False,,Em4000,TODO,True,,,False,4,67.46616,21.4,17.75476,0,0.7048911,0,0.7093156,c62d7072-e3d9-458d-a40a-a1de332483d9,natives/stm/scenes/chapter/chapter4/chapter4_1/moldeads.scn.20,None,NoUse,67.46616,21.4,17.75476,0,0.7048911,0,0.7093156
False,,Em4000,TODO,True,,,False,4,66.25343,21.39207,21.98352,-4.463012E-08,0.6648008,1.797937E-07,0.7470207,709571e0-05e4-4487-b74e-25624e1a1948,natives/stm/scenes/chapter/chapter4/chapter4_1/moldeads.scn.20,None,NoUse,66.25343,21.39207,21.98352,-4.463012E-08,0.6648008,1.797937E-07,0.7470207
False,,Em4000,TODO,True,,,False,4,68.10658,24.6063,21.38892,0.003223486,-0.02462551,-0.01813735,0.999527,f64bb594-6fac-4598-af45-0a884874cec4,natives/stm/scenes/chapter/chapter4/chapter4_1/moldeads.scn.20,None,NoUse,68.10658,24.6063,21.38892,0.003223486,-0.02462551,-0.01813735,0.999527
False,,Em4100,TODO,True,,,False,4,80.16714,21.44309,17.72243,-5.291214E-09,0.7144908,5.746908E-09,0.6996449,c4b7b3de-1ee2-4259-bab0-469fc792d683,natives/stm/scenes/chapter/chapter4/chapter4_1/moldeads.scn.20,None,NoUse,80.16714,21.44309,17.72243,-5.291214E-09,0.7144908,5.746908E-09,0.6996449
False,,Em4100,TODO,True,,,False,4,63.96366,21.3788,17.82748,-1.373363E-12,-0.03324722,2.947255E-09,0.9994472,98e40a88-681e-4485-906e-72645f39b32a,natives/stm/scenes/chapter/chapter4/chapter4_1/moldeads.scn.20,None,NoUse,63.96366,21.3788,17.82748,-1.373363E-12,-0.03324722,2.947255E-09,0.9994472
False,,Em5510,TODO,True,,EthanMustDie,False,7,-30.0801,-5.251848,6.445791,0,0.08269667,0,0.9965748,d7043197-ad80-4bc6-a884-42f049f708ad,natives/stm/scenes/imd/enemy_imd.scn.20,None,NoUse,-30.0801,-5.251848,6.445791,0,0.08269667,0,0.9965748
False,,Em5510,TODO,True,,EthanMustDie,False,7,-21.2288,-5.241126,20.84717,0,0.08269667,0,0.9965748,3bb99304-9415-0580-3d43-defc9a76f20c,natives/stm/scenes/imd/enemy_imd.scn.20,None,NoUse,-21.2288,-5.241126,20.84717,0,0.08269667,0,0.9965748
False,,Em5520,TODO,True,,EthanMustDie,False,7,0,0.3,0.2,0,0,0,1,7777ec8d-5be0-05bb-0062-325d40bf6215,natives/stm/scenes/imd/enemy_imd.scn.20,None,NoUse,0,0.3,0.2,0,0,0,1
False,,Em5520,TODO,True,,EthanMustDie,False,7,0,0.3,0.2,0,0,0,1,f24022bf-8aa1-077f-35f0-10202fe8d912,natives/stm/scenes/imd/enemy_imd.scn.20,None,NoUse,0,0.3,0.2,0,0,0,1
False,,Em5400,TODO,True,,EthanMustDie,False,7,-0.1722,0.442,-0.19,-0.704729,-0.0579393,0.06531612,0.7040837,c910c41b-b6d3-01da-0559-ce497d55ac15,natives/stm/scenes/imd/enemy_imd.scn.20,None,NoUse,-0.1722,0.442,-0.19,-0.704729,-0.0579393,0.06531612,0.7040837
False,,Em5400,TODO,True,,EthanMustDie,False,7,-0.1722,0.442,-0.19,-0.704729,-0.0579393,0.06531612,0.7040837,df62013b-a868-07b8-00b1-abf8bfc530ec,natives/stm/scenes/imd/enemy_imd.scn.20,None,NoUse,-0.1722,0.442,-0.19,-0.704729,-0.0579393,0.06531612,0.7040837
False,,Em5400,TODO,True,,EthanMustDie,False,7,-0.1722,0.442,-0.19,-0.704729,-0.0579393,0.06531612,0.7040837,73223b4f-5548-0e65-04e8-80d2438cb8e4,natives/stm/scenes/imd/enemy_imd.scn.20,None,NoUse,-0.1722,0.442,-0.19,-0.704729,-0.0579393,0.06531612,0.7040837
False,,Em4200,TODO,True,,Nightmare,False,7,-28.01126,-5.218849,15.70891,0,-0.865141,0,0.5015287,670373ee-071c-4f3d-bd3d-0c8b5974bc9f,natives/stm/scenes/chapter/chapter7/chapter7_3/wave1.scn.20,None,NoUse,-28.01126,-5.218849,15.70891,0,-0.865141,0,0.5015287
False,,Em4200,TODO,True,,Nightmare,False,7,-18.60169,-5.222496,6.620049,0,-0.865141,0,0.5015287,02dce339-4958-4981-9001-455a69e99d17,natives/stm/scenes/chapter/chapter7/chapter7_3/wave1.scn.20,None,NoUse,-18.60169,-5.222496,6.620049,0,-0.865141,0,0.5015287
False,,Em4200,TODO,True,,Nightmare,False,7,-23.81416,-5.335502,21.71663,0,-0.865141,0,0.5015287,75367047-3f38-491f-a3ac-18c89600d78a,natives/stm/scenes/chapter/chapter7/chapter7_3/wave1.scn.20,None,NoUse,-23.81416,-5.335502,21.71663,0,-0.865141,0,0.5015287
False,,Em4200,TODO,True,,Nightmare,False,7,-24.89043,-5.257442,0.1709448,0,0,0,1,a96d4dcf-9d2c-473a-bb55-cf83d5536f84,natives/stm/scenes/chapter/chapter7/chapter7_3/wave1.scn.20,None,NoUse,-24.89043,-5.257442,0.1709448,0,0,0,1
False,,Em4100,TODO,True,,Nightmare,False,7,-29.66104,-5.929611,-1.082217,0,0,0,1,7f6c6e22-fad6-4ea8-8a1b-bb70ea8a3edd,natives/stm/scenes/chapter/chapter7/chapter7_3/wave1.scn.20,None,NoUse,-29.66104,-5.929611,-1.082217,0,0,0,1
False,,Em4100,TODO,True,,Nightmare,False,7,-23.28041,-2.292671,10.94089,0,0,0,1,3a583201-60fe-4604-8d39-241f0e70be7b,natives/stm/scenes/chapter/chapter7/chapter7_3/wave1.scn.20,None,NoUse,-23.28041,-2.292671,10.94089,0,0,0,1
False,,Em4100,TODO,True,,Nightmare,False,7,-17.89108,-5.141341,-2.623923,0,0,0,1,e31c13d3-052b-4f20-8349-95a9bbf69e8f,natives/stm/scenes/chapter/chapter7/chapter7_3/wave1.scn.20,None,NoUse,-17.89108,-5.141341,-2.623923,0,0,0,1
False,,Em4100,TODO,True,,Nightmare,False,7,-27.29954,-5.01402,20.13469,0,-0.7071068,0,0.7071068,5d64f913-228c-4c7e-a02e-234efe0e7761,natives/stm/scenes/chapter/chapter7/chapter7_3/wave1.scn.20,None,NoUse,-27.29954,-5.01402,20.13469,0,-0.7071068,0,0.7071068
False,,Em4000,TODO,True,,Nightmare,False,7,-23.37403,-5.247619,21.44898,-4.415308E-08,1,-4.48199E-08,-4.371139E-08,0db2c91b-72b9-4e7f-8631-dc5e770f8727,natives/stm/scenes/chapter/chapter7/chapter7_3/wave1.scn.20,None,NoUse,-23.37403,-5.247619,21.44898,-4.415308E-08,1,-4.48199E-08,-4.371139E-08
False,,Em4000,TODO,True,,Nightmare,False,7,-17.69577,-5.233249,19.69003,-4.415308E-08,1,-4.48199E-08,-4.371139E-08,aae6fc36-dd90-4738-a69a-ea64bdd9c17e,natives/stm/scenes/chapter/chapter7/chapter7_3/wave1.scn.20,None,NoUse,-17.69577,-5.233249,19.69003,-4.415308E-08,1,-4.48199E-08,-4.371139E-08
False,,Em4000,TODO,True,,Nightmare,False,7,-23.71629,-5.150681,4.543676,-4.759293E-08,0.9959158,4.11489E-08,-0.09028743,df8fd809-f95c-4a29-8ded-a4967b167ba9,natives/stm/scenes/chapter/chapter7/chapter7_3/wave1.scn.20,None,NoUse,-23.71629,-5.150681,4.543676,-4.759293E-08,0.9959158,4.11489E-08,-0.09028743
False,,Em4000,TODO,True,,Nightmare,False,7,-38.99984,-5.193744,20.38485,-6.235054E-08,0.7071068,5.855054E-08,0.7071068,a510e88a-3de0-4bdb-9e76-80acbdf960aa,natives/stm/scenes/chapter/chapter7/chapter7_3/wave1.scn.20,None,NoUse,-38.99984,-5.193744,20.38485,-6.235054E-08,0.7071068,5.855054E-08,0.7071068
False,,Em4000,TODO,True,,Nightmare,False,7,-23.37403,-5.247619,21.44898,-4.415308E-08,1,-4.48199E-08,-4.371139E-08,7270399a-ad43-4bf5-9d58-647acb9b595e,natives/stm/scenes/chapter/chapter7/chapter7_3/wave1.scn.20,None,NoUse,-23.37403,-5.247619,21.44898,-4.415308E-08,1,-4.48199E-08,-4.371139E-08
False,,Em4000,TODO,True,,Nightmare,False,7,-17.69577,-5.233249,19.69003,-4.415308E-08,1,-4.48199E-08,-4.371139E-08,9c1ee0c3-5966-4812-a6e5-408cae3a1561,natives/stm/scenes/chapter/chapter7/chapter7_3/wave1.scn.20,None,NoUse,-17.69577,-5.233249,19.69003,-4.415308E-08,1,-4.48199E-08,-4.371139E-08
False,,Em4000,TODO,True,,Nightmare,False,7,-23.71629,-5.150681,4.543676,-4.759293E-08,0.9959158,4.11489E-08,-0.09028743,e43f6b9b-2d0d-40fa-85ee-f65eab1bba7f,natives/stm/scenes/chapter/chapter7/chapter7_3/wave1.scn.20,None,NoUse,-23.71629,-5.150681,4.543676,-4.759293E-08,0.9959158,4.11489E-08,-0.09028743
False,,Em4000,TODO,True,,Nightmare,False,7,-38.99984,-5.193744,20.38485,-6.235054E-08,0.7071068,5.855054E-08,0.7071068,ca6208a3-43e5-4d48-a2f4-28aa4c16acf5,natives/stm/scenes/chapter/chapter7/chapter7_3/wave1.scn.20,None,NoUse,-38.99984,-5.193744,20.38485,-6.235054E-08,0.7071068,5.855054E-08,0.7071068
False,,Em4200,TODO,True,,Nightmare,False,7,-34.79664,-5.202045,20.70742,0,-0.865141,0,0.5015287,64531e43-e807-4386-be25-bda7f7c33c44,natives/stm/scenes/chapter/chapter7/chapter7_3/wave1.scn.20,None,NoUse,-34.79664,-5.202045,20.70742,0,-0.865141,0,0.5015287
False,,Em4200,TODO,True,,Nightmare,False,7,-24.16961,-5.222141,2.61427,0,-0.865141,0,0.5015287,51b0c276-7298-4a54-85ca-72964440ac5a,natives/stm/scenes/chapter/chapter7/chapter7_3/wave1.scn.20,None,NoUse,-24.16961,-5.222141,2.61427,0,-0.865141,0,0.5015287
False,,Em4200,TODO,True,,Nightmare,False,7,-22.08009,-5.215087,11.16425,0,-0.865141,0,0.5015287,5f049dc2-a686-4cb9-ad1d-f9ef5b5eb19b,natives/stm/scenes/chapter/chapter7/chapter7_3/wave1.scn.20,None,NoUse,-22.08009,-5.215087,11.16425,0,-0.865141,0,0.5015287
False,,Em4200,TODO,True,,Nightmare,False,7,-24.86867,-5.198291,-0.125757,0,0,0,1,8f76cf38-485d-4d1c-ba15-0fba9d95ef5c,natives/stm/scenes/chapter/chapter7/chapter7_3/wave1.scn.20,None,NoUse,-24.86867,-5.198291,-0.125757,0,0,0,1
False,,Em4100,TODO,True,,Nightmare,False,7,-29.66104,-5.929611,-1.082217,0,0,0,1,53fa002e-1190-4c93-ac2e-eb47f734cf43,natives/stm/scenes/chapter/chapter7/chapter7_3/wave1.scn.20,None,NoUse,-29.66104,-5.929611,-1.082217,0,0,0,1
False,,Em4100,TODO,True,,Nightmare,False,7,-23.28041,-2.292671,10.94089,0,0,0,1,0871e891-9991-4cbe-b607-260aa05d9616,natives/stm/scenes/chapter/chapter7/chapter7_3/wave1.scn.20,None,NoUse,-23.28041,-2.292671,10.94089,0,0,0,1
False,,Em4100,TODO,True,,Nightmare,False,7,-17.89108,-5.141341,-2.623923,0,0,0,1,6421aee3-2b09-466e-bbde-7f62e5894315,natives/stm/scenes/chapter/chapter7/chapter7_3/wave1.scn.20,None,NoUse,-17.89108,-5.141341,-2.623923,0,0,0,1
False,,Em4100,TODO,True,,Nightmare,False,7,-27.29954,-5.01402,20.13469,0,-0.7071068,0,0.7071068,1b3699e6-0061-09a0-3084-19f781913445,natives/stm/scenes/chapter/chapter7/chapter7_3/wave1.scn.20,None,NoUse,-27.29954,-5.01402,20.13469,0,-0.7071068,0,0.7071068
False,,Em4000,TODO,True,,Nightmare,False,7,-23.37403,-5.247619,21.44898,-4.415308E-08,1,-4.48199E-08,-4.371139E-08,83702e13-ffb5-41a3-b766-6ebe6a1d6b91,natives/stm/scenes/chapter/chapter7/chapter7_3/wave1.scn.20,None,NoUse,-23.37403,-5.247619,21.44898,-4.415308E-08,1,-4.48199E-08,-4.371139E-08
False,,Em4000,TODO,True,,Nightmare,False,7,-17.69577,-5.233249,19.69003,-4.415308E-08,1,-4.48199E-08,-4.371139E-08,071b5386-348b-4b82-9aa0-87fdf6f9711e,natives/stm/scenes/chapter/chapter7/chapter7_3/wave1.scn.20,None,NoUse,-17.69577,-5.233249,19.69003,-4.415308E-08,1,-4.48199E-08,-4.371139E-08
False,,Em4000,TODO,True,,Nightmare,False,7,-23.71629,-5.150681,4.543676,-4.759293E-08,0.9959158,4.11489E-08,-0.09028743,6de0abec-4504-468b-adc1-2478447a2b61,natives/stm/scenes/chapter/chapter7/chapter7_3/wave1.scn.20,None,NoUse,-23.71629,-5.150681,4.543676,-4.759293E-08,0.9959158,4.11489E-08,-0.09028743
False,,Em4000,TODO,True,,Nightmare,False,7,-38.99984,-5.193744,20.38485,-6.235054E-08,0.7071068,5.855054E-08,0.7071068,87ae5418-33dc-4b90-9485-a6fce0096670,natives/stm/scenes/chapter/chapter7/chapter7_3/wave1.scn.20,None,NoUse,-38.99984,-5.193744,20.38485,-6.235054E-08,0.7071068,5.855054E-08,0.7071068
False,,Em4000,TODO,True,,Nightmare,False,7,-23.37403,-5.247619,21.44898,-4.415308E-08,1,-4.48199E-08,-4.371139E-08,f5ba13a8-b9cf-4288-b59f-4919e5c7efb6,natives/stm/scenes/chapter/chapter7/chapter7_3/wave1.scn.20,None,NoUse,-23.37403,-5.247619,21.44898,-4.415308E-08,1,-4.48199E-08,-4.371139E-08
False,,Em4000,TODO,True,,Nightmare,False,7,-17.69577,-5.233249,19.69003,-4.415308E-08,1,-4.48199E-08,-4.371139E-08,bb5394e1-78db-4bb7-8a48-1b32e517af0f,natives/stm/scenes/chapter/chapter7/chapter7_3/wave1.scn.20,None,NoUse,-17.69577,-5.233249,19.69003,-4.415308E-08,1,-4.48199E-08,-4.371139E-08
False,,Em4000,TODO,True,,Nightmare,False,7,-23.71629,-5.150681,4.543676,-4.759293E-08,0.9959158,4.11489E-08,-0.09028743,30f1a300-8f2c-484c-8754-7a64eb683ae8,natives/stm/scenes/chapter/chapter7/chapter7_3/wave1.scn.20,None,NoUse,-23.71629,-5.150681,4.543676,-4.759293E-08,0.9959158,4.11489E-08,-0.09028743
False,,Em4000,TODO,True,,Nightmare,False,7,-38.99984,-5.193744,20.38485,-6.235054E-08,0.7071068,5.855054E-08,0.7071068,42957353-80c8-411e-8cac-0b42c670f137,natives/stm/scenes/chapter/chapter7/chapter7_3/wave1.scn.20,None,NoUse,-38.99984,-5.193744,20.38485,-6.235054E-08,0.7071068,5.855054E-08,0.7071068
False,,Em3600,TODO,True,,Jacks55thBirthday,False,7,-0.9050088,-7.749999,10.36199,0,1,0,-4.371139E-08,562458ba-5060-00dd-285f-3573c96bcc43,natives/stm/scenes/birthday/stage3/stage3_setb.scn.20,None,NoUse,-0.9050088,-7.749999,10.36199,0,1,0,-4.371139E-08
False,,Em5400,TODO,True,,Jacks55thBirthday,False,7,0,0,0,0,0,0,1,f10530c4-5451-0373-19d2-c830a23388ed,natives/stm/scenes/birthday/stage3/stage3_setb.scn.20,None,NoUse,0,0,0,0,0,0,1
False,,Em5400,TODO,True,,Jacks55thBirthday,False,7,0,0,0,0,0,0,1,08e6da37-ff97-0b02-237f-62c9025359f5,natives/stm/scenes/birthday/stage3/stage3_setb.scn.20,None,NoUse,0,0,0,0,0,0,1
False,,Em5400,TODO,True,,Jacks55thBirthday,False,7,0,0,0,0,0,0,1,021f4fc1-f292-0006-044e-ce3b6036a1e5,natives/stm/scenes/birthday/stage3/stage3_setb.scn.20,None,NoUse,0,0,0,0,0,0,1
False,,Em5520,TODO,True,,Jacks55thBirthday,False,7,0,0,0,0,0,0,1,3b8b2455-6493-0965-26c0-04feecfe3eb8,natives/stm/scenes/birthday/stage3/stage3_setb.scn.20,None,NoUse,0,0,0,0,0,0,1
False,,Em5520,TODO,True,,Jacks55thBirthday,False,7,0,0,0,0,0,0,1,cefc6472-a92c-0183-2516-abc868d0084d,natives/stm/scenes/birthday/stage3/stage3_setb.scn.20,None,NoUse,0,0,0,0,0,0,1
False,,Em5520,TODO,True,,Jacks55thBirthday,False,7,0,0,0,0,0,0,1,466b4ffb-de16-0133-0024-fb8db43cb03a,natives/stm/scenes/birthday/stage3/stage3_setb.scn.20,None,NoUse,0,0,0,0,0,0,1
False,,Em5520,TODO,True,,Jacks55thBirthday,False,7,0,0,0,0,0,0,1,ddced413-935f-0a46-15b1-d314a6b181d0,natives/stm/scenes/birthday/stage3/stage3_setb.scn.20,None,NoUse,0,0,0,0,0,0,1
False,,Em5520,TODO,True,,Jacks55thBirthday,False,7,0,0,0,0,0,0,1,d17b8d3f-dedd-4f78-869e-2fbaa0add0d4,natives/stm/scenes/birthday/stage3/stage3_setb.scn.20,None,NoUse,0,0,0,0,0,0,1
False,,Em5520,TODO,True,,Jacks55thBirthday,False,7,0,0,0,0,0,0,1,4cb71764-7775-0a60-39f0-70abfed48fd5,natives/stm/scenes/birthday/stage3/stage3_setb.scn.20,None,NoUse,0,0,0,0,0,0,1
False,,Em5520,TODO,True,,Jacks55thBirthday,False,7,0,0,0,0,0,0,1,b2eccf5c-52fa-0768-3779-c112a4837712,natives/stm/scenes/birthday/stage3/stage3_setb.scn.20,None,NoUse,0,0,0,0,0,0,1
False,,Em5400,TODO,True,,Jacks55thBirthday,False,7,0,0,0,0,0,0,1,c96bc53e-0bc2-056e-24ca-2c8a0bb598cb,natives/stm/scenes/birthday/stage3/stage3_setb.scn.20,None,NoUse,0,0,0,0,0,0,1
False,,Em5400,TODO,True,,Jacks55thBirthday,False,7,0,0,0,0,0,0,1,bd549ee0-6fc0-0593-0f3f-ad3103723115,natives/stm/scenes/birthday/stage3/stage3_setb.scn.20,None,NoUse,0,0,0,0,0,0,1
False,,Em5400,TODO,True,,Jacks55thBirthday,False,7,0,0,0,0,0,0,1,e8d74b53-4721-0995-3504-60ee4de66f46,natives/stm/scenes/birthday/stage3/stage3_setb.scn.20,None,NoUse,0,0,0,0,0,0,1
False,,Em5400,TODO,True,,Jacks55thBirthday,False,7,0,0,0,0,0,0,1,f1288f19-631e-0ac8-3664-89e4895007ba,natives/stm/scenes/birthday/stage3/stage3_seta.scn.20,None,NoUse,0,0,0,0,0,0,1
False,,Em5400,TODO,True,,Jacks55thBirthday,False,7,0,0,0,0,0,0,1,08cb65ea-c8d8-02b9-0cc9-231d2930d6a2,natives/stm/scenes/birthday/stage3/stage3_seta.scn.20,None,NoUse,0,0,0,0,0,0,1
False,,Em5400,TODO,True,,Jacks55thBirthday,False,7,0,0,0,0,0,0,1,0232f01c-c5dd-09bd-2bf8-8fef4b552eb2,natives/stm/scenes/birthday/stage3/stage3_seta.scn.20,None,NoUse,0,0,0,0,0,0,1
False,,Em5520,TODO,True,,Jacks55thBirthday,False,7,0,0,0,0,0,0,1,3ba69b88-53dc-00de-0976-452ac79db1ef,natives/stm/scenes/birthday/stage3/stage3_seta.scn.20,None,NoUse,0,0,0,0,0,0,1
False,,Em5520,TODO,True,,Jacks55thBirthday,False,7,0,0,0,0,0,0,1,ced1dbaf-9e63-0838-0aa0-ea1c43b3871a,natives/stm/scenes/birthday/stage3/stage3_seta.scn.20,None,NoUse,0,0,0,0,0,0,1
False,,Em5520,TODO,True,,Jacks55thBirthday,False,7,0,0,0,0,0,0,1,4646f026-e959-0888-2f92-ba599f5f3f6d,natives/stm/scenes/birthday/stage3/stage3_seta.scn.20,None,NoUse,0,0,0,0,0,0,1
False,,Em5520,TODO,True,,Jacks55thBirthday,False,7,0,0,0,0,0,0,1,dde36bce-a410-03fd-3a07-92c08dd20e87,natives/stm/scenes/birthday/stage3/stage3_seta.scn.20,None,NoUse,0,0,0,0,0,0,1
False,,Em5520,TODO,True,,Jacks55thBirthday,False,7,0,0,0,0,0,0,1,d15632e2-e992-46c3-a928-6e6e8bce5f83,natives/stm/scenes/birthday/stage3/stage3_seta.scn.20,None,NoUse,0,0,0,0,0,0,1
False,,Em5520,TODO,True,,Jacks55thBirthday,False,7,0,0,0,0,0,0,1,4c9aa8b9-403a-03db-1646-317fd5b70082,natives/stm/scenes/birthday/stage3/stage3_seta.scn.20,None,NoUse,0,0,0,0,0,0,1
False,,Em5520,TODO,True,,Jacks55thBirthday,False,7,0,0,0,0,0,0,1,b2c17081-65b5-0ed3-18cf-80c68fe0f845,natives/stm/scenes/birthday/stage3/stage3_seta.scn.20,None,NoUse,0,0,0,0,0,0,1
False,,Em5400,TODO,True,,Jacks55thBirthday,False,7,0,0,0,0,0,0,1,c9467ae3-3c8d-0cd5-0b7c-6d5e20d6179c,natives/stm/scenes/birthday/stage3/stage3_seta.scn.20,None,NoUse,0,0,0,0,0,0,1
False,,Em5400,TODO,True,,Jacks55thBirthday,False,7,0,0,0,0,0,0,1,bd79213d-588f-0c28-2089-ece52811be42,natives/stm/scenes/birthday/stage3/stage3_seta.scn.20,None,NoUse,0,0,0,0,0,0,1
False,,Em5400,TODO,True,,Jacks55thBirthday,False,7,0,0,0,0,0,0,1,e8faf48e-706e-002e-1ab2-213a6685e011,natives/stm/scenes/birthday/stage3/stage3_seta.scn.20,None,NoUse,0,0,0,0,0,0,1
False,,Em4200,TODO,True,,Nightmare,True,7,-28.01126,-5.218849,15.70891,0,-0.865141,0,0.5015287,604bd798-b3bb-4127-bb56-9c28a41ac9d2,natives/stm/scenes/chapter/chapter7/chapter7_3/wave2.scn.20,None,NoUse,-28.01126,-5.218849,15.70891,0,-0.865141,0,0.5015287
False,,Em4200,TODO,True,,Nightmare,True,7,-18.60169,-5.222496,6.620049,0,-0.865141,0,0.5015287,bb1541f9-d53f-484f-a31b-994d59697396,natives/stm/scenes/chapter/chapter7/chapter7_3/wave2.scn.20,None,NoUse,-18.60169,-5.222496,6.620049,0,-0.865141,0,0.5015287
False,,Em4200,TODO,True,,Nightmare,True,7,-23.81416,-5.335502,21.71663,0,-0.865141,0,0.5015287,7259e3e9-3fb3-4f47-b78b-c469ebf0863d,natives/stm/scenes/chapter/chapter7/chapter7_3/wave2.scn.20,None,NoUse,-23.81416,-5.335502,21.71663,0,-0.865141,0,0.5015287
False,,Em4200,TODO,True,,Nightmare,True,7,-24.89043,-5.257442,0.1709448,0,0,0,1,da9505b2-fa7c-4bcf-89fb-201bdec2b2d9,natives/stm/scenes/chapter/chapter7/chapter7_3/wave2.scn.20,None,NoUse,-24.89043,-5.257442,0.1709448,0,0,0,1
False,,Em4100,TODO,True,,Nightmare,False,7,-29.66104,-5.929611,-1.082217,0,0,0,1,4bedf81c-17b4-43ec-a749-42781e100891,natives/stm/scenes/chapter/chapter7/chapter7_3/wave2.scn.20,None,NoUse,-29.66104,-5.929611,-1.082217,0,0,0,1
False,,Em4100,TODO,True,,Nightmare,False,7,-23.28041,-2.292671,10.94089,0,0,0,1,67490e68-c087-4b68-bd68-80f0d620f5cf,natives/stm/scenes/chapter/chapter7/chapter7_3/wave2.scn.20,None,NoUse,-23.28041,-2.292671,10.94089,0,0,0,1
False,,Em4100,TODO,True,,Nightmare,False,7,-17.89108,-5.141341,-2.623923,0,0,0,1,7b839f0c-23ce-4acf-b406-0a657b833a34,natives/stm/scenes/chapter/chapter7/chapter7_3/wave2.scn.20,None,NoUse,-17.89108,-5.141341,-2.623923,0,0,0,1
False,,Em4100,TODO,True,,Nightmare,False,7,-27.29954,-5.01402,20.13469,0,-0.7071068,0,0.7071068,94cf8b71-3383-4ed8-92b7-04d313fc6198,natives/stm/scenes/chapter/chapter7/chapter7_3/wave2.scn.20,None,NoUse,-27.29954,-5.01402,20.13469,0,-0.7071068,0,0.7071068
False,,Em4000,TODO,True,,Nightmare,False,7,-23.37403,-5.247619,21.44898,-4.415308E-08,1,-4.48199E-08,-4.371139E-08,981f5f45-75ce-4606-8e6b-829b7fe13c02,natives/stm/scenes/chapter/chapter7/chapter7_3/wave2.scn.20,None,NoUse,-23.37403,-5.247619,21.44898,-4.415308E-08,1,-4.48199E-08,-4.371139E-08
False,,Em4000,TODO,True,,Nightmare,False,7,-17.69577,-5.233249,19.69003,-4.415308E-08,1,-4.48199E-08,-4.371139E-08,f1690f53-d916-4ebd-b3b6-40fe7db6d4f9,natives/stm/scenes/chapter/chapter7/chapter7_3/wave2.scn.20,None,NoUse,-17.69577,-5.233249,19.69003,-4.415308E-08,1,-4.48199E-08,-4.371139E-08
False,,Em4000,TODO,True,,Nightmare,False,7,-23.71629,-5.150681,4.543676,-4.759293E-08,0.9959158,4.11489E-08,-0.09028743,eac6d452-7fd8-431c-b51e-1a6a75e5c753,natives/stm/scenes/chapter/chapter7/chapter7_3/wave2.scn.20,None,NoUse,-23.71629,-5.150681,4.543676,-4.759293E-08,0.9959158,4.11489E-08,-0.09028743
False,,Em4000,TODO,True,,Nightmare,False,7,-38.99984,-5.193744,20.38485,-6.235054E-08,0.7071068,5.855054E-08,0.7071068,bc810f1b-96b1-4c5e-947c-c9dfd80ca983,natives/stm/scenes/chapter/chapter7/chapter7_3/wave2.scn.20,None,NoUse,-38.99984,-5.193744,20.38485,-6.235054E-08,0.7071068,5.855054E-08,0.7071068
False,,Em4000,TODO,True,,Nightmare,False,7,-23.37403,-5.247619,21.44898,-4.415308E-08,1,-4.48199E-08,-4.371139E-08,237fc1c2-8128-4e08-b47b-907b6ab8471c,natives/stm/scenes/chapter/chapter7/chapter7_3/wave2.scn.20,None,NoUse,-23.37403,-5.247619,21.44898,-4.415308E-08,1,-4.48199E-08,-4.371139E-08
False,,Em4000,TODO,True,,Nightmare,False,7,-17.69577,-5.233249,19.69003,-4.415308E-08,1,-4.48199E-08,-4.371139E-08,98a7bda4-0fd5-4836-996d-19f0cd13f1c7,natives/stm/scenes/chapter/chapter7/chapter7_3/wave2.scn.20,None,NoUse,-17.69577,-5.233249,19.69003,-4.415308E-08,1,-4.48199E-08,-4.371139E-08
False,,Em4000,TODO,True,,Nightmare,False,7,-23.71629,-5.150681,4.543676,-4.759293E-08,0.9959158,4.11489E-08,-0.09028743,c42fed4c-1c93-4982-b1f0-286c8e184f5a,natives/stm/scenes/chapter/chapter7/chapter7_3/wave2.scn.20,None,NoUse,-23.71629,-5.150681,4.543676,-4.759293E-08,0.9959158,4.11489E-08,-0.09028743
False,,Em4000,TODO,True,,Nightmare,False,7,-38.99984,-5.193744,20.38485,-6.235054E-08,0.7071068,5.855054E-08,0.7071068,243ef8f7-6b32-4ddd-91db-f893c27ac103,natives/stm/scenes/chapter/chapter7/chapter7_3/wave2.scn.20,None,NoUse,-38.99984,-5.193744,20.38485,-6.235054E-08,0.7071068,5.855054E-08,0.7071068
False,,Em4200,TODO,True,,Nightmare,False,7,-34.79664,-5.202045,20.70742,0,-0.865141,0,0.5015287,1eb0fb24-b4e1-431b-9c25-f2012eca2972,natives/stm/scenes/chapter/chapter7/chapter7_3/wave2.scn.20,None,NoUse,-34.79664,-5.202045,20.70742,0,-0.865141,0,0.5015287
False,,Em4200,TODO,True,,Nightmare,False,7,-24.16961,-5.222141,2.61427,0,-0.865141,0,0.5015287,53b6a18c-a154-4a4c-afd6-c2767d82aeca,natives/stm/scenes/chapter/chapter7/chapter7_3/wave2.scn.20,None,NoUse,-24.16961,-5.222141,2.61427,0,-0.865141,0,0.5015287
False,,Em4200,TODO,True,,Nightmare,False,7,-22.08009,-5.215087,11.16425,0,-0.865141,0,0.5015287,2481db7a-2d55-4f2c-b020-d1f0b3fc1721,natives/stm/scenes/chapter/chapter7/chapter7_3/wave2.scn.20,None,NoUse,-22.08009,-5.215087,11.16425,0,-0.865141,0,0.5015287
False,,Em4200,TODO,True,,Nightmare,False,7,-24.86867,-5.198291,-0.125757,0,0,0,1,8681ae97-b951-4832-af91-f1780e12e735,natives/stm/scenes/chapter/chapter7/chapter7_3/wave2.scn.20,None,NoUse,-24.86867,-5.198291,-0.125757,0,0,0,1
False,,Em4100,TODO,True,,Nightmare,False,7,-29.66104,-5.929611,-1.082217,0,0,0,1,a94463bc-8f90-4509-9b12-03d55fc37d76,natives/stm/scenes/chapter/chapter7/chapter7_3/wave2.scn.20,None,NoUse,-29.66104,-5.929611,-1.082217,0,0,0,1
False,,Em4100,TODO,True,,Nightmare,False,7,-23.28041,-2.292671,10.94089,0,0,0,1,8b052c37-bf7d-4f47-983f-a65bd206b15e,natives/stm/scenes/chapter/chapter7/chapter7_3/wave2.scn.20,None,NoUse,-23.28041,-2.292671,10.94089,0,0,0,1
False,,Em4100,TODO,True,,Nightmare,False,7,-17.89108,-5.141341,-2.623923,0,0,0,1,d9eed0fa-e8b6-4c6c-8806-5739efaa1519,natives/stm/scenes/chapter/chapter7/chapter7_3/wave2.scn.20,None,NoUse,-17.89108,-5.141341,-2.623923,0,0,0,1
False,,Em4100,TODO,True,,Nightmare,False,7,-27.29954,-5.01402,20.13469,0,-0.7071068,0,0.7071068,e10abd22-3a05-4934-9d0f-f31576df8dfc,natives/stm/scenes/chapter/chapter7/chapter7_3/wave2.scn.20,None,NoUse,-27.29954,-5.01402,20.13469,0,-0.7071068,0,0.7071068
False,,Em4000,TODO,True,,Nightmare,False,7,-23.37403,-5.247619,21.44898,-4.415308E-08,1,-4.48199E-08,-4.371139E-08,f9d8fb8a-3fa5-4219-949a-4a6d0292cc09,natives/stm/scenes/chapter/chapter7/chapter7_3/wave2.scn.20,None,NoUse,-23.37403,-5.247619,21.44898,-4.415308E-08,1,-4.48199E-08,-4.371139E-08
False,,Em4000,TODO,True,,Nightmare,False,7,-17.69577,-5.233249,19.69003,-4.415308E-08,1,-4.48199E-08,-4.371139E-08,98353c81-b8b8-4783-9e35-9c78332ee640,natives/stm/scenes/chapter/chapter7/chapter7_3/wave2.scn.20,None,NoUse,-17.69577,-5.233249,19.69003,-4.415308E-08,1,-4.48199E-08,-4.371139E-08
False,,Em4000,TODO,True,,Nightmare,False,7,-23.71629,-5.150681,4.543676,-4.759293E-08,0.9959158,4.11489E-08,-0.09028743,6d3a8ab9-d383-43f3-bfdb-cccabb89bc9d,natives/stm/scenes/chapter/chapter7/chapter7_3/wave2.scn.20,None,NoUse,-23.71629,-5.150681,4.543676,-4.759293E-08,0.9959158,4.11489E-08,-0.09028743
False,,Em4000,TODO,True,,Nightmare,False,7,-38.99984,-5.193744,20.38485,-6.235054E-08,0.7071068,5.855054E-08,0.7071068,30bd4777-0ba7-48ab-b591-9683b37ee959,natives/stm/scenes/chapter/chapter7/chapter7_3/wave2.scn.20,None,NoUse,-38.99984,-5.193744,20.38485,-6.235054E-08,0.7071068,5.855054E-08,0.7071068
False,,Em4000,TODO,True,,Nightmare,False,7,-23.37403,-5.247619,21.44898,-4.415308E-08,1,-4.48199E-08,-4.371139E-08,f34786cd-443a-42d2-8731-caab19221164,natives/stm/scenes/chapter/chapter7/chapter7_3/wave2.scn.20,None,NoUse,-23.37403,-5.247619,21.44898,-4.415308E-08,1,-4.48199E-08,-4.371139E-08
False,,Em4000,TODO,True,,Nightmare,False,7,-17.69577,-5.233249,19.69003,-4.415308E-08,1,-4.48199E-08,-4.371139E-08,ead71585-3a8b-4257-bbb1-12065ef6dfae,natives/stm/scenes/chapter/chapter7/chapter7_3/wave2.scn.20,None,NoUse,-17.69577,-5.233249,19.69003,-4.415308E-08,1,-4.48199E-08,-4.371139E-08
False,,Em4000,TODO,True,,Nightmare,False,7,-23.71629,-5.150681,4.543676,-4.759293E-08,0.9959158,4.11489E-08,-0.09028743,7cc7ea1c-152d-4904-90c6-b93f950a1399,natives/stm/scenes/chapter/chapter7/chapter7_3/wave2.scn.20,None,NoUse,-23.71629,-5.150681,4.543676,-4.759293E-08,0.9959158,4.11489E-08,-0.09028743
False,,Em4000,TODO,True,,Nightmare,False,7,-38.99984,-5.193744,20.38485,-6.235054E-08,0.7071068,5.855054E-08,0.7071068,c2e6b336-c37d-45f7-91bf-a837083ca687,natives/stm/scenes/chapter/chapter7/chapter7_3/wave2.scn.20,None,NoUse,-38.99984,-5.193744,20.38485,-6.235054E-08,0.7071068,5.855054E-08,0.7071068
False,,Em4200,TODO,True,,Nightmare,False,7,-28.01126,-5.218849,15.70891,0,-0.865141,0,0.5015287,c61e743b-c751-423d-85a0-e8623df67d09,natives/stm/scenes/chapter/chapter7/chapter7_3/wave4.scn.20,None,NoUse,-28.01126,-5.218849,15.70891,0,-0.865141,0,0.5015287
False,,Em4200,TODO,True,,Nightmare,False,7,-18.60169,-5.222496,6.620049,0,-0.865141,0,0.5015287,c78aaedf-270c-47c7-95c2-a51fe743ff5f,natives/stm/scenes/chapter/chapter7/chapter7_3/wave4.scn.20,None,NoUse,-18.60169,-5.222496,6.620049,0,-0.865141,0,0.5015287
False,,Em4200,TODO,True,,Nightmare,False,7,-23.81416,-5.335502,21.71663,0,-0.865141,0,0.5015287,414d24ff-71ea-45ae-bd35-bb1787596e99,natives/stm/scenes/chapter/chapter7/chapter7_3/wave4.scn.20,None,NoUse,-23.81416,-5.335502,21.71663,0,-0.865141,0,0.5015287
False,,Em4200,TODO,True,,Nightmare,False,7,-24.89043,-5.257442,0.1709448,0,0,0,1,8b312e38-b8e2-499e-aef1-3251426bcbcb,natives/stm/scenes/chapter/chapter7/chapter7_3/wave4.scn.20,None,NoUse,-24.89043,-5.257442,0.1709448,0,0,0,1
False,,Em4100,TODO,True,,Nightmare,False,7,-29.66104,-5.929611,-1.082217,0,0,0,1,b3fea391-1f02-4ec5-9431-f12de69f5cac,natives/stm/scenes/chapter/chapter7/chapter7_3/wave4.scn.20,None,NoUse,-29.66104,-5.929611,-1.082217,0,0,0,1
False,,Em4100,TODO,True,,Nightmare,False,7,-23.28041,-2.292671,10.94089,0,0,0,1,9e6db52e-079e-4d3f-8d98-dd89a8a0aea6,natives/stm/scenes/chapter/chapter7/chapter7_3/wave4.scn.20,None,NoUse,-23.28041,-2.292671,10.94089,0,0,0,1
False,,Em4100,TODO,True,,Nightmare,False,7,-17.89108,-5.141341,-2.623923,0,0,0,1,9da300b7-509d-4137-8731-3fb924b40e47,natives/stm/scenes/chapter/chapter7/chapter7_3/wave4.scn.20,None,NoUse,-17.89108,-5.141341,-2.623923,0,0,0,1
False,,Em4100,TODO,True,,Nightmare,False,7,-27.29954,-5.01402,20.13469,0,-0.7071068,0,0.7071068,c5dda9e0-2b74-498e-a09a-c4edc8cbf019,natives/stm/scenes/chapter/chapter7/chapter7_3/wave4.scn.20,None,NoUse,-27.29954,-5.01402,20.13469,0,-0.7071068,0,0.7071068
False,,Em4000,TODO,True,,Nightmare,False,7,-23.37403,-5.247619,21.44898,-4.415308E-08,1,-4.48199E-08,-4.371139E-08,3e0f8930-c5a3-472f-b456-68e848b871a6,natives/stm/scenes/chapter/chapter7/chapter7_3/wave4.scn.20,None,NoUse,-23.37403,-5.247619,21.44898,-4.415308E-08,1,-4.48199E-08,-4.371139E-08
False,,Em4000,TODO,True,,Nightmare,False,7,-17.69577,-5.233249,19.69003,-4.415308E-08,1,-4.48199E-08,-4.371139E-08,97cbbee2-ef43-4013-ab75-06139faa7716,natives/stm/scenes/chapter/chapter7/chapter7_3/wave4.scn.20,None,NoUse,-17.69577,-5.233249,19.69003,-4.415308E-08,1,-4.48199E-08,-4.371139E-08
False,,Em4000,TODO,True,,Nightmare,False,7,-23.71629,-5.150681,4.543676,-4.759293E-08,0.9959158,4.11489E-08,-0.09028743,096bb441-3b2a-4687-9976-3d3d8f244771,natives/stm/scenes/chapter/chapter7/chapter7_3/wave4.scn.20,None,NoUse,-23.71629,-5.150681,4.543676,-4.759293E-08,0.9959158,4.11489E-08,-0.09028743
False,,Em4000,TODO,True,,Nightmare,False,7,-38.99984,-5.193744,20.38485,-6.235054E-08,0.7071068,5.855054E-08,0.7071068,a6ca68ed-9129-4bed-bc09-80c51a78aa88,natives/stm/scenes/chapter/chapter7/chapter7_3/wave4.scn.20,None,NoUse,-38.99984,-5.193744,20.38485,-6.235054E-08,0.7071068,5.855054E-08,0.7071068
False,,Em4000,TODO,True,,Nightmare,False,7,-23.37403,-5.247619,21.44898,-4.415308E-08,1,-4.48199E-08,-4.371139E-08,9adf320d-5804-4c54-80fe-0f93163c2004,natives/stm/scenes/chapter/chapter7/chapter7_3/wave4.scn.20,None,NoUse,-23.37403,-5.247619,21.44898,-4.415308E-08,1,-4.48199E-08,-4.371139E-08
False,,Em4000,TODO,True,,Nightmare,False,7,-17.69577,-5.233249,19.69003,-4.415308E-08,1,-4.48199E-08,-4.371139E-08,2c208540-9464-4482-be7d-f775495277f8,natives/stm/scenes/chapter/chapter7/chapter7_3/wave4.scn.20,None,NoUse,-17.69577,-5.233249,19.69003,-4.415308E-08,1,-4.48199E-08,-4.371139E-08
False,,Em4000,TODO,True,,Nightmare,False,7,-23.71629,-5.150681,4.543676,-4.759293E-08,0.9959158,4.11489E-08,-0.09028743,0f939a61-54ec-4d3a-90d9-b38def48a2df,natives/stm/scenes/chapter/chapter7/chapter7_3/wave4.scn.20,None,NoUse,-23.71629,-5.150681,4.543676,-4.759293E-08,0.9959158,4.11489E-08,-0.09028743
False,,Em4000,TODO,True,,Nightmare,False,7,-38.99984,-5.193744,20.38485,-6.235054E-08,0.7071068,5.855054E-08,0.7071068,12f31efa-fc15-40b3-b471-11f0ef4a8327,natives/stm/scenes/chapter/chapter7/chapter7_3/wave4.scn.20,None,NoUse,-38.99984,-5.193744,20.38485,-6.235054E-08,0.7071068,5.855054E-08,0.7071068
False,,Em4200,TODO,True,,Nightmare,False,7,-34.79664,-5.202045,20.70742,0,-0.865141,0,0.5015287,e994fe81-6b1f-4607-886b-d20cd3bdfbf7,natives/stm/scenes/chapter/chapter7/chapter7_3/wave4.scn.20,None,NoUse,-34.79664,-5.202045,20.70742,0,-0.865141,0,0.5015287
False,,Em4200,TODO,True,,Nightmare,False,7,-24.16961,-5.222141,2.61427,0,-0.865141,0,0.5015287,7abd9a4b-6826-4729-9d42-5bbcadeb5376,natives/stm/scenes/chapter/chapter7/chapter7_3/wave4.scn.20,None,NoUse,-24.16961,-5.222141,2.61427,0,-0.865141,0,0.5015287
False,,Em4200,TODO,True,,Nightmare,False,7,-22.08009,-5.215087,11.16425,0,-0.865141,0,0.5015287,38917ee4-ca78-4d83-87dd-5b40374bc659,natives/stm/scenes/chapter/chapter7/chapter7_3/wave4.scn.20,None,NoUse,-22.08009,-5.215087,11.16425,0,-0.865141,0,0.5015287
False,,Em4200,TODO,True,,Nightmare,False,7,-24.86867,-5.198291,-0.125757,0,0,0,1,9137417b-cbd9-4ad2-baa1-17c5e0db2948,natives/stm/scenes/chapter/chapter7/chapter7_3/wave4.scn.20,None,NoUse,-24.86867,-5.198291,-0.125757,0,0,0,1
False,,Em4100,TODO,True,,Nightmare,False,7,-29.66104,-5.929611,-1.082217,0,0,0,1,05879695-7a01-4192-a7fc-656a48bcf9b2,natives/stm/scenes/chapter/chapter7/chapter7_3/wave4.scn.20,None,NoUse,-29.66104,-5.929611,-1.082217,0,0,0,1
False,,Em4100,TODO,True,,Nightmare,False,7,-23.28041,-2.292671,10.94089,0,0,0,1,ba3d8ebe-5d41-4398-a39b-fe19044bdb9b,natives/stm/scenes/chapter/chapter7/chapter7_3/wave4.scn.20,None,NoUse,-23.28041,-2.292671,10.94089,0,0,0,1
False,,Em4100,TODO,True,,Nightmare,False,7,-17.89108,-5.141341,-2.623923,0,0,0,1,d9c8fd9e-f028-45fc-8504-f967c939750d,natives/stm/scenes/chapter/chapter7/chapter7_3/wave4.scn.20,None,NoUse,-17.89108,-5.141341,-2.623923,0,0,0,1
False,,Em4100,TODO,True,,Nightmare,False,7,-27.29954,-5.01402,20.13469,0,-0.7071068,0,0.7071068,ee32d93e-785c-4fbd-8a14-a057064c8e2f,natives/stm/scenes/chapter/chapter7/chapter7_3/wave4.scn.20,None,NoUse,-27.29954,-5.01402,20.13469,0,-0.7071068,0,0.7071068
False,,Em4000,TODO,True,,Nightmare,False,7,-23.37403,-5.247619,21.44898,-4.415308E-08,1,-4.48199E-08,-4.371139E-08,d8935ac4-f0f9-4589-9bc9-f6edfb864544,natives/stm/scenes/chapter/chapter7/chapter7_3/wave4.scn.20,None,NoUse,-23.37403,-5.247619,21.44898,-4.415308E-08,1,-4.48199E-08,-4.371139E-08
False,,Em4000,TODO,True,,Nightmare,False,7,-17.69577,-5.233249,19.69003,-4.415308E-08,1,-4.48199E-08,-4.371139E-08,bd74fd4e-45c7-4ae6-92fe-d8e0dd205b29,natives/stm/scenes/chapter/chapter7/chapter7_3/wave4.scn.20,None,NoUse,-17.69577,-5.233249,19.69003,-4.415308E-08,1,-4.48199E-08,-4.371139E-08
False,,Em4000,TODO,True,,Nightmare,False,7,-23.71629,-5.150681,4.543676,-4.759293E-08,0.9959158,4.11489E-08,-0.09028743,9dbcc607-ec60-4c25-8fda-8d4187856d46,natives/stm/scenes/chapter/chapter7/chapter7_3/wave4.scn.20,None,NoUse,-23.71629,-5.150681,4.543676,-4.759293E-08,0.9959158,4.11489E-08,-0.09028743
False,,Em4000,TODO,True,,Nightmare,False,7,-38.99984,-5.193744,20.38485,-6.235054E-08,0.7071068,5.855054E-08,0.7071068,5a604d20-743a-4141-ac7d-e954da9435a5,natives/stm/scenes/chapter/chapter7/chapter7_3/wave4.scn.20,None,NoUse,-38.99984,-5.193744,20.38485,-6.235054E-08,0.7071068,5.855054E-08,0.7071068
False,,Em4000,TODO,True,,Nightmare,False,7,-23.37403,-5.247619,21.44898,-4.415308E-08,1,-4.48199E-08,-4.371139E-08,deb1e446-5665-42e9-a93a-6fbf1b971a51,natives/stm/scenes/chapter/chapter7/chapter7_3/wave4.scn.20,None,NoUse,-23.37403,-5.247619,21.44898,-4.415308E-08,1,-4.48199E-08,-4.371139E-08
False,,Em4000,TODO,True,,Nightmare,False,7,-17.69577,-5.233249,19.69003,-4.415308E-08,1,-4.48199E-08,-4.371139E-08,1fd25574-03ee-4cb4-9393-e77ee3c9bac1,natives/stm/scenes/chapter/chapter7/chapter7_3/wave4.scn.20,None,NoUse,-17.69577,-5.233249,19.69003,-4.415308E-08,1,-4.48199E-08,-4.371139E-08
False,,Em4000,TODO,True,,Nightmare,False,7,-23.71629,-5.150681,4.543676,-4.759293E-08,0.9959158,4.11489E-08,-0.09028743,780d2e74-df3b-445c-955f-3fced74f4899,natives/stm/scenes/chapter/chapter7/chapter7_3/wave4.scn.20,None,NoUse,-23.71629,-5.150681,4.543676,-4.759293E-08,0.9959158,4.11489E-08,-0.09028743
False,,Em4000,TODO,True,,Nightmare,False,7,-38.99984,-5.193744,20.38485,-6.235054E-08,0.7071068,5.855054E-08,0.7071068,a0dbe3a2-9da3-4522-91ad-6a7f66a4fe73,natives/stm/scenes/chapter/chapter7/chapter7_3/wave4.scn.20,None,NoUse,-38.99984,-5.193744,20.38485,-6.235054E-08,0.7071068,5.855054E-08,0.7071068
False,,Em4200,TODO,True,,Nightmare,True,7,-28.01126,-5.218849,15.70891,0,-0.865141,0,0.5015287,d63bd59e-cb55-4208-99e9-710ecb4f7951,natives/stm/scenes/chapter/chapter7/chapter7_3/wave5.scn.20,None,NoUse,-28.01126,-5.218849,15.70891,0,-0.865141,0,0.5015287
False,,Em4200,TODO,True,,Nightmare,True,7,-18.60169,-5.222496,6.620049,0,-0.865141,0,0.5015287,87412cca-e9b6-4e30-9ddd-a0be6ed96f54,natives/stm/scenes/chapter/chapter7/chapter7_3/wave5.scn.20,None,NoUse,-18.60169,-5.222496,6.620049,0,-0.865141,0,0.5015287
False,,Em4200,TODO,True,,Nightmare,True,7,-23.81416,-5.335502,21.71663,0,-0.865141,0,0.5015287,eb40a051-3356-4b72-a11c-b608d1c043e2,natives/stm/scenes/chapter/chapter7/chapter7_3/wave5.scn.20,None,NoUse,-23.81416,-5.335502,21.71663,0,-0.865141,0,0.5015287
False,,Em4200,TODO,True,,Nightmare,True,7,-24.89043,-5.257442,0.1709448,0,0,0,1,e95549e7-2c11-4c78-90e6-f6fb3f8323ef,natives/stm/scenes/chapter/chapter7/chapter7_3/wave5.scn.20,None,NoUse,-24.89043,-5.257442,0.1709448,0,0,0,1
False,,Em4100,TODO,True,,Nightmare,False,7,-29.66104,-5.929611,-1.082217,0,0,0,1,dc41cbd6-b494-4570-9244-13982b5a093d,natives/stm/scenes/chapter/chapter7/chapter7_3/wave5.scn.20,None,NoUse,-29.66104,-5.929611,-1.082217,0,0,0,1
False,,Em4100,TODO,True,,Nightmare,False,7,-23.28041,-2.292671,10.94089,0,0,0,1,159cdac5-ebbe-4e57-a520-c2e45fb7a111,natives/stm/scenes/chapter/chapter7/chapter7_3/wave5.scn.20,None,NoUse,-23.28041,-2.292671,10.94089,0,0,0,1
False,,Em4100,TODO,True,,Nightmare,False,7,-17.89108,-5.141341,-2.623923,0,0,0,1,546f7800-c200-41f5-9f09-e1ccc8a8d434,natives/stm/scenes/chapter/chapter7/chapter7_3/wave5.scn.20,None,NoUse,-17.89108,-5.141341,-2.623923,0,0,0,1
False,,Em4100,TODO,True,,Nightmare,False,7,-27.29954,-5.01402,20.13469,0,-0.7071068,0,0.7071068,ee142873-5f85-4415-a65f-8470440cdb8c,natives/stm/scenes/chapter/chapter7/chapter7_3/wave5.scn.20,None,NoUse,-27.29954,-5.01402,20.13469,0,-0.7071068,0,0.7071068
False,,Em4000,TODO,True,,Nightmare,False,7,-23.37403,-5.247619,21.44898,-4.415308E-08,1,-4.48199E-08,-4.371139E-08,97a83abb-0c47-49c7-967c-89228ba31503,natives/stm/scenes/chapter/chapter7/chapter7_3/wave5.scn.20,None,NoUse,-23.37403,-5.247619,21.44898,-4.415308E-08,1,-4.48199E-08,-4.371139E-08
False,,Em4000,TODO,True,,Nightmare,False,7,-17.69577,-5.233249,19.69003,-4.415308E-08,1,-4.48199E-08,-4.371139E-08,19e0cdba-e876-4034-9ab1-d5b1eb98d2d1,natives/stm/scenes/chapter/chapter7/chapter7_3/wave5.scn.20,None,NoUse,-17.69577,-5.233249,19.69003,-4.415308E-08,1,-4.48199E-08,-4.371139E-08
False,,Em4000,TODO,True,,Nightmare,False,7,-23.71629,-5.150681,4.543676,-4.759293E-08,0.9959158,4.11489E-08,-0.09028743,480cb1c7-11be-40b5-8db4-230d2921a12e,natives/stm/scenes/chapter/chapter7/chapter7_3/wave5.scn.20,None,NoUse,-23.71629,-5.150681,4.543676,-4.759293E-08,0.9959158,4.11489E-08,-0.09028743
False,,Em4000,TODO,True,,Nightmare,False,7,-38.99984,-5.193744,20.38485,-6.235054E-08,0.7071068,5.855054E-08,0.7071068,8b468519-c30c-48c7-8f70-7a8a1c361aa7,natives/stm/scenes/chapter/chapter7/chapter7_3/wave5.scn.20,None,NoUse,-38.99984,-5.193744,20.38485,-6.235054E-08,0.7071068,5.855054E-08,0.7071068
False,,Em4000,TODO,True,,Nightmare,False,7,-23.37403,-5.247619,21.44898,-4.415308E-08,1,-4.48199E-08,-4.371139E-08,a255aa2e-8689-43ae-ba24-8099f28a3472,natives/stm/scenes/chapter/chapter7/chapter7_3/wave5.scn.20,None,NoUse,-23.37403,-5.247619,21.44898,-4.415308E-08,1,-4.48199E-08,-4.371139E-08
False,,Em4000,TODO,True,,Nightmare,False,7,-17.69577,-5.233249,19.69003,-4.415308E-08,1,-4.48199E-08,-4.371139E-08,85a05245-5130-4cc4-91ae-32a8e41ba706,natives/stm/scenes/chapter/chapter7/chapter7_3/wave5.scn.20,None,NoUse,-17.69577,-5.233249,19.69003,-4.415308E-08,1,-4.48199E-08,-4.371139E-08
False,,Em4000,TODO,True,,Nightmare,False,7,-23.71629,-5.150681,4.543676,-4.759293E-08,0.9959158,4.11489E-08,-0.09028743,4ccdecd9-dc96-4f79-b67a-7fb0e8bb8031,natives/stm/scenes/chapter/chapter7/chapter7_3/wave5.scn.20,None,NoUse,-23.71629,-5.150681,4.543676,-4.759293E-08,0.9959158,4.11489E-08,-0.09028743
False,,Em4000,TODO,True,,Nightmare,False,7,-38.99984,-5.193744,20.38485,-6.235054E-08,0.7071068,5.855054E-08,0.7071068,ded6005b-6ad2-460e-8fda-ad12dd53aa20,natives/stm/scenes/chapter/chapter7/chapter7_3/wave5.scn.20,None,NoUse,-38.99984,-5.193744,20.38485,-6.235054E-08,0.7071068,5.855054E-08,0.7071068
False,,Em4200,TODO,True,,Nightmare,False,7,-34.79664,-5.202045,20.70742,0,-0.865141,0,0.5015287,cde45c2f-b802-4cf5-941f-e28e81c41517,natives/stm/scenes/chapter/chapter7/chapter7_3/wave5.scn.20,None,NoUse,-34.79664,-5.202045,20.70742,0,-0.865141,0,0.5015287
False,,Em4200,TODO,True,,Nightmare,False,7,-24.16961,-5.222141,2.61427,0,-0.865141,0,0.5015287,65975470-f0ff-46be-bff3-e8e38a7877fb,natives/stm/scenes/chapter/chapter7/chapter7_3/wave5.scn.20,None,NoUse,-24.16961,-5.222141,2.61427,0,-0.865141,0,0.5015287
False,,Em4200,TODO,True,,Nightmare,False,7,-22.08009,-5.215087,11.16425,0,-0.865141,0,0.5015287,75c56c0e-d3e6-4a7f-b147-fb36d5d350d9,natives/stm/scenes/chapter/chapter7/chapter7_3/wave5.scn.20,None,NoUse,-22.08009,-5.215087,11.16425,0,-0.865141,0,0.5015287
False,,Em4200,TODO,True,,Nightmare,False,7,-24.86867,-5.198291,-0.125757,0,0,0,1,34c5dfd7-3007-41a7-8155-c58777f55449,natives/stm/scenes/chapter/chapter7/chapter7_3/wave5.scn.20,None,NoUse,-24.86867,-5.198291,-0.125757,0,0,0,1
False,,Em4100,TODO,True,,Nightmare,False,7,-29.66104,-5.929611,-1.082217,0,0,0,1,63557088-60ab-4c7d-9b37-14a9d9b3af90,natives/stm/scenes/chapter/chapter7/chapter7_3/wave5.scn.20,None,NoUse,-29.66104,-5.929611,-1.082217,0,0,0,1
False,,Em4100,TODO,True,,Nightmare,False,7,-23.28041,-2.292671,10.94089,0,0,0,1,7779ad3e-885f-431e-90ca-ba75e86d68f5,natives/stm/scenes/chapter/chapter7/chapter7_3/wave5.scn.20,None,NoUse,-23.28041,-2.292671,10.94089,0,0,0,1
False,,Em4100,TODO,True,,Nightmare,False,7,-17.89108,-5.141341,-2.623923,0,0,0,1,ea81a3a2-9dc9-4dfe-ae9a-4648327a8c19,natives/stm/scenes/chapter/chapter7/chapter7_3/wave5.scn.20,None,NoUse,-17.89108,-5.141341,-2.623923,0,0,0,1
False,,Em4100,TODO,True,,Nightmare,False,7,-27.29954,-5.01402,20.13469,0,-0.7071068,0,0.7071068,f94a4e97-9943-4b51-b220-4f38cfed756d,natives/stm/scenes/chapter/chapter7/chapter7_3/wave5.scn.20,None,NoUse,-27.29954,-5.01402,20.13469,0,-0.7071068,0,0.7071068
False,,Em4000,TODO,True,,Nightmare,False,7,-23.37403,-5.247619,21.44898,-4.415308E-08,1,-4.48199E-08,-4.371139E-08,d585d3a9-a272-49a8-b32b-6c24c60c2f77,natives/stm/scenes/chapter/chapter7/chapter7_3/wave5.scn.20,None,NoUse,-23.37403,-5.247619,21.44898,-4.415308E-08,1,-4.48199E-08,-4.371139E-08
False,,Em4000,TODO,True,,Nightmare,False,7,-17.69577,-5.233249,19.69003,-4.415308E-08,1,-4.48199E-08,-4.371139E-08,1dcebcf8-350b-492c-b4b8-1c182376a759,natives/stm/scenes/chapter/chapter7/chapter7_3/wave5.scn.20,None,NoUse,-17.69577,-5.233249,19.69003,-4.415308E-08,1,-4.48199E-08,-4.371139E-08
False,,Em4000,TODO,True,,Nightmare,False,7,-23.71629,-5.150681,4.543676,-4.759293E-08,0.9959158,4.11489E-08,-0.09028743,dbffc5a7-e510-477a-8d50-fa99de6d9e23,natives/stm/scenes/chapter/chapter7/chapter7_3/wave5.scn.20,None,NoUse,-23.71629,-5.150681,4.543676,-4.759293E-08,0.9959158,4.11489E-08,-0.09028743
False,,Em4000,TODO,True,,Nightmare,False,7,-38.99984,-5.193744,20.38485,-6.235054E-08,0.7071068,5.855054E-08,0.7071068,8d9984ff-986a-4f69-8ec1-466f0c908819,natives/stm/scenes/chapter/chapter7/chapter7_3/wave5.scn.20,None,NoUse,-38.99984,-5.193744,20.38485,-6.235054E-08,0.7071068,5.855054E-08,0.7071068
False,,Em4000,TODO,True,,Nightmare,False,7,-23.37403,-5.247619,21.44898,-4.415308E-08,1,-4.48199E-08,-4.371139E-08,ae161f39-c79d-4334-b711-c032cf88cd44,natives/stm/scenes/chapter/chapter7/chapter7_3/wave5.scn.20,None,NoUse,-23.37403,-5.247619,21.44898,-4.415308E-08,1,-4.48199E-08,-4.371139E-08
False,,Em4000,TODO,True,,Nightmare,False,7,-17.69577,-5.233249,19.69003,-4.415308E-08,1,-4.48199E-08,-4.371139E-08,03901a40-af3f-41fa-ae55-9e50e24babe5,natives/stm/scenes/chapter/chapter7/chapter7_3/wave5.scn.20,None,NoUse,-17.69577,-5.233249,19.69003,-4.415308E-08,1,-4.48199E-08,-4.371139E-08
False,,Em4000,TODO,True,,Nightmare,False,7,-23.71629,-5.150681,4.543676,-4.759293E-08,0.9959158,4.11489E-08,-0.09028743,7d01c973-7e4c-4d3b-a32b-a47815eb9c90,natives/stm/scenes/chapter/chapter7/chapter7_3/wave5.scn.20,None,NoUse,-23.71629,-5.150681,4.543676,-4.759293E-08,0.9959158,4.11489E-08,-0.09028743
False,,Em4000,TODO,True,,Nightmare,False,7,-38.99984,-5.193744,20.38485,-6.235054E-08,0.7071068,5.855054E-08,0.7071068,b11b4b71-c490-4628-a531-d11fc08dc38a,natives/stm/scenes/chapter/chapter7/chapter7_3/wave5.scn.20,None,NoUse,-38.99984,-5.193744,20.38485,-6.235054E-08,0.7071068,5.855054E-08,0.7071068
False,,Em4200,TODO,True,,Nightmare,False,7,-28.01126,-5.218849,15.70891,0,-0.865141,0,0.5015287,0896b198-cc86-4bf9-b15f-96ad13977040,natives/stm/scenes/chapter/chapter7/chapter7_3/wave3.scn.20,None,NoUse,-28.01126,-5.218849,15.70891,0,-0.865141,0,0.5015287
False,,Em4200,TODO,True,,Nightmare,False,7,-18.60169,-5.222496,6.620049,0,-0.865141,0,0.5015287,006d99f6-67fe-491a-add8-531677da9440,natives/stm/scenes/chapter/chapter7/chapter7_3/wave3.scn.20,None,NoUse,-18.60169,-5.222496,6.620049,0,-0.865141,0,0.5015287
False,,Em4200,TODO,True,,Nightmare,False,7,-23.81416,-5.335502,21.71663,0,-0.865141,0,0.5015287,924f5a75-64db-4a0a-a2b1-83a24941e95b,natives/stm/scenes/chapter/chapter7/chapter7_3/wave3.scn.20,None,NoUse,-23.81416,-5.335502,21.71663,0,-0.865141,0,0.5015287
False,,Em4200,TODO,True,,Nightmare,False,7,-24.89043,-5.257442,0.1709448,0,0,0,1,627f3cac-f8f0-4d3f-a995-d6bd7bf911fe,natives/stm/scenes/chapter/chapter7/chapter7_3/wave3.scn.20,None,NoUse,-24.89043,-5.257442,0.1709448,0,0,0,1
False,,Em4100,TODO,True,,Nightmare,False,7,-29.66104,-5.929611,-1.082217,0,0,0,1,09e72f15-2e1c-4d49-b8bb-360e3eed6a66,natives/stm/scenes/chapter/chapter7/chapter7_3/wave3.scn.20,None,NoUse,-29.66104,-5.929611,-1.082217,0,0,0,1
False,,Em4100,TODO,True,,Nightmare,False,7,-23.28041,-2.292671,10.94089,0,0,0,1,8d0e714c-9072-4696-badb-923dbc255df6,natives/stm/scenes/chapter/chapter7/chapter7_3/wave3.scn.20,None,NoUse,-23.28041,-2.292671,10.94089,0,0,0,1
False,,Em4100,TODO,True,,Nightmare,False,7,-17.89108,-5.141341,-2.623923,0,0,0,1,3dd3d9ae-95d3-481b-8b2b-de8fa26aa02e,natives/stm/scenes/chapter/chapter7/chapter7_3/wave3.scn.20,None,NoUse,-17.89108,-5.141341,-2.623923,0,0,0,1
False,,Em4100,TODO,True,,Nightmare,False,7,-27.29954,-5.01402,20.13469,0,-0.7071068,0,0.7071068,a0ec30df-2eb3-4cde-8f27-b22138762f44,natives/stm/scenes/chapter/chapter7/chapter7_3/wave3.scn.20,None,NoUse,-27.29954,-5.01402,20.13469,0,-0.7071068,0,0.7071068
False,,Em4000,TODO,True,,Nightmare,False,7,-24.49269,-4.952024,18.71004,-6.216019E-08,0.8033961,-9.71739E-09,0.595445,cc9f7748-cfaf-4af0-9cc5-07d933a0126f,natives/stm/scenes/chapter/chapter7/chapter7_3/wave3.scn.20,None,NoUse,-24.49269,-4.952024,18.71004,-6.216019E-08,0.8033961,-9.71739E-09,0.595445
False,,Em4000,TODO,True,,Nightmare,False,7,-17.69577,-5.233249,19.69003,-4.415308E-08,1,-4.48199E-08,-4.371139E-08,67a4efda-d4df-4b64-8807-957e70e33c86,natives/stm/scenes/chapter/chapter7/chapter7_3/wave3.scn.20,None,NoUse,-17.69577,-5.233249,19.69003,-4.415308E-08,1,-4.48199E-08,-4.371139E-08
False,,Em4000,TODO,True,,Nightmare,False,7,-23.71629,-5.150681,4.543676,-4.759293E-08,0.9959158,4.11489E-08,-0.09028743,3c3a6152-24a3-41a2-b2c1-d6fceaf8deec,natives/stm/scenes/chapter/chapter7/chapter7_3/wave3.scn.20,None,NoUse,-23.71629,-5.150681,4.543676,-4.759293E-08,0.9959158,4.11489E-08,-0.09028743
False,,Em4000,TODO,True,,Nightmare,False,7,-38.99984,-5.193744,20.38485,-6.235054E-08,0.7071068,5.855054E-08,0.7071068,c3c91c58-477d-4493-adae-c897dc64795f,natives/stm/scenes/chapter/chapter7/chapter7_3/wave3.scn.20,None,NoUse,-38.99984,-5.193744,20.38485,-6.235054E-08,0.7071068,5.855054E-08,0.7071068
False,,Em4000,TODO,True,,Nightmare,False,7,-24.48344,-5.051042,18.74656,-6.288485E-08,0.7235571,-1.952446E-09,0.6902645,be7f27a6-828a-4468-b19f-9bd959552987,natives/stm/scenes/chapter/chapter7/chapter7_3/wave3.scn.20,None,NoUse,-24.48344,-5.051042,18.74656,-6.288485E-08,0.7235571,-1.952446E-09,0.6902645
False,,Em4000,TODO,True,,Nightmare,False,7,-17.69577,-5.233249,19.69003,-4.415308E-08,1,-4.48199E-08,-4.371139E-08,ae5d9fc6-4c7d-4fe7-8e58-c765613ee8d6,natives/stm/scenes/chapter/chapter7/chapter7_3/wave3.scn.20,None,NoUse,-17.69577,-5.233249,19.69003,-4.415308E-08,1,-4.48199E-08,-4.371139E-08
False,,Em4000,TODO,True,,Nightmare,False,7,-23.71629,-5.150681,4.543676,-4.759293E-08,0.9959158,4.11489E-08,-0.09028743,9ba74118-5077-4c13-94eb-584670322302,natives/stm/scenes/chapter/chapter7/chapter7_3/wave3.scn.20,None,NoUse,-23.71629,-5.150681,4.543676,-4.759293E-08,0.9959158,4.11489E-08,-0.09028743
False,,Em4000,TODO,True,,Nightmare,False,7,-38.99984,-5.193744,20.38485,-6.235054E-08,0.7071068,5.855054E-08,0.7071068,c8f53c8b-b756-42f0-a4ec-d130793e0d4d,natives/stm/scenes/chapter/chapter7/chapter7_3/wave3.scn.20,None,NoUse,-38.99984,-5.193744,20.38485,-6.235054E-08,0.7071068,5.855054E-08,0.7071068
False,,Em4200,TODO,True,,Nightmare,False,7,-34.79664,-5.202045,20.70742,0,-0.865141,0,0.5015287,3e100072-54f6-4c47-9d54-99c87d407e95,natives/stm/scenes/chapter/chapter7/chapter7_3/wave3.scn.20,None,NoUse,-34.79664,-5.202045,20.70742,0,-0.865141,0,0.5015287
False,,Em4200,TODO,True,,Nightmare,False,7,-24.16961,-5.222141,2.61427,0,-0.865141,0,0.5015287,88b902fa-50c6-435d-afb9-b5fa88c380dd,natives/stm/scenes/chapter/chapter7/chapter7_3/wave3.scn.20,None,NoUse,-24.16961,-5.222141,2.61427,0,-0.865141,0,0.5015287
False,,Em4200,TODO,True,,Nightmare,False,7,-22.08009,-5.215087,11.16425,0,-0.865141,0,0.5015287,dbefdc35-0e99-48da-b24a-8b865d909616,natives/stm/scenes/chapter/chapter7/chapter7_3/wave3.scn.20,None,NoUse,-22.08009,-5.215087,11.16425,0,-0.865141,0,0.5015287
False,,Em4200,TODO,True,,Nightmare,False,7,-24.86867,-5.198291,-0.125757,0,0,0,1,a4f80875-1d6d-4b1b-a357-d24f293319a9,natives/stm/scenes/chapter/chapter7/chapter7_3/wave3.scn.20,None,NoUse,-24.86867,-5.198291,-0.125757,0,0,0,1
False,,Em4100,TODO,True,,Nightmare,False,7,-29.66104,-5.929611,-1.082217,0,0,0,1,9ef15679-e831-440b-9103-af70905b7b50,natives/stm/scenes/chapter/chapter7/chapter7_3/wave3.scn.20,None,NoUse,-29.66104,-5.929611,-1.082217,0,0,0,1
False,,Em4100,TODO,True,,Nightmare,False,7,-23.28041,-2.292671,10.94089,0,0,0,1,fdc8bf9b-edd1-45d2-9465-cb5c2a26ed43,natives/stm/scenes/chapter/chapter7/chapter7_3/wave3.scn.20,None,NoUse,-23.28041,-2.292671,10.94089,0,0,0,1
False,,Em4100,TODO,True,,Nightmare,False,7,-17.89108,-5.141341,-2.623923,0,0,0,1,01d5a76d-232b-414d-a9df-276c3c1fb0b3,natives/stm/scenes/chapter/chapter7/chapter7_3/wave3.scn.20,None,NoUse,-17.89108,-5.141341,-2.623923,0,0,0,1
False,,Em4100,TODO,True,,Nightmare,False,7,-27.29954,-5.01402,20.13469,0,-0.7071068,0,0.7071068,5a1e5573-9d1c-4542-b6f7-27eacaf11d48,natives/stm/scenes/chapter/chapter7/chapter7_3/wave3.scn.20,None,NoUse,-27.29954,-5.01402,20.13469,0,-0.7071068,0,0.7071068
False,,Em4000,TODO,True,,Nightmare,False,7,-23.37403,-5.247619,21.44898,-4.415308E-08,1,-4.48199E-08,-4.371139E-08,dd7c7049-8be5-48b2-bfa1-3d2eaea11094,natives/stm/scenes/chapter/chapter7/chapter7_3/wave3.scn.20,None,NoUse,-23.37403,-5.247619,21.44898,-4.415308E-08,1,-4.48199E-08,-4.371139E-08
False,,Em4000,TODO,True,,Nightmare,False,7,-17.69577,-5.233249,19.69003,-4.415308E-08,1,-4.48199E-08,-4.371139E-08,1931734f-7883-49d3-8385-a4521e140564,natives/stm/scenes/chapter/chapter7/chapter7_3/wave3.scn.20,None,NoUse,-17.69577,-5.233249,19.69003,-4.415308E-08,1,-4.48199E-08,-4.371139E-08
False,,Em4000,TODO,True,,Nightmare,False,7,-23.71629,-5.150681,4.543676,-4.759293E-08,0.9959158,4.11489E-08,-0.09028743,44767d64-9de1-4423-b5fb-5add000e2488,natives/stm/scenes/chapter/chapter7/chapter7_3/wave3.scn.20,None,NoUse,-23.71629,-5.150681,4.543676,-4.759293E-08,0.9959158,4.11489E-08,-0.09028743
False,,Em4000,TODO,True,,Nightmare,False,7,-38.99984,-5.193744,20.38485,-6.235054E-08,0.7071068,5.855054E-08,0.7071068,268bb2ea-f53d-47ab-9a51-426aeb4a9f3c,natives/stm/scenes/chapter/chapter7/chapter7_3/wave3.scn.20,None,NoUse,-38.99984,-5.193744,20.38485,-6.235054E-08,0.7071068,5.855054E-08,0.7071068
False,,Em4000,TODO,True,,Nightmare,False,7,-23.37403,-5.247619,21.44898,-4.415308E-08,1,-4.48199E-08,-4.371139E-08,2ddb3fa6-234e-4c0f-8c59-a3316a39faaf,natives/stm/scenes/chapter/chapter7/chapter7_3/wave3.scn.20,None,NoUse,-23.37403,-5.247619,21.44898,-4.415308E-08,1,-4.48199E-08,-4.371139E-08
False,,Em4000,TODO,True,,Nightmare,False,7,-17.69577,-5.233249,19.69003,-4.415308E-08,1,-4.48199E-08,-4.371139E-08,3a280592-b9f0-46d9-8825-dfc6640d016b,natives/stm/scenes/chapter/chapter7/chapter7_3/wave3.scn.20,None,NoUse,-17.69577,-5.233249,19.69003,-4.415308E-08,1,-4.48199E-08,-4.371139E-08
False,,Em4000,TODO,True,,Nightmare,False,7,-23.71629,-5.150681,4.543676,-4.759293E-08,0.9959158,4.11489E-08,-0.09028743,6097a6f8-e590-4b83-8079-0c964a947afd,natives/stm/scenes/chapter/chapter7/chapter7_3/wave3.scn.20,None,NoUse,-23.71629,-5.150681,4.543676,-4.759293E-08,0.9959158,4.11489E-08,-0.09028743
False,,Em4000,TODO,True,,Nightmare,False,7,-38.99984,-5.193744,20.38485,-6.235054E-08,0.7071068,5.855054E-08,0.7071068,b0a40b92-eeb5-49c8-8ba0-79ee5edfde95,natives/stm/scenes/chapter/chapter7/chapter7_3/wave3.scn.20,None,NoUse,-38.99984,-5.193744,20.38485,-6.235054E-08,0.7071068,5.855054E-08,0.7071068
