IsExtra,Tags,Comment,Id,Enabled,StackNum,EasyNum,HardNum,Difficulty,Chapter,Guid,SaveGuid,PosX,PosY,PosZ,RotX,RotY,RotZ,RotW,GameObjectName,SceneFile,Mesh,Material,Dlc
TRUE,crate not_fake,Salt Mine Exit,,TRUE,1,1,1,,4,00000000-0000-0000-0000-000000000000,00000000-0000-0000-0000-000000000000,-67.628,-15.406,-107.545,,,,,,natives/stm/environment/scene/chapter4/c04_caveev03.scn.20,,,
TRUE,crate fake,Salt Mine Fat Moldeds,,TRUE,1,1,1,,4,00000000-0000-0000-0000-000000000000,00000000-0000-0000-0000-000000000000,-53.545,-23.268,-125.87,,,,,,natives/stm/environment/scene/chapter4/c04_cavemine.scn.20,,,
TRUE,random,Salt Mine Serum Area,,TRUE,1,1,1,,4,00000000-0000-0000-0000-000000000000,00000000-0000-0000-0000-000000000000,-24.722,-40.278,-185.371,,,,,,natives/stm/environment/scene/chapter4/c04_cavepassage05.scn.20,,,
TRUE,crate,Salt Mine Mine Car Tunnel,,TRUE,1,1,1,,4,00000000-0000-0000-0000-000000000000,00000000-0000-0000-0000-000000000000,2.662,-43.341,-161.39,,,,,,natives/stm/environment/scene/chapter4/c04_cavepassage03.scn.20,,,
TRUE,random,Salt Mine North Cavern,,TRUE,1,1,1,,4,00000000-0000-0000-0000-000000000000,00000000-0000-0000-0000-000000000000,-9.659,-44.538,-206.902,,,,,,natives/stm/environment/scene/chapter4/c04_cave03.scn.20,,,
TRUE,random,Swamp Cottage,,TRUE,1,1,1,,4,00000000-0000-0000-0000-000000000000,00000000-0000-0000-0000-000000000000,49.638,1.631,-41.325,,,,,,natives/stm/environment/scene/chapter4/c04_cottage.scn.20,,,
TRUE,,Wrecked Ship Exit,RemedyL,TRUE,1,1,1,,4,00000000-0000-0000-0000-000000000000,00000000-0000-0000-0000-000000000000,60.128,8.642,5.51,,,,,,natives/stm/environment/scene/chapter4/c04_shipb2storage02.scn.20,,,
TRUE,random,Captain's Cabin,,TRUE,1,1,1,,4,00000000-0000-0000-0000-000000000000,00000000-0000-0000-0000-000000000000,61.494,35.892,23.791,,,,,,natives/stm/environment/scene/chapter4/c04_ship4fcabina.scn.20,,,
TRUE,crate,Wrecked Ship 4F Bridge,,TRUE,1,1,1,,4,00000000-0000-0000-0000-000000000000,00000000-0000-0000-0000-000000000000,64.771,34.894,33.329,,,,,,natives/stm/environment/scene/chapter4/c04_ship4fbridge.scn.20,,,
TRUE,crate,Ship Engine Room No 2,,TRUE,1,1,1,,4,00000000-0000-0000-0000-000000000000,00000000-0000-0000-0000-000000000000,71.765,7.919,-14.637,,,,,,natives/stm/environment/scene/chapter4/c04_shipb2engineroom01past.scn.20,,,
TRUE,random,Ship Kitchen,,TRUE,1,1,1,,4,00000000-0000-0000-0000-000000000000,00000000-0000-0000-0000-000000000000,69.799,26.357,20.589,,,,,,natives/stm/environment/scene/chapter4/c04_ship2fkitchenpast.scn.20,,,
TRUE,crate,Ship B2 Corridor,,TRUE,1,1,1,,4,00000000-0000-0000-0000-000000000000,00000000-0000-0000-0000-000000000000,101.745,6.796,-4.814,,,,,,natives/stm/environment/scene/chapter4/c04_shipb2corridor04past.scn.20,,,
TRUE,random,Wrecked Ship B1 Workshop,,TRUE,1,1,1,,4,00000000-0000-0000-0000-000000000000,00000000-0000-0000-0000-000000000000,70.749,14.4,36.093,,,,,,natives/stm/environment/scene/chapter4/c04_shipb1workshop.scn.20,,,
TRUE,random,Wrecked Ship Entrance,,TRUE,1,1,1,,4,00000000-0000-0000-0000-000000000000,00000000-0000-0000-0000-000000000000,68.458,4.7,35.71,,,,,,natives/stm/environment/scene/chapter4/c04_shipb1outside01.scn.20,,,
TRUE,random,Post-Jack 3 Bridges,,TRUE,1,1,1,,3,00000000-0000-0000-0000-000000000000,00000000-0000-0000-0000-000000000000,122.686,-3.762,89.353,,,,,,natives/stm/environment/scene/chapter3/c03_boat1fbridge02.scn.20,,,
TRUE,crate,Pre-Jack 3 Bridges,,TRUE,1,1,1,,3,00000000-0000-0000-0000-000000000000,00000000-0000-0000-0000-000000000000,34.27,-1.054,48.007,,,,,,natives/stm/environment/scene/chapter3/c03_boat1fbridge01.scn.20,,,
TRUE,,Testing Area Safe Room,SyntheticDetergent,TRUE,1,1,1,,3,00000000-0000-0000-0000-000000000000,00000000-0000-0000-0000-000000000000,37.435,0.251,31.71,,,,,,natives/stm/environment/scene/chapter3/c03_leftarea1fmonitorroom.scn.20,,,
TRUE,crate fake,Testing Area Corridor,,TRUE,1,1,1,,3,00000000-0000-0000-0000-000000000000,00000000-0000-0000-0000-000000000000,44.513,4.028,18.604,,,,,,natives/stm/environment/scene/chapter3/c03_leftarea2fhallway.scn.20,,,
TRUE,crate fake,Testing Area Corridor,,TRUE,1,1,1,,3,00000000-0000-0000-0000-000000000000,00000000-0000-0000-0000-000000000000,51.256,4.028,29.129,,,,,,natives/stm/environment/scene/chapter3/c03_leftarea2fhallway.scn.20,,,
TRUE,crate,Testing Area TV Room,,TRUE,1,1,1,,3,00000000-0000-0000-0000-000000000000,00000000-0000-0000-0000-000000000000,39.21,4.01,21.158,,,,,,natives/stm/environment/scene/chapter3/c03_leftarea2ftvroom.scn.20,,,
TRUE,random,Old House Study Room,,TRUE,1,1,1,,3,00000000-0000-0000-0000-000000000000,00000000-0000-0000-0000-000000000000,-15.902,1.857,78.863,,,,,,natives/stm/environment/scene/chapter3/c03_oldhouse2fstudy01.scn.20,,,
TRUE,random,Old House Marge Yard,,TRUE,1,1,1,,3,00000000-0000-0000-0000-000000000000,00000000-0000-0000-0000-000000000000,38.607,-2.361,83.115,,,,,,natives/stm/environment/scene/chapter3/c03_gh1flowerroom01.scn.20,,,
TRUE,crate fake,Old House Marge Trigger,,TRUE,1,1,1,,3,00000000-0000-0000-0000-000000000000,00000000-0000-0000-0000-000000000000,23.339,-0.968,84.708,,,,,,natives/stm/environment/scene/chapter3/c03_gh1fstairs01.scn.20,,,
TRUE,random,Old House Underground Tunnel,,TRUE,1,1,1,,3,00000000-0000-0000-0000-000000000000,00000000-0000-0000-0000-000000000000,2.186,-4.376,87.344,,,,,,natives/stm/environment/scene/chapter3/c03_oldhouse1funderfloor01.scn.20,,,
TRUE,crate,Old House Safe Room,,TRUE,1,1,1,,3,00000000-0000-0000-0000-000000000000,00000000-0000-0000-0000-000000000000,-2.99,-2.854,96.78,,,,,,natives/stm/environment/scene/chapter3/c03_oldhousesaferoom01.scn.20,,,
TRUE,random,Old House Entrance,,TRUE,1,1,1,,3,00000000-0000-0000-0000-000000000000,00000000-0000-0000-0000-000000000000,-19.923,-1.745,74.867,,,,,,natives/stm/environment/scene/chapter3/c03_oldhouse1fentrance01.scn.20,,,
TRUE,crate,Zoe's Trailer,,TRUE,1,1,1,,3,00000000-0000-0000-0000-000000000000,00000000-0000-0000-0000-000000000000,-0.183,0.634,-1.723,,,,,,natives/stm/environment/scene/chapter3/c03_trailerhouse.scn.20,,,
TRUE,random,1F Outside Terrace,,TRUE,1,1,1,,3,00000000-0000-0000-0000-000000000000,00000000-0000-0000-0000-000000000000,21.86,0,14.738,,,,,,natives/stm/environment/scene/chapter3/c03_mainhousoutsideterrace1f.scn.20,,,
TRUE,random,Jack 2,,TRUE,1,1,1,,3,00000000-0000-0000-0000-000000000000,00000000-0000-0000-0000-000000000000,-0.458,-7.806,14.908,,,,,,natives/stm/environment/scene/chapter3/c03_rightareab1ffreezer.scn.20,,,
TRUE,crate,Morgue,,TRUE,1,1,1,,3,00000000-0000-0000-0000-000000000000,00000000-0000-0000-0000-000000000000,-28.296,-5.238,15.126,,,,,,natives/stm/environment/scene/chapter3/c03_rightareab1fmorgue.scn.20,,,
TRUE,crate,Molded Creation Room,,TRUE,1,1,1,,3,00000000-0000-0000-0000-000000000000,00000000-0000-0000-0000-000000000000,-33.104,-5.915,-1.049,,,,,,natives/stm/environment/scene/chapter3/c03_rightareab1fmoldedcreationroom.scn.20,,,
TRUE,random,Main Hall,,TRUE,1,1,1,,3,00000000-0000-0000-0000-000000000000,00000000-0000-0000-0000-000000000000,-8.54,0.4,1.13,,,,,,natives/stm/environment/scene/chapter3/c03_mainhousehall.scn.20,,,
TRUE,crate fake,Laundry Room,,TRUE,1,1,1,,3,00000000-0000-0000-0000-000000000000,00000000-0000-0000-0000-000000000000,28.1,0,9.74,,,,,,natives/stm/environment/scene/chapter3/c03_mainhouse1fpantry.scn.20,,,
TRUE,random,Pantry,,TRUE,1,1,1,,3,00000000-0000-0000-0000-000000000000,00000000-0000-0000-0000-000000000000,10.2,-1.2,11.05,,,,,,natives/stm/environment/scene/chapter3/c03_mainhouse1fpantry.scn.20,,,
TRUE,random,Dinner Table,,TRUE,1,1,1,,1,00000000-0000-0000-0000-000000000000,00000000-0000-0000-0000-000000000000,20.34,0.855,2.524,,,,,,natives/stm/environment/scene/chapter3/c03_mainhouse1fldk.scn.20,,,
TRUE,crate,Basement,,TRUE,1,1,1,,1,00000000-0000-0000-0000-000000000000,00000000-0000-0000-0000-000000000000,-1.07,-7,13.09,,,,,,natives/stm/environment/scene/chapter1/c01_b1g.scn.20,,,
TRUE,random,Mia's Cell,,TRUE,1,1,1,,1,00000000-0000-0000-0000-000000000000,00000000-0000-0000-0000-000000000000,13.7,-6.8,6.45,,,,,,natives/stm/environment/scene/chapter1/c01_b1f.scn.20,,,
TRUE,extra_ingredient,"Spawn, Extra Ingredients",AlloyClay,TRUE,2,2,2,,1,00000000-0000-0000-0000-000000000000,00000000-0000-0000-0000-000000000000,-49.15,4.88,110.3,,,,,,natives/stm/environment/scene/chapter1/c01_outside02.scn.20,,,
TRUE,extra_ingredient,"Spawn, Extra Ingredients",Magnesium,TRUE,2,2,2,,1,00000000-0000-0000-0000-000000000000,00000000-0000-0000-0000-000000000000,-49.93,4.88,110.3,,,,,,natives/stm/environment/scene/chapter1/c01_outside02.scn.20,,,
TRUE,extra_ingredient,"Spawn, Extra Ingredients",SyntheticDetergent,TRUE,2,2,2,,1,00000000-0000-0000-0000-000000000000,00000000-0000-0000-0000-000000000000,-48.32,4.88,110.3,,,,,,natives/stm/environment/scene/chapter1/c01_outside02.scn.20,,,
TRUE,crate not_fake,Spawn,,TRUE,1,1,1,,1,00000000-0000-0000-0000-000000000000,00000000-0000-0000-0000-000000000000,-47.54,4.91,114.15,,,,,,natives/stm/environment/scene/chapter1/c01_outside02.scn.20,,,
TRUE,crate fake,Spawn,,TRUE,1,1,1,,1,00000000-0000-0000-0000-000000000000,00000000-0000-0000-0000-000000000000,-48.08,4.91,112.6,,,,,,natives/stm/environment/scene/chapter1/c01_outside02.scn.20,,,
TRUE,random,Before Guest House entrance,,TRUE,1,1,1,,1,00000000-0000-0000-0000-000000000000,00000000-0000-0000-0000-000000000000,-1.758571,-0.187583,-7.806501,,,,,,natives/stm/environment/scene/chapter1/c01_outside11.scn.20,,,
FALSE,crate fake debug,Spawn (Debugging),,TRUE,1,1,1,,1,00000000-0000-0000-0000-000000000000,00000000-0000-0000-0000-000000000000,-42.79,5.03,99.58,,,,,,natives/stm/environment/scene/chapter1/c01_outside02.scn.20,,,
FALSE,crate fake debug,Spawn (Debugging),,TRUE,1,1,1,,1,00000000-0000-0000-0000-000000000000,00000000-0000-0000-0000-000000000000,-48.82,4.89,112.05,,,,,,natives/stm/environment/scene/chapter1/c01_outside02.scn.20,,,
FALSE,crate not_fake debug,Spawn (Debugging),,TRUE,1,1,1,,1,00000000-0000-0000-0000-000000000000,00000000-0000-0000-0000-000000000000,-47,5,115,,,,,,natives/stm/environment/scene/chapter1/c01_outside02.scn.20,,,
FALSE,crate not_fake debug,Spawn (Debugging),,TRUE,1,1,1,,1,00000000-0000-0000-0000-000000000000,00000000-0000-0000-0000-000000000000,-49.17,4.89,106.12,,,,,,natives/stm/environment/scene/chapter1/c01_outside02.scn.20,,,
FALSE,,,ChainCutter,TRUE,1,-1,-1,,1,1a17da81-3f83-47a1-ac82-ead889f829fc,011caddd-eba6-4b71-ab02-3254071e7a70,5.90221,-5.914047,11.76565,9.81E-09,0.4787943,-5.35E-09,0.8779271,ChainCutter,natives/stm/environment/scene/chapter1/c01_b1f.scn.20,Weapon/wp1100_chaincutter/wp1100_chaincutter.mesh,Weapon/wp1100_chaincutter/wp1100.mdf2,
FALSE,,,ChainCutter,TRUE,1,-1,-1,,1,8bc66e64-5444-4fc1-9dff-22492ba794e8,c1d2dc40-1b6c-038e-3ca0-2c793b406f45,0,0,0,1.86E-09,0,0,1,ChainCutter,natives/stm/environment/scene/chapter1/c01_b1f.scn.20,Weapon/wp1100_chaincutter/wp1100_chaincutter.mesh,Weapon/wp1100_chaincutter/wp1100.mdf2,
FALSE,,,ChainCutter,TRUE,1,-1,-1,,1,19103e0b-1c90-4843-bb7d-88c105614d28,53048c2f-53b8-040c-1a22-86f11586b685,0,0,0,1.86E-09,0,0,1,ChainCutter,natives/stm/environment/scene/ff000/c01_corridor01.scn.20,Weapon/wp1100_chaincutter/wp1100_chaincutter.mesh,Weapon/wp1100_chaincutter/wp1100.mdf2,
FALSE,,,3CrestKeyC,TRUE,1,-1,-1,,7,301caf06-67b8-0645-11a1-faadce741e7d,281e5888-7f94-40a9-aa4c-1c8f5cea6995,0,0,0,0,0,0,1,sm2011_TripleCrest01C_DetailSearchItem,natives/stm/scenes/birthday/stage3/copyasset/c03_rightareab1ffreezer/c03_rightareab1ffreezer.scn.20,Props/sm2011_TripleCrest01C/sm2011_TripleCrest01C.mesh,Props/sm2011_TripleCrest01C/sm2011_TripleCrest01C_IDS.mdf2,Jacks55thBirthday
FALSE,,,ChainCutter,TRUE,1,-1,-1,,1,12d42d0d-fd9b-404f-91d8-53d56f6f57e6,58c09f29-b2b3-0c00-3087-5de57f88ac4b,0,0,0,1.86E-09,0,0,1,ChainCutter,natives/stm/environment/scene/chapter1/c01_corridor01.scn.20,Weapon/wp1100_chaincutter/wp1100_chaincutter.mesh,Weapon/wp1100_chaincutter/wp1100.mdf2,
FALSE,,,Coin,TRUE,1,-1,-1,,1,81135149-1f08-4801-ad60-21490a31bd28,3e8a4841-4184-084e-196b-ab5d975c001a,0.4047012,0.6474974,0.02703667,0,0,0,1,sm2164_Coin01A_DetailSearchItem,natives/stm/environment/scene/chapter1/c01_kitchen01.scn.20,Props/sm2164_Coin01A/sm2164_Coin01A.mesh,Props/sm2164_Coin01A/sm2164_Coin01A.mdf2,
FALSE,,,CylinderKey,TRUE,1,-1,-1,,1,b8bdd9a6-6318-4870-80ca-628de98e3fc3,a562949e-7091-0a5b-15ba-ab34fbc181cd,1.859375,-0.1773561,-14.96918,0,0,-0.7369633,0.6759328,sm1796_KeyPick01A_DetailSearchItem,natives/stm/environment/scene/ff000/c01_outside11.scn.20,Props/sm1796_KeyPick01A/sm1796_KeyPick01A.mesh,Props/sm1796_KeyPick01A/sm1796_KeyPick01A.mdf2,
FALSE,,,FoundFootage000,TRUE,1,-1,-1,,1,63ebd00b-3ef7-4613-a81d-746d7bb80b83,48798edb-3a54-4021-9a46-f13e1b2524eb,7.957742,4.372462,7.757561,2.54E-08,-0.6640995,1.09E-08,0.7476442,sm0584_Videotape01C_DetailSearchItem,natives/stm/environment/scene/chapter1/c01_2f.scn.20,Props/sm0584_Videotape01C/sm0584_Videotape01C.mesh,Props/sm0584_Videotape01C/sm0584_Videotape01C_IDS.mdf2,
FALSE,,,Fuse,TRUE,1,-1,-1,,1,b116eb16-c4c5-4d43-8901-044ec9dccbcf,f57355ce-025c-4999-a2f9-6ecd76fe4d88,19.25832,1.07,20.64331,0.704416,0.7044161,-0.06162842,-0.06162833,sm0246_Fuse01A_DetailSearchItem,natives/stm/environment/scene/chapter1/c01_corridor01.scn.20,Props/sm0246_Fuse01A/sm0246_Fuse01A.mesh,Props/sm0246_Fuse01A/sm0246_Fuse01A_IDS.mdf2,
FALSE,,,HandAxe,TRUE,1,-1,-1,,1,fc627708-6cf7-4bd0-bfcd-2ddaf3e9cac6,6e3486f0-4c8b-4d06-9667-594a5fa8acd5,-0.3100831,0.04913004,5.125721,0.6567771,-0.5804121,-0.4023877,0.2642908,wp0040_Axe_Get,natives/stm/environment/scene/chapter1/c01_storeroom01.scn.20,Weapon/wp0040_axe/wp0040_axe.mesh,Weapon/wp0040_axe/wp0040.mdf2,
FALSE,,,HandCutOff,TRUE,1,-1,-1,,1,13d8e6d2-5b92-48be-8c4c-49e7a331e27a,5fe7aa4b-2add-43cb-98a9-02c6098c446e,3.6006,0.0367,13.1847,-0.5919955,0.09348784,0.7979916,-0.06333104,sm1649_EthanLHand_DetailSearchItem,natives/stm/environment/scene/chapter1/c01_corridor02.scn.20,Props/sm1649_EthanLHand/sm1649_EthanLHand.mesh,Props/sm1649_EthanLHand/sm1649_EthanLHand_IDS.mdf2,
FALSE,,,Handgun_M19,TRUE,1,-1,-1,,1,b09f6174-47f2-4851-acc3-3106d0902bfa,f4cc3e57-ebe7-0e07-12a2-247cc705aaca,12.4,7.30242,11.93351,1.07E-11,-0.7072288,1.07E-11,0.7069847,wp1010_Handgun_GetEvent,natives/stm/environment/scene/chapter1/c01_3f.scn.20,Weapon/wp1010_Handgun/wp1010_Handgun.mesh,Weapon/wp1010_Handgun/wp1010.mdf2,
FALSE,,,HandgunBullet,TRUE,7,-1,-1,,1,3bf47752-958f-4c78-ba12-409fd2667e9f,f5edb992-28ad-4a90-a906-e226db1d9339,18.32925,7.300411,17.12025,0,0.3346591,0,0.9423393,wp1011_HandgunBullet_Get,natives/stm/environment/scene/chapter1/c01_3f.scn.20,Weapon/wp1011_HandgunBullet/wp1011_HandgunBullet.mesh,Weapon/wp1011_HandgunBullet/wp1011.mdf2,
FALSE,,,HandgunBullet,TRUE,20,-1,-1,,1,992b27d9-6def-40a9-916f-0682cc997f5b,12dca7d0-5daf-4428-8977-c01153233607,7.872635,7.302908,7.620432,0,0.3346591,0,0.9423393,wp1011_HandgunBullet_Get,natives/stm/environment/scene/chapter1/c01_3f.scn.20,Weapon/wp1011_HandgunBullet/wp1011_HandgunBullet.mesh,Weapon/wp1011_HandgunBullet/wp1011.mdf2,
FALSE,,,AcidBulletS,TRUE,1,-1,-1,,7,333b85d2-5c3c-4b8e-bbac-423c3d34c285,caccdc00-a63d-08b5-3043-008c46c1016e,10.54079,2.167413,5.233411,0.03370769,0.7061808,0.7064249,-0.03371002,wp1112_AcidBullet_Get,natives/stm/scenes/birthday/stage3/stage3_setb.scn.20,Weapon/wp1112_AcidBullet/wp1112_AcidBullet.mesh,Weapon/wp1112_AcidBullet/wp1112.mdf2,Jacks55thBirthday
FALSE,,,HandgunBullet,TRUE,5,-1,-1,,1,8ee4e551-59e4-46ed-968c-afa303373243,215f3b24-fa75-4726-bc6b-59aeb04385b9,12.27059,7.300592,11.18672,0,0.3346591,0,0.9423393,wp1011_HandgunBullet_Get,natives/stm/environment/scene/chapter1/c01_3f.scn.20,Weapon/wp1011_HandgunBullet/wp1011_HandgunBullet.mesh,Weapon/wp1011_HandgunBullet/wp1011.mdf2,
FALSE,,,HandgunBullet,TRUE,10,-1,-1,Madhouse,1,7a739431-058b-4092-83ef-c998ff65f741,7be004c8-1d01-0e54-37dd-dc3481d15213,8.63605,7.015695,16.61349,0,0,0,1,wp1011_HandgunBullet_Get,natives/stm/leveldesign/itemset/chapter1/hard.scn.20,Weapon/wp1011_HandgunBullet/wp1011_HandgunBullet.mesh,Weapon/wp1011_HandgunBullet/wp1011.mdf2,
FALSE,,,AlbertHandgunBullet,TRUE,16,-1,-1,Normal,8,39ffeb90-e309-4be4-b134-49b7a8b9aac3,20c7ea8f-e9a4-0415-04a0-b00d0292816d,-29.55566,-88.05006,-239.2715,-0.03060316,-0.2566757,0.03948085,0.9652058,wp1011_HandgunBullet_Get,natives/stm/ch8/leveldesign/itemset/chapter8/c08_storage04/normal.scn.20,Weapon/wp1011_HandgunBullet/wp1011_HandgunBullet.mesh,Weapon/wp1011_HandgunBullet/wp1011.mdf2,NotAHero
FALSE,,,AlbertHandgunBullet,TRUE,10,-1,-1,,8,62885080-8612-449a-9c5d-ac94e0535b61,7bb0519f-8cbf-0b6b-29c9-552e4a7870cf,0,0,0,0,0,0,1,wp1011_HandgunBullet_Get,natives/stm/ch8/scenes/residentweapons.scn.20,Weapon/wp1011_HandgunBullet/wp1011_HandgunBullet.mesh,Weapon/wp1011_HandgunBullet/wp1011.mdf2,NotAHero
FALSE,,,AlbertHandgunBullet,TRUE,1,-1,-1,,8,87a7cfa3-9a83-441a-b490-810d0fd4a690,278e84c9-1520-0ea6-13cb-6fd0dcf9d5f6,0,0,0,0,0,0,1,wp1011_HandgunBullet_Item,natives/stm/ch8/scenes/residentweapons.scn.20,,,NotAHero
FALSE,,,AlbertHandgunBullet,TRUE,20,-1,-1,Normal,8,8c48c8be-b70d-4c8b-b83e-0f456ece3734,9570c9a1-bda0-037a-0daa-f6ffc4e51c9a,100.9218,-72.58045,-78.82283,0,0.137667,0,0.9904786,wp1011_HandgunBullet_Get,natives/stm/ch8/leveldesign/itemset/chapter8/c08_bossroom01/normal.scn.20,Weapon/wp1011_HandgunBullet/wp1011_HandgunBullet.mesh,Weapon/wp1011_HandgunBullet/wp1011.mdf2,NotAHero
FALSE,,,AlbertHandgunBullet,TRUE,5,-1,-1,Madhouse,8,023b8794-53d5-417f-a785-8b32eeb06d3b,1b03868b-5978-0e8e-1211-7288449b4695,138.2634,-75.91707,-238.8097,0,0,0,1,wp1011_HandgunBullet_Get,natives/stm/ch8/leveldesign/itemset/chapter8/c08_trainpassage03/hard.scn.20,Weapon/wp1011_HandgunBullet/wp1011_HandgunBullet.mesh,Weapon/wp1011_HandgunBullet/wp1011.mdf2,NotAHero
FALSE,,,AlbertHandgunBullet,TRUE,4,-1,-1,Normal,8,2aed110d-5003-4f0f-88f4-ecbf1452a108,33d51012-5aae-00fe-3d60-1505be798aa6,40.28527,-74.9889,-171.0679,0,0,0,1,wp1011_HandgunBullet_Get,natives/stm/ch8/leveldesign/itemset/chapter8/c08_mine01/normal.scn.20,Weapon/wp1011_HandgunBullet/wp1011_HandgunBullet.mesh,Weapon/wp1011_HandgunBullet/wp1011.mdf2,NotAHero
FALSE,,,AlbertHandgunBullet,TRUE,4,-1,-1,Normal,8,ce0cd7d0-42bc-4b80-a570-41f7d179f911,d734d6cf-4811-0471-10e4-b84d7b52d2bf,48.06045,-75.49226,-177.4614,0,0,0,1,wp1011_HandgunBullet_Get,natives/stm/ch8/leveldesign/itemset/chapter8/c08_mine01/normal.scn.20,Weapon/wp1011_HandgunBullet/wp1011_HandgunBullet.mesh,Weapon/wp1011_HandgunBullet/wp1011.mdf2,NotAHero
FALSE,,,AlbertHandgunBullet,TRUE,10,-1,-1,,8,2303b869-56ed-4f0b-818b-0f6025ef2be0,3a3bb976-5c40-00fa-341f-f6da8fc4004e,0,0,0,0,0,0,1,wp1011_HandgunBullet_Get,natives/stm/ch8/scenes/itemset_resident.scn.20,Weapon/wp1011_HandgunBullet/wp1011_HandgunBullet.mesh,Weapon/wp1011_HandgunBullet/wp1011.mdf2,NotAHero
FALSE,,,AlbertHandgunBullet,TRUE,4,-1,-1,Madhouse,8,01362774-8d8a-425a-9d8e-e4c8f5a1f02c,af9dc606-42bf-4e46-b562-a212aec3f7f7,111.1459,-72.60686,-125.4004,0,-0.325302,0,0.9456102,wp1011_HandgunBullet_Get,natives/stm/ch8/leveldesign/itemset/chapter8/c08_labopassage03/hard.scn.20,Weapon/wp1011_HandgunBullet/wp1011_HandgunBullet.mesh,Weapon/wp1011_HandgunBullet/wp1011.mdf2,NotAHero
FALSE,,,AlbertHandgunBullet,TRUE,4,-1,-1,Madhouse,8,8ee6a8cb-7265-461b-a8e0-cc37d824457a,3a452c4b-91ef-4173-8ba7-fa895bd56efe,101.3903,-72.45412,-140.2734,0,-0.325302,0,0.9456102,wp1011_HandgunBullet_Get,natives/stm/ch8/leveldesign/itemset/chapter8/c08_labopassage03/hard.scn.20,Weapon/wp1011_HandgunBullet/wp1011_HandgunBullet.mesh,Weapon/wp1011_HandgunBullet/wp1011.mdf2,NotAHero
FALSE,,,AlbertHandgunBullet,TRUE,3,-1,-1,Normal,8,3b74b6a0-b397-4550-b245-bb492b1259bf,224cb7bf-b93a-0aa1-07d1-42f381397211,57.40741,-76.73417,-161.8088,0.06045907,-0.07928997,-0.4325328,0.8960877,wp1011_HandgunBullet_Get,natives/stm/ch8/leveldesign/itemset/chapter8/c08_miningpassage01/normal.scn.20,Weapon/wp1011_HandgunBullet/wp1011_HandgunBullet.mesh,Weapon/wp1011_HandgunBullet/wp1011.mdf2,NotAHero
FALSE,,,AlbertHandgunBullet,TRUE,4,-1,-1,Madhouse,8,b3593149-eefe-40d6-a972-d95751af9318,057c8165-5ebf-4549-a312-75ca82fbfa09,135.8205,-75.62833,-213.6835,0,0.109841,0,0.9939492,wp1011_HandgunBullet_Get,natives/stm/ch8/leveldesign/itemset/chapter8/c08_train03/hard.scn.20,Weapon/wp1011_HandgunBullet/wp1011_HandgunBullet.mesh,Weapon/wp1011_HandgunBullet/wp1011.mdf2,NotAHero
FALSE,,,AlbertHandgunBullet,TRUE,4,-1,-1,Madhouse,8,ddade19a-3f93-4eac-9684-d15b7dd954ff,c495e085-353e-015d-2310-28e1d7f27f51,128.2643,-75.6202,-209.5688,0,0,0,1,wp1011_HandgunBullet_Get,natives/stm/ch8/leveldesign/itemset/chapter8/c08_train03/hard.scn.20,Weapon/wp1011_HandgunBullet/wp1011_HandgunBullet.mesh,Weapon/wp1011_HandgunBullet/wp1011.mdf2,NotAHero
FALSE,,,AlbertHandgunBullet,TRUE,6,-1,-1,Normal,8,86a1282a-e8bb-43a0-a65e-54ce9c6e9d5a,9f992935-e216-0c51-13ca-ad743645b6f4,131.6339,-72.51262,-121.3302,0,-0.2206356,0,0.9753563,wp1011_HandgunBullet_Get,natives/stm/ch8/leveldesign/itemset/chapter8/c08_labo02/normal.scn.20,Weapon/wp1011_HandgunBullet/wp1011_HandgunBullet.mesh,Weapon/wp1011_HandgunBullet/wp1011.mdf2,NotAHero
FALSE,,,AlbertHandgunBullet,TRUE,10,-1,-1,Madhouse,8,7e19e2b7-51a1-4981-a894-1c49c91d2ffb,a85a6516-53fe-4143-a50c-f8b269d3c559,100.8944,-72.57979,-79.04675,0,0.4704963,0,0.8824019,wp1011_HandgunBullet_Get,natives/stm/ch8/leveldesign/itemset/chapter8/c08_bossroom01/hard.scn.20,Weapon/wp1011_HandgunBullet/wp1011_HandgunBullet.mesh,Weapon/wp1011_HandgunBullet/wp1011.mdf2,NotAHero
FALSE,,,AlbertHandgunBullet,TRUE,3,-1,-1,Normal,8,751175c9-f895-471d-b14d-c5ac937ced46,cb388aa4-c3e8-4326-9480-8d3fc9cd2902,9.651147,-70.04778,-107.881,0,0,0,1,wp1011_HandgunBullet_Get,natives/stm/ch8/leveldesign/itemset/chapter8/c08_miningdome01/normal.scn.20,Weapon/wp1011_HandgunBullet/wp1011_HandgunBullet.mesh,Weapon/wp1011_HandgunBullet/wp1011.mdf2,NotAHero
FALSE,,,AlbertHandgunBullet,TRUE,3,-1,-1,Normal,8,22f612b9-374b-405d-b0fe-f61315e09c49,3bce13a6-3de6-0fac-056a-0fa9bfcbb7e7,17.04137,-70.24956,-88.56215,0,0,0,1,wp1011_HandgunBullet_Get,natives/stm/ch8/leveldesign/itemset/chapter8/c08_miningdome01/normal.scn.20,Weapon/wp1011_HandgunBullet/wp1011_HandgunBullet.mesh,Weapon/wp1011_HandgunBullet/wp1011.mdf2,NotAHero
FALSE,,,AlbertHandgunBullet,TRUE,12,-1,-1,Madhouse,8,544075b1-1da5-479d-a074-57a9e5300cfe,4d7874ae-1708-086c-15e0-ae134f1b2750,77.1468,-72.73734,-180.6666,0,0.3857552,0,0.9226012,wp1011_HandgunBullet_Get,natives/stm/ch8/leveldesign/itemset/chapter8/c08_shieldmachine_entra/hard.scn.20,Weapon/wp1011_HandgunBullet/wp1011_HandgunBullet.mesh,Weapon/wp1011_HandgunBullet/wp1011.mdf2,NotAHero
FALSE,,,AlbertHandgunBullet,TRUE,8,-1,-1,Normal,8,27eaf0e4-67d8-4adc-a32e-e5d9479376f5,097a23f8-9d48-424d-87da-cb0d176ec518,102.5719,-72.68681,-124.2747,0,-0.325302,0,0.9456102,wp1011_HandgunBullet_Get,natives/stm/ch8/leveldesign/itemset/chapter8/c08_labopassage03/normal.scn.20,Weapon/wp1011_HandgunBullet/wp1011_HandgunBullet.mesh,Weapon/wp1011_HandgunBullet/wp1011.mdf2,NotAHero
FALSE,,,AlbertHandgunBullet,TRUE,8,-1,-1,Normal,8,28f9c872-1c22-4bc1-a9a4-10fa9d6073c5,31c1c96d-168f-0430-1c30-e940374b586b,101.3903,-72.45412,-140.2734,0,-0.325302,0,0.9456102,wp1011_HandgunBullet_Get,natives/stm/ch8/leveldesign/itemset/chapter8/c08_labopassage03/normal.scn.20,Weapon/wp1011_HandgunBullet/wp1011_HandgunBullet.mesh,Weapon/wp1011_HandgunBullet/wp1011.mdf2,NotAHero
FALSE,,,AlbertHandgunBulletL,TRUE,10,-1,-1,,8,aabcb4fb-320e-4c40-80c3-54c27e2de6aa,bd7e5dd8-f2c5-0af0-1796-9293fa729403,0,0,0,0,0,0,1,wp1410_AlbertBullet_Get,natives/stm/ch8/scenes/residentweapons.scn.20,Weapon/wp1410_AlbertBullet/wp1410_AlbertBullet.mesh,Weapon/wp1410_AlbertBullet/wp1410.mdf2,NotAHero
FALSE,,,AlbertHandgunBulletL,TRUE,1,-1,-1,,8,4dcf49e8-5b3e-49cc-af56-34445b2f0f5d,c30dec44-371d-0980-093a-afc01dd091c7,0,0,0,0,0,0,1,wp1410_AlbertBullet_Item,natives/stm/ch8/scenes/residentweapons.scn.20,,,NotAHero
FALSE,,,AlbertHandgunBulletL,TRUE,2,-1,-1,Normal,8,57eae17c-924d-4957-b9ca-cc7c126941f7,19fbe37e-3c6b-43b9-a0b2-d0c566c4e201,114.3024,-72.60177,-87.29656,0,-0.04347694,0,0.9990544,wp1410_AlbertBullet_Get,natives/stm/ch8/leveldesign/itemset/chapter8/c08_bossroom01/normal.scn.20,Weapon/wp1410_AlbertBullet/wp1410_AlbertBullet.mesh,Weapon/wp1410_AlbertBullet/wp1410.mdf2,NotAHero
FALSE,,,AlbertHandgunBulletL,TRUE,3,-1,-1,Normal,8,c3a6cbf4-435c-4070-9d5b-eb072edad6d5,d46422d7-8397-06c0-0a0e-2d56aa85a47c,12.03279,-70.10681,-75.51086,-0.006159495,-0.0002520034,0.04087802,0.9991451,wp1410_AlbertBullet_Get,natives/stm/ch8/leveldesign/itemset/chapter8/c08_miningcollapse01/normal.scn.20,Weapon/wp1410_AlbertBullet/wp1410_AlbertBullet.mesh,Weapon/wp1410_AlbertBullet/wp1410.mdf2,NotAHero
FALSE,,,AlbertHandgunBulletL,TRUE,3,-1,-1,,8,fa8422b1-4410-4c66-91bc-b806f1c4b819,ed46cb92-84db-0ad6-06e9-7e57759bcab0,-84.93141,-91.01644,-219.8356,0,0.664802,0,0.7470196,wp1410_AlbertBullet_Get,natives/stm/ch8/environment/scene/chapter8/c08_storagefuseroom01.scn.20,Weapon/wp1410_AlbertBullet/wp1410_AlbertBullet.mesh,Weapon/wp1410_AlbertBullet/wp1410.mdf2,NotAHero
FALSE,,,AlbertHandgunBulletL,TRUE,2,-1,-1,Normal,8,f3876f48-d32e-43ca-84a1-1ba7b9c5d6a8,a96567ca-6245-48b7-9a8c-bdbf91a0912b,85.0499,-72.95181,-180.3925,0,0.2689319,0,0.9631592,wp1410_AlbertBullet_Get,natives/stm/ch8/leveldesign/itemset/chapter8/c08_shieldmachine_center/normal.scn.20,Weapon/wp1410_AlbertBullet/wp1410_AlbertBullet.mesh,Weapon/wp1410_AlbertBullet/wp1410.mdf2,NotAHero
FALSE,,,AlbertHandgunBulletL,TRUE,4,-1,-1,Normal,8,ee7ca987-6384-4ad3-b0e9-94c5d1e3f81d,f9be40a4-a34f-0c63-27bc-529455bc8ab4,93.37155,-68.06464,-181.3865,0,0.2689319,0,0.9631592,wp1410_AlbertBullet_Get,natives/stm/ch8/leveldesign/itemset/chapter8/c08_shieldmachine_center/normal.scn.20,Weapon/wp1410_AlbertBullet/wp1410_AlbertBullet.mesh,Weapon/wp1410_AlbertBullet/wp1410.mdf2,NotAHero
FALSE,,,AlbertHandgunBulletL,TRUE,10,-1,-1,,8,6b8e0fdf-47fa-4b6b-995a-5ceacf1cf486,7c4ce6fc-8731-0ddb-0e0f-9abb4b43862f,0,0,0,0,0,0,1,wp1410_AlbertBullet_Get,natives/stm/ch8/scenes/itemset_resident.scn.20,Weapon/wp1410_AlbertBullet/wp1410_AlbertBullet.mesh,Weapon/wp1410_AlbertBullet/wp1410.mdf2,NotAHero
FALSE,,,AlbertHandgunBulletL,TRUE,2,-1,-1,Madhouse,8,03eb9b93-380b-4114-af09-6eaf6652a8f6,2358b99f-9233-459c-9349-e4893e5f050f,85.0499,-72.95181,-180.3925,0,0.2689319,0,0.9631592,wp1410_AlbertBullet_Get,natives/stm/ch8/leveldesign/itemset/chapter8/c08_shieldmachine_center/hard.scn.20,Weapon/wp1410_AlbertBullet/wp1410_AlbertBullet.mesh,Weapon/wp1410_AlbertBullet/wp1410.mdf2,NotAHero
FALSE,,,AlbertHandgunBulletL,TRUE,3,-1,-1,Madhouse,8,932b4078-b477-4331-9850-5fe0c2a98d17,1c010927-da5a-4963-9f90-3032fdf112f7,93.37155,-68.06464,-181.3865,0,0.2689319,0,0.9631592,wp1410_AlbertBullet_Get,natives/stm/ch8/leveldesign/itemset/chapter8/c08_shieldmachine_center/hard.scn.20,Weapon/wp1410_AlbertBullet/wp1410_AlbertBullet.mesh,Weapon/wp1410_AlbertBullet/wp1410.mdf2,NotAHero
FALSE,,,AlbertHandgunBulletL,TRUE,1,-1,-1,Madhouse,8,0e16eb83-8d82-49f0-bdd4-6d517a6bdbee,b8581e8b-0fc6-46cf-b531-ec100ea81b63,109.2311,-75.85229,-134.6238,0,0,0,1,wp1410_AlbertBullet_Get,natives/stm/ch8/leveldesign/itemset/chapter8/c08_labo01/hard.scn.20,Weapon/wp1410_AlbertBullet/wp1410_AlbertBullet.mesh,Weapon/wp1410_AlbertBullet/wp1410.mdf2,NotAHero
FALSE,,,AlbertHandgunBulletL,TRUE,3,-1,-1,,8,5cceca6d-3905-47a6-89c9-8f38710ae2ec,4b0c234e-f9ce-0116-1e9c-4969f5559045,-46.86643,-89.95177,-213.0814,0,0,0,1,wp1410_AlbertBullet_Get,natives/stm/ch8/leveldesign/itemset/chapter8/c08_storage05/casual.scn.20,Weapon/wp1410_AlbertBullet/wp1410_AlbertBullet.mesh,Weapon/wp1410_AlbertBullet/wp1410.mdf2,NotAHero
FALSE,,,AlbertHandgunBulletL,TRUE,4,-1,-1,Madhouse,8,eb237c07-9be0-4492-9ed4-401833476834,5eef7afc-2106-44ba-bd32-8f338ae9e873,114.1719,-72.60423,-89.97301,0,0.9516144,0,0.3072945,wp1410_AlbertBullet_Get,natives/stm/ch8/leveldesign/itemset/chapter8/c08_bossroom01/hard.scn.20,Weapon/wp1410_AlbertBullet/wp1410_AlbertBullet.mesh,Weapon/wp1410_AlbertBullet/wp1410.mdf2,NotAHero
FALSE,,,AlbertHandgunBulletL,TRUE,2,-1,-1,Normal,8,9e5b3c93-4e44-4fd3-9e56-9caa62942707,84503b52-ea66-440b-8ff7-6a70ae6168cf,109.2311,-75.85229,-134.6238,0,0,0,1,wp1410_AlbertBullet_Get,natives/stm/ch8/leveldesign/itemset/chapter8/c08_labo01/normal.scn.20,Weapon/wp1410_AlbertBullet/wp1410_AlbertBullet.mesh,Weapon/wp1410_AlbertBullet/wp1410.mdf2,NotAHero
FALSE,,,AlbertHandgunBulletL,TRUE,2,-1,-1,Normal,8,f746c50a-d532-4065-a78f-e19b4adc73b4,cc412825-719b-418f-9790-043118c9c77f,114.8946,-76.0915,-140.7594,0,0,0,1,wp1410_AlbertBullet_Get,natives/stm/ch8/leveldesign/itemset/chapter8/c08_labo01/normal.scn.20,Weapon/wp1410_AlbertBullet/wp1410_AlbertBullet.mesh,Weapon/wp1410_AlbertBullet/wp1410.mdf2,NotAHero
FALSE,,,AlbertHandgunBulletL,TRUE,2,-1,-1,,8,d171ded6-d8fe-4703-9f09-b2da95dfb148,62551b3a-adf8-4581-a508-48c39e2f2778,111.2018,-72.4303,-79.97973,0,-0.04347694,0,0.9990544,wp1410_AlbertBullet_Get,natives/stm/ch8/leveldesign/itemset/chapter8/c08_bossroom01/casual.scn.20,Weapon/wp1410_AlbertBullet/wp1410_AlbertBullet.mesh,Weapon/wp1410_AlbertBullet/wp1410.mdf2,NotAHero
FALSE,,,AlbertShotgunBullet,TRUE,6,-1,-1,,8,a24fd315-37e0-45e2-bd3f-1f927b796d46,0bd14aca-31b9-0ff2-3bb7-ac569b653504,0,0,0,0,0,0,1,wp1031_ShotgunBullet_Get,natives/stm/ch8/scenes/residentweapons.scn.20,Weapon/wp1031_ShotgunBullet/wp1031_ShotgunBullet.mesh,Weapon/wp1031_ShotgunBullet/wp1031.mdf2,NotAHero
FALSE,,,AlbertShotgunBullet,TRUE,1,-1,-1,,8,045090d9-e2ec-4795-85d3-41305defec59,b8cfd563-06da-0542-1854-136d93d28c1b,0,0,0,0,0,0,1,wp1031_ShotgunBullet_Item,natives/stm/ch8/scenes/residentweapons.scn.20,,,NotAHero
FALSE,,,AlbertShotgunBullet,TRUE,48,-1,-1,Normal,8,1a6fbfc2-f4fa-44a9-9130-3fff0c5958d1,86bde1b2-f4ef-44a2-b254-86f95f6cc809,100.8452,-72.54694,-79.02931,-0.6316257,-0.223764,-0.2112477,0.7115846,wp1031_ShotgunBullet_Get,natives/stm/ch8/leveldesign/itemset/chapter8/c08_bossroom01/normal.scn.20,Weapon/wp1031_ShotgunBullet/wp1031_ShotgunBullet.mesh,Weapon/wp1031_ShotgunBullet/wp1031.mdf2,NotAHero
FALSE,,,AlbertShotgunBullet,TRUE,12,-1,-1,Normal,8,79b124cf-3734-4a96-8294-7ed2eead6975,d02fbd10-316d-0086-041c-cd160eb13137,16.4884,-70.35107,-75.07549,0,-0.3930016,0,0.9195378,wp1031_ShotgunBullet_Get,natives/stm/ch8/leveldesign/itemset/chapter8/c08_miningcollapse01/normal.scn.20,Weapon/wp1031_ShotgunBullet/wp1031_ShotgunBullet.mesh,Weapon/wp1031_ShotgunBullet/wp1031.mdf2,NotAHero
FALSE,,,AlbertShotgunBullet,TRUE,12,-1,-1,Normal,8,a55f30fe-faa1-4baa-ba77-aa979a61b441,0cc1a921-fcf8-01ba-3cff-19537a7dec03,92.99832,-68.06467,-181.5425,0,0,0,1,wp1031_ShotgunBullet_Get,natives/stm/ch8/leveldesign/itemset/chapter8/c08_shieldmachine_center/normal.scn.20,Weapon/wp1031_ShotgunBullet/wp1031_ShotgunBullet.mesh,Weapon/wp1031_ShotgunBullet/wp1031.mdf2,NotAHero
FALSE,,,AlbertShotgunBullet,TRUE,6,-1,-1,Normal,8,e8d76c6c-4171-4dd9-9ddc-ffdbb88dba91,4149f5b3-4728-07c9-1b54-4c1f5891e2d3,128.5265,-76.12639,-208.106,0,0,0,1,wp1031_ShotgunBullet_Get,natives/stm/ch8/leveldesign/itemset/chapter8/c08_train03/normal.scn.20,Weapon/wp1031_ShotgunBullet/wp1031_ShotgunBullet.mesh,Weapon/wp1031_ShotgunBullet/wp1031.mdf2,NotAHero
FALSE,,,AlbertShotgunBullet,TRUE,6,-1,-1,Normal,8,a83091fa-8beb-41f2-a5b2-e9342feda4bf,01ae0825-8db2-0be2-233a-5af0cff1fcfd,-79.70206,-91.37116,-224.0834,-0.02440804,0.1520112,0.04073584,0.9872373,wp1031_ShotgunBullet_Get,natives/stm/ch8/leveldesign/itemset/chapter8/c08_storagefuseroom01/normal.scn.20,Weapon/wp1031_ShotgunBullet/wp1031_ShotgunBullet.mesh,Weapon/wp1031_ShotgunBullet/wp1031.mdf2,NotAHero
FALSE,,,AlbertShotgunBullet,TRUE,2,-1,-1,Normal,8,41319d84-dd1c-4292-9a69-501b4ac412fa,e8af045b-db45-0882-1ce1-e3dfaad84ab8,34.53638,-74.27909,-178.8537,-0.622455,-0.04456933,-0.1409764,0.768563,wp1031_ShotgunBullet_Get,natives/stm/ch8/leveldesign/itemset/chapter8/c08_mine01/normal.scn.20,Weapon/wp1031_ShotgunBullet/wp1031_ShotgunBullet.mesh,Weapon/wp1031_ShotgunBullet/wp1031.mdf2,NotAHero
FALSE,,,AlbertShotgunBullet,TRUE,6,-1,-1,,8,9bb5702d-9f66-457a-9652-b0a99dc559e8,322be9f2-993f-0f6a-10da-036d7dd901aa,0,0,0,0,0,0,1,wp1031_ShotgunBullet_Get,natives/stm/ch8/scenes/itemset_resident.scn.20,Weapon/wp1031_ShotgunBullet/wp1031_ShotgunBullet.mesh,Weapon/wp1031_ShotgunBullet/wp1031.mdf2,NotAHero
FALSE,,,AlbertShotgunBullet,TRUE,6,-1,-1,Madhouse,8,397fbd22-3151-4631-8893-2e882c566ad6,c79a5222-bb6b-4bb8-97a6-a9b6a7d6bcbd,102.9811,-80.21543,-233.8244,0,-0.5555199,0,0.8315033,wp1031_ShotgunBullet_Get,natives/stm/ch8/leveldesign/itemset/chapter8/c08_traincollapse01/hard.scn.20,Weapon/wp1031_ShotgunBullet/wp1031_ShotgunBullet.mesh,Weapon/wp1031_ShotgunBullet/wp1031.mdf2,NotAHero
FALSE,,,AlbertShotgunBullet,TRUE,12,-1,-1,Madhouse,8,beb60cb9-4c57-43b0-a4ec-742550d44630,18e7d136-ab07-4018-91e4-542c9155fe54,16.4884,-70.35107,-75.07549,0,-0.3930016,0,0.9195378,wp1031_ShotgunBullet_Get,natives/stm/ch8/leveldesign/itemset/chapter8/c08_miningcollapse01/hard.scn.20,Weapon/wp1031_ShotgunBullet/wp1031_ShotgunBullet.mesh,Weapon/wp1031_ShotgunBullet/wp1031.mdf2,NotAHero
FALSE,,,AlbertShotgunBullet,TRUE,4,-1,-1,Normal,8,17c07bcb-5197-4113-86c5-632bc5758f4c,be5ee214-57ce-0b03-004d-d0ef2569d70e,-36.89722,-89.5678,-210.0123,0,0,0,0.9999999,wp1031_ShotgunBullet_Get,natives/stm/ch8/leveldesign/itemset/chapter8/c08_storage05/normal.scn.20,Weapon/wp1031_ShotgunBullet/wp1031_ShotgunBullet.mesh,Weapon/wp1031_ShotgunBullet/wp1031.mdf2,NotAHero
FALSE,,,AlbertShotgunBullet,TRUE,8,-1,-1,,8,7999f328-732d-432d-894e-2481c168a3c3,d0076af7-7574-093d-0fc6-97452174fb81,-0.01133728,1.22084,0.2002258,-0.5856948,0.3509116,0.3108322,0.6612155,wp1031_ShotgunBullet_Get,natives/stm/ch8/environment/scene/chapter8/c08_labopassage05.scn.20,Weapon/wp1031_ShotgunBullet/wp1031_ShotgunBullet.mesh,Weapon/wp1031_ShotgunBullet/wp1031.mdf2,NotAHero
FALSE,,,AlbertShotgunBullet,TRUE,24,-1,-1,Madhouse,8,eb28b46d-343f-4f32-befc-0c04c29b0287,e9fe9e72-65a1-41ad-9186-aee0f7a40fc2,111.1717,-72.40707,-80.66167,-0.6621186,-0.05387156,-0.04781871,0.7459291,wp1031_ShotgunBullet_Get,natives/stm/ch8/leveldesign/itemset/chapter8/c08_bossroom01/hard.scn.20,Weapon/wp1031_ShotgunBullet/wp1031_ShotgunBullet.mesh,Weapon/wp1031_ShotgunBullet/wp1031.mdf2,NotAHero
FALSE,,,AlbertShotgunBullet,TRUE,6,-1,-1,Madhouse,8,ccf6c548-0d58-4dad-b2d4-0a314acaa044,65685c97-0b01-07bd-345c-b9f5aad6f806,77.31158,-72.7342,-180.6157,0,0,0,1,wp1031_ShotgunBullet_Get,natives/stm/ch8/leveldesign/itemset/chapter8/c08_shieldmachine_entra/hard.scn.20,Weapon/wp1031_ShotgunBullet/wp1031_ShotgunBullet.mesh,Weapon/wp1031_ShotgunBullet/wp1031.mdf2,NotAHero
FALSE,,,AlbertShotgunBullet,TRUE,12,-1,-1,Normal,8,0e94bc95-de0e-42ea-bae5-3179826a28a5,a70a254a-d857-08fa-3c6d-82bd627670e7,50.35057,-67.99575,-81.73417,0.5075811,0,0,0.861604,wp1031_ShotgunBullet_Get,natives/stm/ch8/leveldesign/itemset/chapter8/c08_miningtunnel01/normal.scn.20,Weapon/wp1031_ShotgunBullet/wp1031_ShotgunBullet.mesh,Weapon/wp1031_ShotgunBullet/wp1031.mdf2,NotAHero
FALSE,,,AlbertShotgunBullet,TRUE,12,-1,-1,Normal,8,dc73d60e-f4cb-42c4-a171-55943f3f4db7,75ed4fd1-f292-08d4-27f9-e650df2315f5,43.43111,-68.22486,-72.38164,-0.5141958,-0.06172358,-0.03713601,0.8546425,wp1031_ShotgunBullet_Get,natives/stm/ch8/leveldesign/itemset/chapter8/c08_miningtunnel01/normal.scn.20,Weapon/wp1031_ShotgunBullet/wp1031_ShotgunBullet.mesh,Weapon/wp1031_ShotgunBullet/wp1031.mdf2,NotAHero
FALSE,,,AlbertShotgunBullet,TRUE,6,-1,-1,Normal,8,4871f756-b9bd-4f4d-927c-ab8f3a75827a,e1ef6e89-bfe4-055d-14f4-184bda69da38,102.9811,-80.21543,-233.8244,0,-0.5555199,0,0.8315033,wp1031_ShotgunBullet_Get,natives/stm/ch8/leveldesign/itemset/chapter8/c08_traincollapse01/normal.scn.20,Weapon/wp1031_ShotgunBullet/wp1031_ShotgunBullet.mesh,Weapon/wp1031_ShotgunBullet/wp1031.mdf2,NotAHero
FALSE,,,AlbertShotgunBullet,TRUE,12,-1,-1,Madhouse,8,591e9a17-e2c8-4ee7-bcba-9723e9b759f7,3c4e1e1b-7d00-486f-95c2-209828913e86,50.35057,-67.99575,-81.73417,0.5075811,0,0,0.861604,wp1031_ShotgunBullet_Get,natives/stm/ch8/leveldesign/itemset/chapter8/c08_miningtunnel01/hard.scn.20,Weapon/wp1031_ShotgunBullet/wp1031_ShotgunBullet.mesh,Weapon/wp1031_ShotgunBullet/wp1031.mdf2,NotAHero
FALSE,,,AlbertShotgunBullet,TRUE,20,-1,-1,Normal,8,5dbf08e0-7c3b-437d-b42e-ec158a8c2411,b7b9d453-5fea-43d0-ba5d-dca52af07912,77.24309,-72.75262,-180.8293,0,0,0,1,wp1031_ShotgunBullet_Get,natives/stm/ch8/leveldesign/itemset/chapter8/c08_shieldmachine_entra/normal.scn.20,Weapon/wp1031_ShotgunBullet/wp1031_ShotgunBullet.mesh,Weapon/wp1031_ShotgunBullet/wp1031.mdf2,NotAHero
FALSE,,,MailMia,TRUE,1,-1,-1,,1,e2900de5-fd45-4d57-9ebd-495d68b02fb7,d9513c82-3b84-0aae-0ce3-652d2d865de2,0,-1,0,0,0,0,1,sm2414_MailMia01A_DetailSearchItem,natives/stm/environment/scene/chapter1/c01_outside02.scn.20,Props/sm2414_MailMia01A/sm2414_MailMia01A.mesh,Props/sm2414_MailMia01A/sm2414_MailMia01A.mdf2,
FALSE,,,MiaDriversLicense,TRUE,1,-1,-1,,1,ee3242fe-55a4-450c-b8ca-0a8ab3c39546,e003dc66-4724-4760-b70b-38b50dc73f92,-0.05976963,0.279119,0.0592303,-1.34E-07,-0.0346937,0,0.9993982,sm7011_Lisence_Props,natives/stm/environment/scene/chapter1/c01_outside11.scn.20,Props/sm7011_Lisence/sm7011_Lisence.mesh,Props/sm7011_Lisence/sm7011_Lisence.mdf2,
FALSE,,,RemedyM,TRUE,1,-1,-1,,1,dacc5045-1fea-4f8c-a0ab-7f6eec0bc69e,ec427255-9d1c-4f84-b7f6-8b9d20267ca0,12.40632,7.300538,12.61976,1.44E-09,0.632522,1.18E-09,0.7745424,sm1852_AntisepticSolutionMedium_Get,natives/stm/environment/scene/chapter1/c01_3f.scn.20,Props/sm1852_AntisepticSolutionMedium/sm1852_AntisepticSolutionMedium.mesh,Props/sm1852_AntisepticSolutionMedium/sm1852_AntisepticSolutionMedium.mdf2,
FALSE,,,RemedyM,TRUE,1,-1,-1,,1,54075834-9cc5-4dd1-a2e4-3484edadda93,edceb95e-3ae5-0534-345e-433d50dc5bcf,-2.517084,0.8140971,-4.484648,0,0,0,1,sm1852_AntisepticSolutionMedium_Get,natives/stm/environment/scene/chapter1/c01_bathroom01.scn.20,Props/sm1852_AntisepticSolutionMedium/sm1852_AntisepticSolutionMedium.mesh,Props/sm1852_AntisepticSolutionMedium/sm1852_AntisepticSolutionMedium.mdf2,
FALSE,,,RemedyM,TRUE,1,-1,-1,Madhouse,1,c3c19064-7b8a-4190-8ad3-98b284a0e947,d8971b63-7bb7-0044-1eb7-71946303c8c7,11.41251,6.526114,13.92645,0,0,0,1,sm1852_AntisepticSolutionMedium_Get,natives/stm/leveldesign/itemset/chapter1/hard.scn.20,Props/sm1852_AntisepticSolutionMedium/sm1852_AntisepticSolutionMedium.mesh,Props/sm1852_AntisepticSolutionMedium/sm1852_AntisepticSolutionMedium.mdf2,
FALSE,,,SaveTape,TRUE,1,-1,-1,Madhouse,1,27420368-c3e9-4d90-8d84-20dc05c24831,96510ba4-0d8c-0808-20e9-6c033203e87f,7.8634,4.275883,6.433941,0,0,0,1,sm9281_CassetteTape02A_Get,natives/stm/leveldesign/itemset/chapter1/hard.scn.20,Props/sm9281_CassetteTape02A/sm9281_CassetteTape02A.mesh,Props/sm9281_CassetteTape02A/sm9281_CassetteTape02A.mdf2,
FALSE,,,SaveTape,TRUE,1,-1,-1,Madhouse,1,a5af3de4-3b35-4ce0-8e82-b71e2411fe55,14bc3528-f550-0978-23ef-fbc113d05e1b,7.682748,4.280186,6.478575,0,-0.459949,0,0.8879454,sm9281_CassetteTape02A_Get,natives/stm/leveldesign/itemset/chapter1/hard.scn.20,Props/sm9281_CassetteTape02A/sm9281_CassetteTape02A.mesh,Props/sm9281_CassetteTape02A/sm9281_CassetteTape02A.mdf2,
FALSE,,,3CrestKeyA,TRUE,1,-1,-1,,3,401dbfaa-3469-0702-1c9a-d74a7d185216,bb224088-f0bc-443e-a9c0-e05343c345de,0,0,0,0,1,0,-4.37E-08,sm2009_TripleCrest01A_DetailSearchItem,natives/stm/leveldesign/itemset/chapter3/mainhouse_west/mainhouse_west.scn.20,Props/sm2009_TripleCrest01A/sm2009_TripleCrest01A.mesh,Props/sm2009_TripleCrest01A/sm2009_TripleCrest01A_IDS.mdf2,
FALSE,,,3CrestKeyB,TRUE,1,-1,-1,,3,0da28012-ad6a-0da5-1f0a-cacd2c677ed3,c6b0b45b-41a7-486e-8a44-aee9ebc94eeb,0,0,0,0,0,0,1,sm2010_TripleCrest01B_DetailSearchItem,natives/stm/environment/scene/chapter3/c03_mainhouse1fliving.scn.20,Props/sm2010_TripleCrest01B/sm2010_TripleCrest01B.mesh,Props/sm2010_TripleCrest01B/sm2010_TripleCrest01B_IDS.mdf2,
FALSE,,,3CrestKeyC,TRUE,1,-1,-1,,3,301caf06-67b8-0645-11a1-faadce741e7d,281e5888-7f94-40a9-aa4c-1c8f5cea6995,-0.01553297,0.06867266,-0.02503967,-0.1227012,-0.9880863,-0.07556164,-0.05403941,sm2011_TripleCrest01C_DetailSearchItem,natives/stm/environment/scene/chapter3/c03_rightareab1ffreezer.scn.20,Props/sm2011_TripleCrest01C/sm2011_TripleCrest01C.mesh,Props/sm2011_TripleCrest01C/sm2011_TripleCrest01C_IDS.mdf2,
FALSE,,,3CrestKeyC,TRUE,1,-1,-1,,3,a7d55ff7-c491-4a05-b226-27630b3b5686,30c9a891-7a73-49ad-a9a9-214a53984a70,0,0,0,0,0,0,1,ItemObj,natives/stm/animation/ingame/c03/event_c03_2.scn.20,,,
FALSE,,,3CrestKeyC,FALSE,1,-1,-1,,3,b3a26528-4ae9-4e28-8fb8-6f3d2906f820,aba092a6-52c5-08c4-3455-891fbb988fc8,0,0,0,0,0,0,1,sm2011_TripleCrest01C_DetailSearchItem,natives/stm/animation/ingame/c03/event_c03_2.scn.20,Props/sm2011_TripleCrest01C/sm2011_TripleCrest01C.mesh,Props/sm2011_TripleCrest01C/sm2011_TripleCrest01C_IDS.mdf2,
FALSE,,,AcidBulletS,TRUE,1,-1,-1,Madhouse,3,3b580821-f20e-4c20-b83b-0ea1c683763c,c2af51f3-080f-0f1b-33d4-4c11bd76b5d7,-19.26732,1.200284,4.510814,-0.7071068,0,0,0.7071068,wp1112_AcidBullet_Get,natives/stm/leveldesign/itemset/chapter3/mainhouse_east/hard.scn.20,Weapon/wp1112_AcidBullet/wp1112_AcidBullet.mesh,Weapon/wp1112_AcidBullet/wp1112.mdf2,
FALSE,,,AcidBulletS,TRUE,1,-1,-1,Madhouse,3,323c9f2e-4660-4650-8f21-4fdecdecace0,cbcbc6fc-bc61-056b-04ce-0d6eb6196f0b,9.514553,1.323398,9.589417,0,0,0,1,wp1112_AcidBullet_Get,natives/stm/leveldesign/itemset/chapter3/mainhouse_west/hard.scn.20,Weapon/wp1112_AcidBullet/wp1112_AcidBullet.mesh,Weapon/wp1112_AcidBullet/wp1112.mdf2,
FALSE,,,AcidBulletS,TRUE,1,-1,-1,Normal,3,0872286a-e469-45cd-acfb-33404c890809,f18571b8-1e68-06f6-2714-71f0377ccbe2,-7.596519,4.038992,-0.1898144,0,0,0,1,wp1112_AcidBullet_Get,natives/stm/leveldesign/itemset/chapter3/mainhouse_east/normal.scn.20,Weapon/wp1112_AcidBullet/wp1112_AcidBullet.mesh,Weapon/wp1112_AcidBullet/wp1112.mdf2,
FALSE,,,AcidBulletS,TRUE,1,-1,-1,Madhouse,3,47bbcdec-12b0-4acf-ac7f-295537dfd417,be4c943e-e8b1-09f4-2790-6be54c2a17fc,85.69704,-1.23443,-6.285651,0,0.282178,0,0.9593621,wp1112_AcidBullet_Get,natives/stm/leveldesign/itemset/chapter3/cowshed/hard.scn.20,Weapon/wp1112_AcidBullet/wp1112_AcidBullet.mesh,Weapon/wp1112_AcidBullet/wp1112.mdf2,
FALSE,,,AlphaGrass,TRUE,1,-1,-1,,7,ea78105c-2e48-00a8-3213-f847bf6dadbe,0792577f-c1fb-4fa0-a976-6310cb3cfea1,0,0,0,0,0,0,1,sm9355_AlphaGrass_DetailSearchItem,natives/stm/scenes/imd/randomitemboxset_imd.scn.20,Props/sm9355_AlphaGrass/sm9355_AlphaGrass.mesh,Props/sm9355_AlphaGrass/sm9355_AlphaGrass.mdf2,EthanMustDie
FALSE,,,Alcohol,TRUE,1,-1,-1,Madhouse,3,3230d2cc-0af9-48e0-ad90-8e356df76393,af9c9dac-4c6e-0f37-0e78-8e8d8b663f04,85.96732,-0.5435424,3.963328,0,0.7629327,0,0.6464779,sm2026_Alcohol01A_Get,natives/stm/leveldesign/itemset/chapter3/lucasarea/hard.scn.20,Props/sm2026_Alcohol01A/sm2026_Alcohol01A.mesh,Props/sm2026_Alcohol01A/sm2026_Alcohol01A.mdf2,
FALSE,,,Alcohol,TRUE,1,-1,-1,Normal,3,9685f19a-0a54-4473-baf4-de9d0aba4236,fdb67d06-f577-43aa-8fb9-0fdc2638b556,-3.408735,-2.695563,89.18188,0,0,0,1,_sm2026_Alcohol01A_Get,natives/stm/leveldesign/itemset/chapter3/oldhouse/normal.scn.20,Props/sm2026_Alcohol01A/sm2026_Alcohol01A.mesh,Props/sm2026_Alcohol01A/sm2026_Alcohol01A.mdf2,
FALSE,,,Alcohol,TRUE,1,-1,-1,Madhouse,3,8e98ced3-93c3-40b6-b703-3aa1aa60b78e,133481b3-d554-0761-14eb-3a194cf1eb19,-5.264193,-2.938618,93.09328,0,0,0,1,sm2026_Alcohol01A_Get,natives/stm/leveldesign/itemset/chapter3/oldhouse/hard.scn.20,Props/sm2026_Alcohol01A/sm2026_Alcohol01A.mesh,Props/sm2026_Alcohol01A/sm2026_Alcohol01A.mdf2,
FALSE,,,BlueBlaster,TRUE,1,-1,-1,,7,c006952b-7d04-4664-b3f1-3204ea5178b8,78db4a8b-d602-0c38-178c-10b943d44b86,3.050544,-5.619666,7.869775,0,0,0,1,wp1381_BlueBlaster_Get,natives/stm/scenes/birthday/stage1/stage1_setb.scn.20,Weapon/wp1381_BlueBlaster/wp1381_BlueBlaster.mesh,Weapon/wp1381_BlueBlaster/wp1381.mdf2,Jacks55thBirthday
FALSE,,,BlueBlaster,TRUE,1,-1,-1,,7,2d1bf063-046e-4428-93e3-65b3a2a9d357,95c62fc3-af68-0e74-379e-470e0b2ce069,12.27016,4.672009,-3.919032,0,0.7071068,0,0.7071068,wp1381_BlueBlaster_Get,natives/stm/scenes/birthday/stage3/stage3_seta.scn.20,Weapon/wp1381_BlueBlaster/wp1381_BlueBlaster.mesh,Weapon/wp1381_BlueBlaster/wp1381.mdf2,Jacks55thBirthday
FALSE,,,BlueBlaster,TRUE,1,-1,-1,,7,dc516b57-9273-4345-8ad5-dacea5d4943f,53d8bfa8-b5f1-4bdb-afea-e37cb0d533dd,78.0821,2.9837,-6.142647,0,0,0,1,wp1381_BlueBlaster_Get,natives/stm/scenes/birthday/stage2/stage2_seta.scn.20,Weapon/wp1381_BlueBlaster/wp1381_BlueBlaster.mesh,Weapon/wp1381_BlueBlaster/wp1381.mdf2,Jacks55thBirthday
FALSE,,,BlueBlaster,TRUE,1,-1,-1,,7,312254a5-948e-4411-96b0-0aa81a68a367,89ff8b05-3f88-0e4d-32cd-2815b3ed9059,12.82298,7.9405,17.00135,0,0,0,1,wp1381_BlueBlaster_Get,natives/stm/scenes/birthday/stage1/stage1_seta.scn.20,Weapon/wp1381_BlueBlaster/wp1381_BlueBlaster.mesh,Weapon/wp1381_BlueBlaster/wp1381.mdf2,Jacks55thBirthday
FALSE,,,BlueBlaster,TRUE,1,-1,-1,,7,6c5e0bcf-812e-458f-bd77-08ecd24ab6d1,d483d46f-2a28-0fd3-190a-2a517bcf85ef,16.01405,5.019693,8.959985,0,0.9414235,0,0.3372267,wp1381_BlueBlaster_Get,natives/stm/scenes/birthday/stage3/stage3_setb.scn.20,Weapon/wp1381_BlueBlaster/wp1381_BlueBlaster.mesh,Weapon/wp1381_BlueBlaster/wp1381.mdf2,Jacks55thBirthday
FALSE,,,BookDefence01,TRUE,1,-1,-1,,7,a4a2af6c-d035-0b7b-3ff3-0b8e7d8809da,6c52b8e7-0289-4dca-8bc4-8f09affe35a6,0,0,0,0,0,0,1,sm2406_BookDefence01A_DetailSearchItem,natives/stm/scenes/imd/randomitemboxset_imd.scn.20,Props/sm2406_BookDefence01A/sm2406_BookDefence01A.mesh,Props/sm2406_BookDefence01A/sm2406_BookDefence01A.mdf2,EthanMustDie
FALSE,,,BookDefence02,TRUE,1,-1,-1,,7,d4c2abb0-1d1d-0774-0564-e67d613b9e64,7b12b767-5ccf-4813-8e5e-684218d0b12b,0,0,0,0,0,0,1,sm2407_BookDefence02A_DetailSearchItem,natives/stm/scenes/imd/randomitemboxset_imd.scn.20,Props/sm2407_BookDefence02A/sm2407_BookDefence02A.mesh,Props/sm2407_BookDefence02A/sm2407_BookDefence02A.mdf2,EthanMustDie
FALSE,,,BookDefenceJustGuard,TRUE,1,-1,-1,,8,06326c2c-e484-4c7c-9189-e2be988dc791,afb9413d-c503-0249-17c5-f7aa1266926f,0,0,0,0,0,0,1,sm2406_BookDefence01A_Item,natives/stm/ch8/scenes/residentweapons.scn.20,,,NotAHero
FALSE,,,Alcohol,TRUE,1,-1,-1,Madhouse,3,559dc41d-3d07-48a4-aebc-3dce1a73653d,c8318b7d-7b90-0f73-0d54-3d76fce239aa,-21.99514,-2.050001,84.38852,0,0,0,1,sm2026_Alcohol01A_Get,natives/stm/leveldesign/itemset/chapter3/oldhouse/hard.scn.20,Props/sm2026_Alcohol01A/sm2026_Alcohol01A.mesh,Props/sm2026_Alcohol01A/sm2026_Alcohol01A.mdf2,
FALSE,,,Alcohol,TRUE,1,-1,-1,Normal,3,129ea5a3-6531-4dea-9969-2d3eb9f97d4e,8f32eac3-23a6-0a3d-3a81-2d865f6821d9,17.53906,1.886837,81.50368,0,0,0,1,sm2026_Alcohol01A_Get,natives/stm/leveldesign/itemset/chapter3/greenhouse/normal.scn.20,Props/sm2026_Alcohol01A/sm2026_Alcohol01A.mesh,Props/sm2026_Alcohol01A/sm2026_Alcohol01A.mdf2,
FALSE,,,Alcohol,TRUE,1,-1,-1,,3,0944c68d-50a1-4207-b645-796a353aab95,cbfcc9d6-42b1-4948-8b75-a3188717f8af,-0.3603592,1.000002,-0.02072906,0,0,0,1,sm2026_Alcohol01A_Get,natives/stm/environment/scene/chapter3/c03_gh1flowerroom01.scn.20,Props/sm2026_Alcohol01A/sm2026_Alcohol01A.mesh,Props/sm2026_Alcohol01A/sm2026_Alcohol01A.mdf2,
FALSE,,,Alcohol,TRUE,1,-1,-1,Madhouse,3,c4045af8-8512-4d4c-8b14-ac60834b0293,59a81598-c385-0a9b-28fc-acd865da5e04,-4.967281,-1.713056,12.76784,0,0,0,1,sm2026_Alcohol01A_Get,natives/stm/leveldesign/itemset/chapter3/mainhouse_hall/hard.scn.20,Props/sm2026_Alcohol01A/sm2026_Alcohol01A.mesh,Props/sm2026_Alcohol01A/sm2026_Alcohol01A.mdf2,
FALSE,,,Burner,TRUE,1,-1,-1,,7,5298d5e4-58cb-4755-87c2-76bd1c65db23,80e1be51-99a3-0501-01c0-14ca4867be3a,49.07917,0.469253,22.66888,-0.2813973,-0.4373316,0.4621802,0.7182939,wp1000_GasBurner_Get,natives/stm/scenes/birthday/stage2/stage2_setb.scn.20,Weapon/wp1000_GasBurner/wp1000_GasBurner.mesh,Weapon/wp1000_GasBurner/wp1000.mdf2,Jacks55thBirthday
FALSE,,,Burner,TRUE,1,-1,-1,,7,938473dc-fad6-410e-8c08-faef970c49f3,41fd1869-3bbe-035a-0a0a-9898c30e2cea,29.28034,0.1108885,3.164401,6.95E-15,1.46E-15,-0.2056238,0.9786311,wp1000_GasBurner_Get,natives/stm/scenes/birthday/stage3/stage3_seta.scn.20,Weapon/wp1000_GasBurner/wp1000_GasBurner.mesh,Weapon/wp1000_GasBurner/wp1000.mdf2,Jacks55thBirthday
FALSE,,,Burner,TRUE,1,-1,-1,,7,748916c6-68eb-454e-beb3-d8baa11793ec,4b533a4f-edf1-4960-91ad-4d6114ba942d,0,0,0,0,0,0,1,wp1000_GasBurner_Get,natives/stm/scenes/imd/randomitemboxset_imd.scn.20,Weapon/wp1000_GasBurner/wp1000_GasBurner.mesh,Weapon/wp1000_GasBurner/wp1000.mdf2,EthanMustDie
FALSE,,,Burner,TRUE,1,-1,-1,,7,49f8c18a-c0aa-4d9e-b0eb-1fd82bb63876,9b81aa3f-01c2-0fca-36e9-7daf7fb45d6f,-33.06311,-5.579078,-3.642479,-2.35E-08,0.7071068,-1.83E-08,0.7071068,wp1000_GasBurner_Get,natives/stm/scenes/birthday/stage3/stage3_setb.scn.20,Weapon/wp1000_GasBurner/wp1000_GasBurner.mesh,Weapon/wp1000_GasBurner/wp1000.mdf2,Jacks55thBirthday
FALSE,,,Alcohol,TRUE,1,-1,-1,Normal,3,16a890f9-7736-4556-aaf7-3b3b2acd64c9,8b04df99-31a1-0281-091f-3b83cc5c385e,90.27869,2.369999,2.978539,0,0,0,1,sm2026_Alcohol01A_Get,natives/stm/leveldesign/itemset/chapter3/cowshed/normal.scn.20,Props/sm2026_Alcohol01A/sm2026_Alcohol01A.mesh,Props/sm2026_Alcohol01A/sm2026_Alcohol01A.mdf2,
FALSE,,,Alcohol,TRUE,1,-1,-1,Normal,3,da018c16-9c19-4409-a316-400b1dc9bc16,2e726b95-fb12-4909-9dc1-6448bd489791,-23.47852,0.9788622,1.725601,0,-0.6115674,0,0.7911924,sm2026_Alcohol01A_Get,natives/stm/leveldesign/itemset/chapter3/mainhouse_east/normal.scn.20,Props/sm2026_Alcohol01A/sm2026_Alcohol01A.mesh,Props/sm2026_Alcohol01A/sm2026_Alcohol01A.mdf2,
FALSE,,,Alcohol,TRUE,1,-1,-1,,3,af78cd5c-b090-4557-bd9c-2f6a0d74b0c0,7e8b07d2-a8f3-4e1a-a269-fb78f1d44632,0.1941452,1.000001,-0.01740265,0,0,0,1,sm2026_Alcohol01A_Get,natives/stm/environment/scene/chapter3/c03_gh2fhallway01.scn.20,Props/sm2026_Alcohol01A/sm2026_Alcohol01A.mesh,Props/sm2026_Alcohol01A/sm2026_Alcohol01A.mdf2,
FALSE,,,Balloonbomb,TRUE,1,-1,-1,,3,19c37dea-5cdf-4db6-9bd4-05aad944e28c,8b4d3cbb-8e2b-48f9-8a51-994c368d0faf,52.51278,-0.5252396,38.81208,0.6830127,0.6830127,0.1830126,0.1830127,sm2120_Balloonbomb_Get,natives/stm/environment/scene/chapter3/c03_leftarea1fpuzzleroom2.scn.20,Props/sm2120_Balloonbomb/sm2120_Balloonbomb.mesh,Props/sm2120_Balloonbomb/sm2120_Balloonbomb.mdf2,
FALSE,,,Battery,TRUE,1,-1,-1,,3,3e3778e9-b321-4141-8c90-9cb7b4c0e6c8,c803a109-83eb-4612-a45e-3810b139ee29,61.35561,2.849907,-0.570469,0,0,0,1,sm9095_DummyBattery01A_DetailSearchItem,natives/stm/environment/scene/chapter3/c03_cowshed01.scn.20,Props/sm9095_DummyBattery01A/sm9095_DummyBattery01A.mesh,Props/sm9095_DummyBattery01A/sm9095_DummyBattery01A_IDS.mdf2,
FALSE,,,BrokenHandgun_M19,TRUE,1,-1,-1,Normal,3,6adb8a5f-3fd7-41a4-9528-f6e193dc086e,7c686a8f-e2bc-0e81-2f48-e58b86e95be9,21.76856,-0.9818736,35.71083,-0.6390853,0.6420835,-0.294771,0.3039881,wp1019_BrokenHandgun_Get,natives/stm/leveldesign/itemset/chapter3/gardenarea/normal.scn.20,Weapon/wp1019_BrokenHandgun/wp1019_BrokenHandgun.mesh,Weapon/wp1019_BrokenHandgun/wp1019.mdf2,
FALSE,,,BurnerBullet,TRUE,50,-1,-1,,7,a1eee6cb-b6fc-4975-a270-01603845719c,9e2755eb-b4ea-4905-8b85-e4fdd7e5230c,48.6644,0.3866008,23.07757,0,0,0,1,wp1001_GasCan_Get,natives/stm/scenes/birthday/stage2/stage2_setb.scn.20,Weapon/wp1001_GasCan/wp1001_GasCan.mesh,Weapon/wp1001_GasCan/wp1001.mdf2,Jacks55thBirthday
FALSE,,,BurnerBullet,TRUE,50,-1,-1,,7,c5d31b2e-63d2-4878-884e-1ec6980b3fbf,35964c22-597c-06cd-1318-bf8d2a51669d,48.82283,0.5108221,22.91543,1.82E-12,-5.42E-20,9.86E-32,1,wp1001_GasCan_Get,natives/stm/scenes/birthday/stage2/stage2_setb.scn.20,Weapon/wp1001_GasCan/wp1001_GasCan.mesh,Weapon/wp1001_GasCan/wp1001.mdf2,Jacks55thBirthday
FALSE,,,BrokenHandgun_M19,TRUE,1,-1,-1,Madhouse,3,c947a093-81a1-4f02-93bb-8e34e315bcab,dff44043-5cca-0027-29db-9d5ef620ef2c,15.58203,1.760727,79.21996,0.2467877,0.2467876,0.662643,0.6626431,wp1019_BrokenHandgun_Get,natives/stm/leveldesign/itemset/chapter3/greenhouse/hard.scn.20,Weapon/wp1019_BrokenHandgun/wp1019_BrokenHandgun.mesh,Weapon/wp1019_BrokenHandgun/wp1019.mdf2,
FALSE,,,BrokenShotgun_DB,TRUE,1,-1,-1,,3,65a64069-d77d-0f46-31f9-f16439d0218e,676477da-be02-420a-9e0c-c2852713ded5,0,0.4,0.2288213,-0.1491412,0.6677635,0.1886118,0.7044675,wp1039_BrokenShotgun_Get,natives/stm/environment/scene/chapter3/c03_mainhousehall.scn.20,Weapon/wp1039_BrokenShotgun/wp1039_BrokenShotgun.mesh,Weapon/wp1039_BrokenShotgun/wp1039.mdf2,
FALSE,,,BrokenShotgun_DB,TRUE,1,-1,-1,,3,4158abe4-f771-4672-9a97-21c10ca5cc52,439a9c57-9e0e-0b3e-3562-122012663309,12.9613,5.279644,10.7392,-0.5807648,0.06024275,-0.08376272,0.8075066,wp1039_BrokenShotgun_Get,natives/stm/leveldesign/itemset/chapter3/mainhouse_west/mainhouse_west.scn.20,Weapon/wp1039_BrokenShotgun/wp1039_BrokenShotgun.mesh,Weapon/wp1039_BrokenShotgun/wp1039.mdf2,
FALSE,,,BurnerBullet,TRUE,100,-1,-1,Madhouse,3,3b2f09c9-e1f3-4758-aa45-98c646dda129,cb6a5ec5-db5d-09ed-3113-398df487f80b,38.23561,-2.274712,71.36166,0.07357963,-0.317674,-0.488189,0.8095312,wp1001_GasCan_Get,natives/stm/leveldesign/itemset/chapter3/greenhouse/hard.scn.20,Weapon/wp1001_GasCan/wp1001_GasCan.mesh,Weapon/wp1001_GasCan/wp1001.mdf2,
FALSE,,,BurnerBullet,TRUE,100,-1,-1,Madhouse,3,f13bd205-8452-410f-b6d2-7036cfe6c1f4,017e8509-befc-0fba-2d84-d17d7dbc98d6,28.51413,1.684394,81.84734,0.5574352,-0.4348899,0.4351264,0.5574959,wp1001_GasCan_Get,natives/stm/leveldesign/itemset/chapter3/greenhouse/hard.scn.20,Weapon/wp1001_GasCan/wp1001_GasCan.mesh,Weapon/wp1001_GasCan/wp1001.mdf2,
FALSE,,,BurnerBullet,TRUE,150,-1,-1,Madhouse,3,7574689a-e047-4fa9-b100-b4c515b0807b,85313f96-dae9-011c-2a56-158ea7ead959,28.51385,1.649998,82.07292,0,0,0,1,wp1001_GasCan_Get,natives/stm/leveldesign/itemset/chapter3/greenhouse/hard.scn.20,Weapon/wp1001_GasCan/wp1001_GasCan.mesh,Weapon/wp1001_GasCan/wp1001.mdf2,
FALSE,,,BurnerBullet,TRUE,100,-1,-1,Madhouse,3,8eae1586-19ac-47a6-b106-4e106091dae7,7eeb428a-2302-0913-2a50-ef5bd2cb83c5,19.20925,1.696142,76.52087,0.664015,0.2428049,-0.2430191,0.6641322,wp1001_GasCan_Get,natives/stm/leveldesign/itemset/chapter3/greenhouse/hard.scn.20,Weapon/wp1001_GasCan/wp1001_GasCan.mesh,Weapon/wp1001_GasCan/wp1001.mdf2,
FALSE,,,BurnerBullet,TRUE,100,-1,-1,Madhouse,3,074f2de6-2b87-4271-8966-22729049ea8a,f70a7aea-1129-0cc4-1230-83392213b3a8,19.35561,1.659881,76.42897,0,0,0,1,wp1001_GasCan_Get,natives/stm/leveldesign/itemset/chapter3/greenhouse/hard.scn.20,Weapon/wp1001_GasCan/wp1001_GasCan.mesh,Weapon/wp1001_GasCan/wp1001.mdf2,
FALSE,,,BurnerBullet,TRUE,100,-1,-1,Normal,3,4f286575-08b7-4e3e-8e03-0e191cd888d7,bf6d3279-3219-008b-1555-af52ae82d1f5,-42.59233,-2.495482,107.7364,0.2435506,0.1789273,0.2009601,0.9318191,wp1001_GasCan_Get,natives/stm/leveldesign/itemset/chapter3/oldhouse/normal.scn.20,Weapon/wp1001_GasCan/wp1001_GasCan.mesh,Weapon/wp1001_GasCan/wp1001.mdf2,
FALSE,,,BurnerBullet,TRUE,50,-1,-1,Normal,3,6f38d073-d173-4672-8dc9-bddc332441e5,9c71bcd9-a938-4f94-bb82-277a3a2d9347,-29.11082,-2.709791,75.13746,0.1395397,0.1036871,0.7904415,0.5873498,_wp1001_GasCan_Get,natives/stm/leveldesign/itemset/chapter3/oldhouse/normal.scn.20,Weapon/wp1001_GasCan/wp1001_GasCan.mesh,Weapon/wp1001_GasCan/wp1001.mdf2,
FALSE,,,BurnerBullet,TRUE,100,-1,-1,Normal,3,8d7faedd-9274-4ce5-85c2-244898acf0b3,d3ad1898-6f14-40ce-83e8-af4efdc402fd,-23.37003,-2.898755,88.30154,0.1229276,0.1229275,0.6963396,0.6963395,_wp1001_GasCan_Get,natives/stm/leveldesign/itemset/chapter3/oldhouse/normal.scn.20,Weapon/wp1001_GasCan/wp1001_GasCan.mesh,Weapon/wp1001_GasCan/wp1001.mdf2,
FALSE,,,BurnerBullet,TRUE,500,-1,-1,Madhouse,3,f857ccf6-5323-4d23-a31a-c47195d0f761,08129bfa-698d-0396-384c-653a278aae43,0,0,0,0,0,0,1,wp1001_GasCan_Get,natives/stm/leveldesign/itemset/chapter3/oldhouse/hard.scn.20,Weapon/wp1001_GasCan/wp1001_GasCan.mesh,Weapon/wp1001_GasCan/wp1001.mdf2,
FALSE,,,BurnerBullet,TRUE,50,-1,-1,Madhouse,3,b80d6f6f-005a-4a96-a5a7-e9e88b52efb7,48483863-3af4-0423-3ef1-48a33908b695,-4.762619,-7.188803,82.6815,0,0,0,1,wp1001_GasCan_Get,natives/stm/leveldesign/itemset/chapter3/oldhouse/hard.scn.20,Weapon/wp1001_GasCan/wp1001_GasCan.mesh,Weapon/wp1001_GasCan/wp1001.mdf2,
FALSE,,,BurnerBullet,TRUE,100,-1,-1,,7,870fd637-64cb-4002-9cb4-f3056bfaf911,774a813b-5e65-0eb7-07e2-524ed9a0a033,-1.999365,-6.569731,-3.670738,0,-0.3984757,0,0.9171789,wp1001_GasCan_Get,natives/stm/scenes/birthday/stage3/stage3_setb.scn.20,Weapon/wp1001_GasCan/wp1001_GasCan.mesh,Weapon/wp1001_GasCan/wp1001.mdf2,Jacks55thBirthday
FALSE,,,BurnerBullet,TRUE,40,-1,-1,Madhouse,3,a150ca9b-c505-4149-a357-87b188d909cd,51159d97-ffab-0ffc-3801-26fa3a8350ef,-51.09955,-4.985267,78.30688,0,0,0,1,wp1001_GasCan_Get,natives/stm/leveldesign/itemset/chapter3/oldhouse/hard.scn.20,Weapon/wp1001_GasCan/wp1001_GasCan.mesh,Weapon/wp1001_GasCan/wp1001.mdf2,
FALSE,,,BurnerBullet,TRUE,40,-1,-1,Madhouse,3,f03f87a9-3d2f-4f07-9fed-d2fd07fd3988,007ad0a5-0781-01b2-04bb-73b6b5a760aa,-48.91824,-2.967323,85.98697,0,0,0,1,wp1001_GasCan_Get,natives/stm/leveldesign/itemset/chapter3/oldhouse/hard.scn.20,Weapon/wp1001_GasCan/wp1001_GasCan.mesh,Weapon/wp1001_GasCan/wp1001.mdf2,
FALSE,,,BurnerBullet,TRUE,40,-1,-1,Madhouse,3,e67c1fa0-006c-4f17-860f-97048487bafa,163948ac-3ac2-01a2-1d59-364f36dde3d8,-20.42564,-2.932501,90.4405,0,0,0,1,wp1001_GasCan_Get,natives/stm/leveldesign/itemset/chapter3/oldhouse/hard.scn.20,Weapon/wp1001_GasCan/wp1001_GasCan.mesh,Weapon/wp1001_GasCan/wp1001.mdf2,
FALSE,,,BurnerBullet,TRUE,100,-1,-1,Madhouse,3,bee7d671-633b-4944-bad7-6d629a245cca,4ea2817d-5995-07f1-2181-cc29287e05e8,2.409933,-0.1551865,83.16199,0,0,0,1,wp1001_GasCan_Get,natives/stm/leveldesign/itemset/chapter3/oldhouse/hard.scn.20,Weapon/wp1001_GasCan/wp1001_GasCan.mesh,Weapon/wp1001_GasCan/wp1001.mdf2,
FALSE,,,BurnerBullet,TRUE,75,-1,-1,Normal,3,962ebe59-0df3-4d0a-8fa0-22647220670e,fe3322a1-2ae6-4325-a9b0-296a82249e14,33.54718,-2.130985,71.88781,-0.2986163,0.01750944,0.05585456,0.9525765,_wp1001_GasCan_Get,natives/stm/leveldesign/itemset/chapter3/greenhouse/normal.scn.20,Weapon/wp1001_GasCan/wp1001_GasCan.mesh,Weapon/wp1001_GasCan/wp1001.mdf2,
FALSE,,,BurnerBullet,TRUE,75,-1,-1,Normal,3,fc87eeb5-44f2-40ce-a725-4cfc84e36b6f,99a43628-4bf2-4883-83d0-ab310fdfe2e9,38.32047,1.743027,75.81421,0,0,0,1,_wp1001_GasCan_Get,natives/stm/leveldesign/itemset/chapter3/greenhouse/normal.scn.20,Weapon/wp1001_GasCan/wp1001_GasCan.mesh,Weapon/wp1001_GasCan/wp1001.mdf2,
FALSE,,,BurnerBullet,TRUE,60,-1,-1,,3,400c0d7e-f8cd-43d0-9c3e-c1ccfa2c0704,ef165052-ab18-4ec0-9a29-2653d7b2e0f9,0.7230072,0.2831573,-0.03319395,0.4071015,0.6202219,0.4127019,0.5284603,wp1001_GasCan_Get,natives/stm/environment/scene/chapter3/c03_oldhouse1froom02.scn.20,Weapon/wp1001_GasCan/wp1001_GasCan.mesh,Weapon/wp1001_GasCan/wp1001.mdf2,
FALSE,,,Candle,TRUE,1,-1,-1,,7,a6fd613d-743d-4aa9-9931-5595a53213a6,50d14d12-ccfe-449e-8ff6-9df16c524057,49.68537,0.4905947,22.73898,0,0,0,1,wp1250_Candle_Get,natives/stm/scenes/birthday/stage2/copyasset/c03_leftarea1fpuzzleroom1/c03_leftarea1fpuzzleroom1.scn.20,Weapon/wp1250_Candle/wp1250_Candle.mesh,Weapon/wp1250_Candle/wp1250_IDS.mdf2,Jacks55thBirthday
FALSE,,,Candle,FALSE,1,-1,-1,,7,f0d21d43-69db-46df-9f30-57600bb4ae2b,7cccf2c1-76bc-4963-bdde-784e42587081,0,0,0,0,0,0,1,wp1250_Candle_Dynamic,natives/stm/scenes/birthday/stage2/copyasset/c03_leftarea1fpuzzleroom1/c03_leftarea1fpuzzleroom1.scn.20,Weapon/wp1250_Candle/wp1250_Candle.mesh,Weapon/wp1250_Candle/wp1250.mdf2,Jacks55thBirthday
FALSE,,,BurnerBullet,TRUE,60,-1,-1,,3,887e0b13-658a-441b-9210-726205b76601,783b5c1f-5f24-0aae-0946-d329b7ed3f23,0.02983856,0.1139355,0.02617681,0.6774222,0.2981844,0.6072464,-0.2888548,wp1001_GasCan_Get,natives/stm/environment/scene/chapter3/c03_oldhouse1froom02.scn.20,Weapon/wp1001_GasCan/wp1001_GasCan.mesh,Weapon/wp1001_GasCan/wp1001.mdf2,
FALSE,,,Ch8CageKey,TRUE,1,-1,-1,,8,784a0614-fd4f-003d-15ab-abc66662abcf,d6ae6b2b-dadb-48b1-83a5-82ec741ec5a7,0,0,0,0,0,0,1,sm2948_CageKey01A_Get,natives/stm/ch8/environment/scene/chapter8/c08_miningdome01.scn.20,CH8/Props/sm2948_CageKey01A/sm2948_CageKey01A.mesh,CH8/Props/sm2948_CageKey01A/sm2948_CageKey01A.mdf2,NotAHero
FALSE,,,CH9_WP001,TRUE,1,-1,-1,,9,2b2ed038-b4b9-07cc-3d50-c210b0412ad2,65bd08d8-60c6-4fb5-906a-bf4f69c09b87,0,-1,0,1.86E-09,0,0,1,wp1600_Gauntlet_Get,natives/stm/ch9/environment/scene/chapter9/c09_bakerroadground.scn.20,CH9/Weapon/wp1600_Gauntlet/wp1600.mesh,CH9/Weapon/wp1600_Gauntlet/wp1600.mdf2,EndOfZoe
FALSE,,,CH9_WP001,FALSE,1,-1,-1,,9,80135ca3-1b68-0c1d-0e46-8765d7f10b2d,9eaa2e42-4c92-4cc5-998d-fb9437fc3d09,0,0,0,1.86E-09,0,0,1,wp1600_Gauntlet_Event,natives/stm/ch9/environment/scene/chapter9/c09_bakerroadground.scn.20,CH9/Weapon/wp1600_Gauntlet/wp1600.mesh,CH9/Weapon/wp1600_Gauntlet/wp1600.mdf2,EndOfZoe
FALSE,,,CH9_WP003,TRUE,1,-1,-1,Madhouse,9,99d337e8-4e9b-487d-975d-da97083905f3,99df1021-061b-4b51-8c11-81233c967d1b,-242.5442,-4.111131,-71.91143,0.6972328,0,0,0.7168448,wp1500_NailKnife_Get,natives/stm/ch9/leveldesign/itemset/chapter9/moldswamp/hard.scn.20,CH9/Weapon/wp1500_NailKnife/wp1500.mesh,CH9/Weapon/wp1500_NailKnife/wp1500.mdf2,EndOfZoe
FALSE,,,CH9_WP003,TRUE,1,-1,-1,Madhouse,9,7fa8541b-384a-44a5-b5d7-8c9d4a90856f,7d77b573-c259-4739-a2cd-e45907a58fea,-235.3439,-3.240525,-129.5011,0.2002428,0.2852818,0.6098572,0.7117522,wp1500_NailKnife_Get,natives/stm/ch9/leveldesign/itemset/chapter9/moldswamp/hard.scn.20,CH9/Weapon/wp1500_NailKnife/wp1500.mesh,CH9/Weapon/wp1500_NailKnife/wp1500.mdf2,EndOfZoe
FALSE,,,CH9_WP003,TRUE,1,-1,-1,Madhouse,9,632efca8-0e1e-4d4d-ba6d-a71ed01b3d3d,55fece50-e620-0642-1b9c-02a424f8319b,-242.5442,-4.125225,-70.78648,0.5348847,0,0,0.8449251,wp1500_NailKnife_Get,natives/stm/ch9/leveldesign/itemset/chapter9/moldswamp/hard.scn.20,CH9/Weapon/wp1500_NailKnife/wp1500.mesh,CH9/Weapon/wp1500_NailKnife/wp1500.mdf2,EndOfZoe
FALSE,,,CH9_WP003,TRUE,1,-1,-1,Madhouse,9,5185c8ee-d1e2-40a0-906a-f42c0449e7cc,df5a7636-d226-4b7e-9519-85dfe194a975,-206.9157,-0.7657244,26.06367,-0.2864516,0.8853597,-0.2676618,-0.2498816,wp1500_NailKnife_Get,natives/stm/ch9/leveldesign/itemset/chapter9/church/hard.scn.20,CH9/Weapon/wp1500_NailKnife/wp1500.mesh,CH9/Weapon/wp1500_NailKnife/wp1500.mdf2,EndOfZoe
FALSE,,,CH9_WP003,TRUE,1,-1,-1,Madhouse,9,30941d35-341a-4a83-aff4-f512e7e46046,c1cae6e7-70e8-4d00-9621-fb0f2b16eae7,-207.1173,-0.8507572,26.56981,0.2910043,0.7815459,-0.4161638,0.3623672,wp1500_NailKnife_Get,natives/stm/ch9/leveldesign/itemset/chapter9/church/hard.scn.20,CH9/Weapon/wp1500_NailKnife/wp1500.mesh,CH9/Weapon/wp1500_NailKnife/wp1500.mdf2,EndOfZoe
FALSE,,,CH9_WP003,TRUE,1,-1,-1,Madhouse,9,f99699a3-90f0-4ea9-8be3-a370631b8c38,c1035216-11bc-4d33-8180-f60ad2697162,-32.25828,-3.755948,-380.6734,-0.2217337,0.9366711,-0.2614723,0.07151009,wp1500_NailKnife_Get,natives/stm/ch9/leveldesign/itemset/chapter9/camparea_ground/hard.scn.20,CH9/Weapon/wp1500_NailKnife/wp1500.mesh,CH9/Weapon/wp1500_NailKnife/wp1500.mdf2,EndOfZoe
FALSE,,,CH9_WP003,TRUE,1,-1,-1,Madhouse,9,15be35a6-ddbb-46f0-85bd-3313f9be38ea,421f3bef-e39a-45a1-aa48-44af0a01cccd,-42.32552,-2.693134,-346.7162,0.3139146,-0.6432315,-0.3273068,0.6169127,wp1500_NailKnife_Get,natives/stm/ch9/leveldesign/itemset/chapter9/camparea_ground/hard.scn.20,CH9/Weapon/wp1500_NailKnife/wp1500.mesh,CH9/Weapon/wp1500_NailKnife/wp1500.mdf2,EndOfZoe
FALSE,,,CH9_WP003,TRUE,1,-1,-1,Madhouse,9,49b04537-5dc2-4f9c-a7c5-0d8704e582f1,08427e9a-6dc8-43fe-8c01-a3df8a9e24a9,-32.50481,-1.524031,-383.3099,0.4535109,0,0,0.8912507,wp1500_NailKnife_Get,natives/stm/ch9/leveldesign/itemset/chapter9/camparea_ground/hard.scn.20,CH9/Weapon/wp1500_NailKnife/wp1500.mesh,CH9/Weapon/wp1500_NailKnife/wp1500.mdf2,EndOfZoe
FALSE,,,CH9_WP003,TRUE,1,-1,-1,Madhouse,9,ef39dc97-ae03-4d74-b346-5c83f9bdfec5,5fcdad20-9f72-4eb7-aa74-b1f99e8b82be,-32.16169,-1.468231,-384.1157,0.4055727,0.2561944,-0.07483433,0.8742283,wp1500_NailKnife_Get,natives/stm/ch9/leveldesign/itemset/chapter9/camparea_ground/hard.scn.20,CH9/Weapon/wp1500_NailKnife/wp1500.mesh,CH9/Weapon/wp1500_NailKnife/wp1500.mdf2,EndOfZoe
FALSE,,,CH9_WP003,TRUE,1,-1,-1,Madhouse,9,9f1031bb-48b2-4c4e-88ea-6af40a2aac2c,3178e14e-6483-4c5f-b0e3-7bdf18e3dcb9,-41.6303,-1.436156,85.81453,0.1286982,-0.03856504,0.01209888,0.9908598,wp1500_NailKnife_Get,natives/stm/ch9/leveldesign/itemset/chapter9/oldhouse/hard.scn.20,CH9/Weapon/wp1500_NailKnife/wp1500.mesh,CH9/Weapon/wp1500_NailKnife/wp1500.mdf2,EndOfZoe
FALSE,,,CH9_WP003,TRUE,1,-1,-1,Madhouse,9,a27d6841-374a-49da-855d-6a2a2cedad19,53663436-8fe7-4b03-987a-0d003d584743,-29.52166,-1.873132,86.94576,0.1286982,-0.03856504,0.01209888,0.9908598,wp1500_NailKnife_Get,natives/stm/ch9/leveldesign/itemset/chapter9/oldhouse/hard.scn.20,CH9/Weapon/wp1500_NailKnife/wp1500.mesh,CH9/Weapon/wp1500_NailKnife/wp1500.mdf2,EndOfZoe
FALSE,,,CH9_WP003,TRUE,1,-1,-1,Madhouse,9,2b33d1fe-cfd5-46c8-8ef8-34853b268165,5b26b688-5ae4-46ad-bce1-763103a36a44,-16.07268,-2.375889,243.8558,0,-0.7338638,0,0.6792967,wp1500_NailKnife_Get,natives/stm/ch9/leveldesign/itemset/chapter9/joehousearea/hard.scn.20,CH9/Weapon/wp1500_NailKnife/wp1500.mesh,CH9/Weapon/wp1500_NailKnife/wp1500.mdf2,EndOfZoe
FALSE,,,CH9_WP003,TRUE,1,-1,-1,Madhouse,9,f25e14ce-62bf-4cdd-9d8b-42cfa27c24aa,c48e2636-8a81-07d2-3c7a-e775569f280c,-28.40609,-2.991528,212.8999,0.6833218,0.3889306,-0.5370104,0.3056536,wp1500_NailKnife_Get,natives/stm/ch9/leveldesign/itemset/chapter9/joehousearea/hard.scn.20,CH9/Weapon/wp1500_NailKnife/wp1500.mesh,CH9/Weapon/wp1500_NailKnife/wp1500.mdf2,EndOfZoe
FALSE,,,CH9_WP003,TRUE,1,-1,-1,,9,f113a4dc-60cc-40ed-9f66-367334b4c303,e48d50e0-a1d7-4966-bef3-6994112e00a2,0,0,0,4.66E-10,0,0,1,wp1500_NailKnife_Get,natives/stm/ch9/scenes/chapter/c09_itemresources.scn.20,CH9/Weapon/wp1500_NailKnife/wp1500.mesh,CH9/Weapon/wp1500_NailKnife/wp1500.mdf2,EndOfZoe
FALSE,,,CH9_WP003,TRUE,1,-1,-1,Madhouse,9,b39948c3-ba14-4d1c-9a80-c397a0b12119,0e34df08-298f-4fb7-975d-640af1d0a299,-30.99776,1.609875,-331.3726,0.2551647,-0.6639388,0.1244028,0.6918113,wp1500_NailKnife_Get,natives/stm/ch9/leveldesign/itemset/chapter9/steamboat/hard.scn.20,CH9/Weapon/wp1500_NailKnife/wp1500.mesh,CH9/Weapon/wp1500_NailKnife/wp1500.mdf2,EndOfZoe
FALSE,,,CH9_WP003,TRUE,1,-1,-1,Madhouse,9,b3010eb4-a61f-4e26-a3eb-1aba133c4b95,f43a9ca2-9806-4558-b727-b9313347d42e,-30.97747,1.692773,-331.3589,0.05903044,-0.7263681,0.1339138,0.6715444,wp1500_NailKnife_Get,natives/stm/ch9/leveldesign/itemset/chapter9/steamboat/hard.scn.20,CH9/Weapon/wp1500_NailKnife/wp1500.mesh,CH9/Weapon/wp1500_NailKnife/wp1500.mdf2,EndOfZoe
FALSE,,,CH9_WP003,TRUE,1,-1,-1,Madhouse,9,aeb5d974-b949-45c9-b626-4d0856c5da4d,f19e6f8a-c166-44de-92be-74cbb0cd7328,-29.42918,5.14062,-333.7151,0.2214646,0.7695335,-0.5808509,0.1462322,wp1500_NailKnife_Get,natives/stm/ch9/leveldesign/itemset/chapter9/steamboat/hard.scn.20,CH9/Weapon/wp1500_NailKnife/wp1500.mesh,CH9/Weapon/wp1500_NailKnife/wp1500.mdf2,EndOfZoe
FALSE,,,CH9_WP003,TRUE,1,-1,-1,Madhouse,9,5e89b67f-6b62-4580-b5e8-d4bcd933c99c,9406fd07-bcf0-4566-88a0-7ccc16fc10e6,-29.46366,5.133523,-333.8857,0.4107843,0.5502678,-0.3661009,0.628038,wp1500_NailKnife_Get,natives/stm/ch9/leveldesign/itemset/chapter9/steamboat/hard.scn.20,CH9/Weapon/wp1500_NailKnife/wp1500.mesh,CH9/Weapon/wp1500_NailKnife/wp1500.mdf2,EndOfZoe
FALSE,,,CH9_WP003,TRUE,1,-1,-1,Madhouse,9,8c291fa0-7c8d-4aad-b16f-cb7b211945ed,099ae4e0-fcd2-4ba6-91fc-5522bf00ca81,-29.45626,4.122365,-336.7864,0.249046,0.7014636,-0.6012507,0.2905555,wp1500_NailKnife_Get,natives/stm/ch9/leveldesign/itemset/chapter9/steamboat/hard.scn.20,CH9/Weapon/wp1500_NailKnife/wp1500.mesh,CH9/Weapon/wp1500_NailKnife/wp1500.mdf2,EndOfZoe
FALSE,,,CH9_WP003,TRUE,1,-1,-1,Madhouse,9,41f2f482-8498-424b-a426-87532ba6a941,13a4341b-8c11-4d05-8523-e416b94edefa,-252.7986,-4.496328,18.24417,0.5855957,0.3600288,-0.5500788,0.4742049,wp1500_NailKnife_Get,natives/stm/ch9/leveldesign/itemset/chapter9/climbinghut/hard.scn.20,CH9/Weapon/wp1500_NailKnife/wp1500.mesh,CH9/Weapon/wp1500_NailKnife/wp1500.mdf2,EndOfZoe
FALSE,,,CH9_WP003,TRUE,1,-1,-1,Madhouse,9,1eb461f6-8bdc-40bb-a1aa-d41ce6eabe19,641c02d4-aee3-43c6-bdb5-689644a19be5,-252.6863,-4.54922,18.07354,0.6674097,0.2448327,-0.6101347,0.3497956,wp1500_NailKnife_Get,natives/stm/ch9/leveldesign/itemset/chapter9/climbinghut/hard.scn.20,CH9/Weapon/wp1500_NailKnife/wp1500.mesh,CH9/Weapon/wp1500_NailKnife/wp1500.mdf2,EndOfZoe
FALSE,,,CH9_WP003,TRUE,1,-1,-1,Madhouse,9,db0e76ec-287a-4873-be02-8d6afa18d4a5,cc2b7918-b849-44d8-b65f-a4645b515d91,-218.9008,-3.6936,-2.64285,0.04341732,0.6491535,-0.1039566,0.7522684,wp1500_NailKnife_Get,natives/stm/ch9/leveldesign/itemset/chapter9/climbinghut/hard.scn.20,CH9/Weapon/wp1500_NailKnife/wp1500.mesh,CH9/Weapon/wp1500_NailKnife/wp1500.mdf2,EndOfZoe
FALSE,,,CH9_WP003,TRUE,1,-1,-1,Madhouse,9,72c996ac-e041-4201-83ce-e2598f847694,4286b4dc-6b79-4efb-a7bd-ac6bc92a0bbc,-218.9024,-3.894795,-2.63732,-0.09117867,0.6572911,0.01325194,0.7479835,wp1500_NailKnife_Get,natives/stm/ch9/leveldesign/itemset/chapter9/climbinghut/hard.scn.20,CH9/Weapon/wp1500_NailKnife/wp1500.mesh,CH9/Weapon/wp1500_NailKnife/wp1500.mdf2,EndOfZoe
FALSE,,,CH9_WP003,TRUE,1,-1,-1,Madhouse,9,7a8473eb-2420-4e45-81c4-164dd3f723a4,d7f3b9c4-2e32-4dff-8ce6-3eaee4c4b32d,-221.4722,-3.625706,-13.93484,0.225849,0.07380353,0.9697468,-0.05600266,wp1500_NailKnife_Get,natives/stm/ch9/leveldesign/itemset/chapter9/climbinghut/hard.scn.20,CH9/Weapon/wp1500_NailKnife/wp1500.mesh,CH9/Weapon/wp1500_NailKnife/wp1500.mdf2,EndOfZoe
FALSE,,,CH9_WP003,TRUE,1,-1,-1,Madhouse,9,fea11a08-a4fb-4e4b-bedf-78a2dec2a102,50ac54a9-2afd-4a93-ae1c-36b12576023b,-218.3732,-3.541647,-6.705729,-0.1350733,-0.6869165,-0.04149613,0.7128668,wp1500_NailKnife_Get,natives/stm/ch9/leveldesign/itemset/chapter9/climbinghut/hard.scn.20,CH9/Weapon/wp1500_NailKnife/wp1500.mesh,CH9/Weapon/wp1500_NailKnife/wp1500.mdf2,EndOfZoe
FALSE,,,CH9_WP003,TRUE,1,-1,-1,Madhouse,9,76f6938a-609b-4101-9474-c343f69f47fe,4561ae01-7613-4055-8558-d6c1fe41f745,-239.1266,-2.605095,-17.39514,0.1234229,0.9899628,-0.0688004,0.002632673,wp1500_NailKnife_Get,natives/stm/ch9/leveldesign/itemset/chapter9/climbinghut/hard.scn.20,CH9/Weapon/wp1500_NailKnife/wp1500.mesh,CH9/Weapon/wp1500_NailKnife/wp1500.mdf2,EndOfZoe
FALSE,,,CH9_WP003,TRUE,1,-1,-1,Madhouse,9,091473bd-cbce-4372-8791-dd8d7a1d87bc,1756d87a-f1cd-498c-8c5a-6b6489344a04,-239.0798,-2.421657,-17.42104,0.1229417,0.976036,-0.1792029,-0.01120217,wp1500_NailKnife_Get,natives/stm/ch9/leveldesign/itemset/chapter9/climbinghut/hard.scn.20,CH9/Weapon/wp1500_NailKnife/wp1500.mesh,CH9/Weapon/wp1500_NailKnife/wp1500.mdf2,EndOfZoe
FALSE,,,CH9_WP003,TRUE,1,-1,-1,Madhouse,9,6fdbe35f-ae5c-4906-8747-ad17f57e4713,a404ccd3-ae56-4028-ae18-1107e4002880,-223.2528,-1.752594,-22.54103,-0.1698595,0.918708,-0.2372727,-0.2661298,wp1500_NailKnife_Get,natives/stm/ch9/leveldesign/itemset/chapter9/climbinghut/hard.scn.20,CH9/Weapon/wp1500_NailKnife/wp1500.mesh,CH9/Weapon/wp1500_NailKnife/wp1500.mdf2,EndOfZoe
FALSE,,,CH9_WP003,TRUE,1,-1,-1,Madhouse,9,0a30f908-e3c6-4df0-b1fd-9d6b2269831f,a055ae29-f7f8-495b-905d-4e5cec5c9fe0,-222.6293,-0.6059112,-15.37853,-0.1474998,-0.06595221,0.7452255,0.6469412,wp1500_NailKnife_Get,natives/stm/ch9/leveldesign/itemset/chapter9/climbinghut/hard.scn.20,CH9/Weapon/wp1500_NailKnife/wp1500.mesh,CH9/Weapon/wp1500_NailKnife/wp1500.mdf2,EndOfZoe
FALSE,,,CH9_WP003,TRUE,1,-1,-1,Madhouse,9,447e6fba-61c8-4d44-a820-573bc9483730,72ae5d42-89f6-064b-09d1-f2813dab3b96,-217.9502,-3.757172,-16.90717,0.09744664,0.7178609,-0.06557794,0.6862066,wp1500_NailKnife_Get,natives/stm/ch9/leveldesign/itemset/chapter9/climbinghut/hard.scn.20,CH9/Weapon/wp1500_NailKnife/wp1500.mesh,CH9/Weapon/wp1500_NailKnife/wp1500.mdf2,EndOfZoe
FALSE,,,CH9_WP003,TRUE,1,-1,-1,Madhouse,9,8f9729a2-909c-472a-b323-18a0cbd94401,b9471b5a-78a2-0c25-12d2-bd1a3f3a48a7,-88.11752,-2.386857,-346.8465,0,0,0,1,wp1500_NailKnife_Get,natives/stm/ch9/leveldesign/itemset/chapter9/camparea/hard.scn.20,CH9/Weapon/wp1500_NailKnife/wp1500.mesh,CH9/Weapon/wp1500_NailKnife/wp1500.mdf2,EndOfZoe
FALSE,,,CH9_WP003,TRUE,1,-1,-1,Madhouse,9,33a4fbd2-14f2-450e-99ff-3434789696a7,0574c92a-fccc-0e01-380e-918e8c759a01,-14.79004,-3.608501,110.6059,0.1706213,0.948773,-0.2168275,-0.153961,wp1500_NailKnife_Get,natives/stm/ch9/leveldesign/itemset/chapter9/bakerroad/hard.scn.20,CH9/Weapon/wp1500_NailKnife/wp1500.mesh,CH9/Weapon/wp1500_NailKnife/wp1500.mdf2,EndOfZoe
FALSE,,,CH9_WP004,TRUE,1,-1,-1,Madhouse,9,62fd0660-3cd1-4ce7-bec0-af010e3e3f2a,56b03b87-35af-4c1e-aadc-408b9cdd605e,-206.7909,-1.469626,29.64461,0.5244982,0.2056858,-0.0170798,0.8260167,wp1800_Harpoon_Get,natives/stm/ch9/leveldesign/itemset/chapter9/church/hard.scn.20,CH9/Weapon/wp1800_Harpoon/wp1800_Harpoon.mesh,CH9/Weapon/wp1800_Harpoon/wp1800_Harpoon.mdf2,EndOfZoe
FALSE,,,CH9_WP004,TRUE,1,-1,-1,Madhouse,9,e82c3a34-119e-4441-a16e-78047537f132,3807d2f6-99de-41ae-a937-9a92f8ca78ea,-206.9403,-1.369835,29.54548,-0.7053921,0.1377437,-0.04103693,0.6940926,wp1800_Harpoon_Get,natives/stm/ch9/leveldesign/itemset/chapter9/church/hard.scn.20,CH9/Weapon/wp1800_Harpoon/wp1800_Harpoon.mesh,CH9/Weapon/wp1800_Harpoon/wp1800_Harpoon.mdf2,EndOfZoe
FALSE,,,CH9_WP004,TRUE,1,-1,-1,Madhouse,9,71797d46-8fb3-47fa-b97d-a2e205c22fb0,a9b8a168-018f-4ce0-877f-796b37059f68,-206.0331,-0.9807305,26.60778,0.4663225,0,0,0.8846148,wp1800_Harpoon_Get,natives/stm/ch9/leveldesign/itemset/chapter9/church/hard.scn.20,CH9/Weapon/wp1800_Harpoon/wp1800_Harpoon.mesh,CH9/Weapon/wp1800_Harpoon/wp1800_Harpoon.mdf2,EndOfZoe
FALSE,,,CH9_WP004,TRUE,1,-1,-1,Madhouse,9,354f913a-859e-4dfd-934c-1cb2018b751d,73391b40-7f63-41f8-893f-39e9877bf3f4,-206.0797,-0.9054359,26.62481,0.5805889,0.2039825,-0.3632647,0.6995329,wp1800_Harpoon_Get,natives/stm/ch9/leveldesign/itemset/chapter9/church/hard.scn.20,CH9/Weapon/wp1800_Harpoon/wp1800_Harpoon.mesh,CH9/Weapon/wp1800_Harpoon/wp1800_Harpoon.mdf2,EndOfZoe
FALSE,,,CH9_WP004,TRUE,1,-1,-1,Madhouse,9,210715cb-8514-495b-947c-45532a3c132e,a8ea7848-8a01-08ba-1bfa-8228c8406d5b,-207.1542,-1.344758,29.43628,-0.6959823,0.3347349,0.2601604,0.5795496,wp1800_Harpoon_Get,natives/stm/ch9/leveldesign/itemset/chapter9/church/hard.scn.20,CH9/Weapon/wp1800_Harpoon/wp1800_Harpoon.mesh,CH9/Weapon/wp1800_Harpoon/wp1800_Harpoon.mdf2,EndOfZoe
FALSE,,,CH9_WP004,TRUE,1,-1,-1,Madhouse,9,f50f6a13-6fda-43a5-ab18-150d7ed902f4,7ce20790-60cf-0244-249e-d2769ca57c81,-51.556,-3.9499,-358.0933,0.8481088,0.1363948,-0.4443671,0.2542555,p1800_Harpoon_Get,natives/stm/ch9/leveldesign/itemset/chapter9/camparea_ground/hard.scn.20,CH9/Weapon/wp1800_Harpoon/wp1800_Harpoon.mesh,CH9/Weapon/wp1800_Harpoon/wp1800_Harpoon.mdf2,EndOfZoe
FALSE,,,CH9_WP004,TRUE,1,-1,-1,Madhouse,9,82011ce2-2a48-45c8-bb1b-cd4de8541568,0bec7161-255d-0429-349d-0a360a286b1d,-33.2979,-1.5223,-381.5134,0.8965462,-0.09261281,0.3135642,0.2988397,wp1800_Harpoon_Get,natives/stm/ch9/leveldesign/itemset/chapter9/camparea_ground/hard.scn.20,CH9/Weapon/wp1800_Harpoon/wp1800_Harpoon.mesh,CH9/Weapon/wp1800_Harpoon/wp1800_Harpoon.mdf2,EndOfZoe
FALSE,,,CH9_WP004,TRUE,1,-1,-1,Normal,9,2e66d9a9-8b92-4325-a16c-3125ee0ef601,50e911c5-3ae4-4fb4-a1d5-df678b6a68b4,-46.83634,2.023095,-336.067,0.1556268,0.6705393,-0.06439324,0.7225032,wp1800_Harpoon_Get,natives/stm/ch9/leveldesign/itemset/chapter9/steamboat/normal.scn.20,CH9/Weapon/wp1800_Harpoon/wp1800_Harpoon.mesh,CH9/Weapon/wp1800_Harpoon/wp1800_Harpoon.mdf2,EndOfZoe
FALSE,,,CH9_WP004,TRUE,1,-1,-1,Normal,9,d9601367-7f1c-4112-86f1-7333c94d411b,49fab8a4-0613-44a9-bd3a-b8fc929bfd7d,-49.04071,4.963222,-329.8151,-0.6242801,0.1603641,0.3039641,0.7015437,wp1800_Harpoon_Get,natives/stm/ch9/leveldesign/itemset/chapter9/steamboat/normal.scn.20,CH9/Weapon/wp1800_Harpoon/wp1800_Harpoon.mesh,CH9/Weapon/wp1800_Harpoon/wp1800_Harpoon.mdf2,EndOfZoe
FALSE,,,CH9_WP004,TRUE,1,-1,-1,,9,d7fa3dbb-6241-4044-bd23-8db78c125e3c,5e175038-6d54-01a5-32a5-4acc6e6e2049,0,0,0,0,0,0,1,wp1800_Harpoon_Get,natives/stm/ch9/scenes/chapter/c09_itemresources.scn.20,CH9/Weapon/wp1800_Harpoon/wp1800_Harpoon.mesh,CH9/Weapon/wp1800_Harpoon/wp1800_Harpoon.mdf2,EndOfZoe
FALSE,,,CH9_WP004,TRUE,1,-1,-1,Normal,9,56574a83-0d5c-4f08-b4f8-477daead6e81,a829d9fd-955b-4253-9c0c-96851ec43e89,-244.7139,-3.555945,-115.4335,0.4978395,-0.1698532,-0.009907813,0.8504181,wp1800_Harpoon_Get,natives/stm/ch9/leveldesign/itemset/chapter9/moldswamp/normal.scn.20,CH9/Weapon/wp1800_Harpoon/wp1800_Harpoon.mesh,CH9/Weapon/wp1800_Harpoon/wp1800_Harpoon.mdf2,EndOfZoe
FALSE,,,CH9_WP004,TRUE,1,-1,-1,Normal,9,c0b6362d-dbf0-482f-b3c0-d427a866ef71,bd2144c0-1730-44b3-8e09-b77dd11006d4,-220.345,-3.958639,-4.436367,-0.08187624,0.884366,-0.3685625,0.2745081,wp1800_Harpoon_Get,natives/stm/ch9/leveldesign/itemset/chapter9/climbinghut/normal.scn.20,CH9/Weapon/wp1800_Harpoon/wp1800_Harpoon.mesh,CH9/Weapon/wp1800_Harpoon/wp1800_Harpoon.mdf2,EndOfZoe
FALSE,,,CH9_WP004,TRUE,1,-1,-1,Normal,9,ceebfb3f-c8ec-495e-81f9-9267c4552576,11ad924b-94a6-4429-bdf1-f55892c3644b,-221.0674,-4.140346,-4.829874,0.03354494,0.9259701,-0.3760542,-0.006107613,wp1800_Harpoon_Get,natives/stm/ch9/leveldesign/itemset/chapter9/climbinghut/normal.scn.20,CH9/Weapon/wp1800_Harpoon/wp1800_Harpoon.mesh,CH9/Weapon/wp1800_Harpoon/wp1800_Harpoon.mdf2,EndOfZoe
FALSE,,,CH9_WP004,TRUE,1,-1,-1,Normal,9,cb9b94ce-40df-4a36-9b5a-adf91d5b1cbe,5a7b44f0-6410-4a56-9a1c-7abf286586cf,-222.1472,-3.687649,-4.014081,0.1705067,0.8261769,-0.5336597,-0.05972032,wp1800_Harpoon_Get,natives/stm/ch9/leveldesign/itemset/chapter9/climbinghut/normal.scn.20,CH9/Weapon/wp1800_Harpoon/wp1800_Harpoon.mesh,CH9/Weapon/wp1800_Harpoon/wp1800_Harpoon.mdf2,EndOfZoe
FALSE,,,CH9_WP004,TRUE,1,-1,-1,Normal,9,53592c14-9d64-4d7f-8448-20411c2443b1,1476662b-e4d1-40ed-a588-e87a3ce65c08,-225.9287,-1.761765,1.902426,0.02428099,-0.5487303,0.7783,0.3042278,wp1800_Harpoon_Get,natives/stm/ch9/leveldesign/itemset/chapter9/climbinghut/normal.scn.20,CH9/Weapon/wp1800_Harpoon/wp1800_Harpoon.mesh,CH9/Weapon/wp1800_Harpoon/wp1800_Harpoon.mdf2,EndOfZoe
FALSE,,,CH9_WP004,TRUE,1,-1,-1,Normal,9,bafd32de-873b-4a55-b6de-0c4702c06dd0,13cc9d22-e985-4b57-90a1-a2845d106d84,-226.4148,-1.698185,2.241574,-0.1786644,0.7055777,-0.6630293,-0.175018,wp1800_Harpoon_Get,natives/stm/ch9/leveldesign/itemset/chapter9/climbinghut/normal.scn.20,CH9/Weapon/wp1800_Harpoon/wp1800_Harpoon.mesh,CH9/Weapon/wp1800_Harpoon/wp1800_Harpoon.mdf2,EndOfZoe
FALSE,,,CH9_WP004,TRUE,1,-1,-1,Normal,9,7ef7f40b-c701-4b36-a5f4-9abb25745c2a,a9868490-385d-49f7-a723-9dfbcc5c052e,-228.5906,-1.882361,14.88488,-0.1765588,-0.4113958,0.893943,0.02113018,wp1800_Harpoon_Get,natives/stm/ch9/leveldesign/itemset/chapter9/climbinghut/normal.scn.20,CH9/Weapon/wp1800_Harpoon/wp1800_Harpoon.mesh,CH9/Weapon/wp1800_Harpoon/wp1800_Harpoon.mdf2,EndOfZoe
FALSE,,,CH9_WP004,TRUE,1,-1,-1,Normal,9,f538071c-caee-4804-a3f1-cdf478d3cff1,cc67942c-1673-49b2-993e-57e71ea4a951,-229.4708,-1.842687,14.92249,0.1633422,-0.4570922,0.8696737,-0.08974223,wp1800_Harpoon_Get,natives/stm/ch9/leveldesign/itemset/chapter9/climbinghut/normal.scn.20,CH9/Weapon/wp1800_Harpoon/wp1800_Harpoon.mesh,CH9/Weapon/wp1800_Harpoon/wp1800_Harpoon.mdf2,EndOfZoe
FALSE,,,CH9_WP004,TRUE,1,-1,-1,Normal,9,d00dc8d8-ced4-4be6-9133-2b3b178bae70,1fc272cb-71c7-42f3-838a-ea220d0a0983,-239.3363,-3.011905,-15.70119,0.5650975,0,0,0.8250241,wp1800_Harpoon_Get,natives/stm/ch9/leveldesign/itemset/chapter9/climbinghut/normal.scn.20,CH9/Weapon/wp1800_Harpoon/wp1800_Harpoon.mesh,CH9/Weapon/wp1800_Harpoon/wp1800_Harpoon.mdf2,EndOfZoe
FALSE,,,CH9_WP004,TRUE,1,-1,-1,Normal,9,1ae03808-88ea-4d50-93d7-f25702be14df,9f940bc3-b4d6-423f-b462-50c6136c49bf,-238.9145,-2.985216,-15.45308,0.6475582,-0.08536606,-0.07334823,0.7536584,wp1800_Harpoon_Get,natives/stm/ch9/leveldesign/itemset/chapter9/climbinghut/normal.scn.20,CH9/Weapon/wp1800_Harpoon/wp1800_Harpoon.mesh,CH9/Weapon/wp1800_Harpoon/wp1800_Harpoon.mdf2,EndOfZoe
FALSE,,,CH9_WP004,TRUE,1,-1,-1,Normal,9,bef392d5-9700-41e0-a2c5-164c14df2d4e,731124f5-b595-4666-b710-ba02d08403e2,-239.2373,-2.918496,-15.03587,0.7062517,-3.10E-09,-3.44E-09,0.7079608,wp1800_Harpoon_Get,natives/stm/ch9/leveldesign/itemset/chapter9/climbinghut/normal.scn.20,CH9/Weapon/wp1800_Harpoon/wp1800_Harpoon.mesh,CH9/Weapon/wp1800_Harpoon/wp1800_Harpoon.mdf2,EndOfZoe
FALSE,,,CH9_WP004,TRUE,1,-1,-1,Normal,9,7d5f791e-0db4-4c7c-aafb-57e0a69b7edc,830fcbc9-98bf-4153-adfc-8aa19f08fd89,-225.0418,-1.460396,-15.07644,-0.7309285,-0.0631156,0.1217087,0.6685419,wp1800_Harpoon_Get,natives/stm/ch9/leveldesign/itemset/chapter9/climbinghut/normal.scn.20,CH9/Weapon/wp1800_Harpoon/wp1800_Harpoon.mesh,CH9/Weapon/wp1800_Harpoon/wp1800_Harpoon.mdf2,EndOfZoe
FALSE,,,CH9_WP004,TRUE,1,-1,-1,Normal,9,1c5997c8-d67f-485e-89de-b807d2b0698f,95b4fa4b-d96a-09bf-0658-7f7c30cc17fa,-83.61626,-2.239926,-335.8366,0.1050175,0.9747514,-0.1953465,0.02595242,wp1800_Harpoon_Get,natives/stm/ch9/leveldesign/itemset/chapter9/camparea/normal.scn.20,CH9/Weapon/wp1800_Harpoon/wp1800_Harpoon.mesh,CH9/Weapon/wp1800_Harpoon/wp1800_Harpoon.mdf2,EndOfZoe
FALSE,,,CH9_WP004,TRUE,1,-1,-1,Normal,9,64f6e6a3-ff6b-4ea0-bf91-81b5c8b7d123,ed1b8b20-f07e-0f41-3017-46ce2acbaf56,-33.2979,-1.5223,-381.5134,0.8965462,-0.09261283,0.3135642,0.2988397,wp1800_Harpoon_Get,natives/stm/ch9/leveldesign/itemset/chapter9/camparea_ground/normal.scn.20,CH9/Weapon/wp1800_Harpoon/wp1800_Harpoon.mesh,CH9/Weapon/wp1800_Harpoon/wp1800_Harpoon.mdf2,EndOfZoe
FALSE,,,CH9_WP004,TRUE,1,-1,-1,Normal,9,61e053bf-b6c7-4be5-b099-c08065901214,8ec3c6c4-2b53-4304-91e1-b70052359eff,-32.7415,-1.4714,-381.8879,-0.03316544,0.7939197,-0.4979137,-0.347381,wp1800_Harpoon_Get,natives/stm/ch9/leveldesign/itemset/chapter9/camparea_ground/normal.scn.20,CH9/Weapon/wp1800_Harpoon/wp1800_Harpoon.mesh,CH9/Weapon/wp1800_Harpoon/wp1800_Harpoon.mdf2,EndOfZoe
FALSE,,,CH9_WP004,TRUE,1,-1,-1,Normal,9,fe5cb5cb-3a97-49f4-bff8-a3026ea634cb,b06c994c-f768-4e61-9d1e-7a5cbad804a7,-49.65837,-4.04379,-360.9903,0.4300823,-0.09532861,0.04572849,0.8965772,wp1800_Harpoon_Get,natives/stm/ch9/leveldesign/itemset/chapter9/camparea_ground/normal.scn.20,CH9/Weapon/wp1800_Harpoon/wp1800_Harpoon.mesh,CH9/Weapon/wp1800_Harpoon/wp1800_Harpoon.mdf2,EndOfZoe
FALSE,,,CH9_WP004,TRUE,1,-1,-1,Normal,9,232497e4-a21c-4b74-ada6-cb21cc51c85f,273f88e8-60d4-4b9f-8f47-aea40d146b67,-49.9842,-3.795719,-359.9122,0.7223349,-0.1165568,-0.1256676,0.669966,wp1800_Harpoon_Get,natives/stm/ch9/leveldesign/itemset/chapter9/camparea_ground/normal.scn.20,CH9/Weapon/wp1800_Harpoon/wp1800_Harpoon.mesh,CH9/Weapon/wp1800_Harpoon/wp1800_Harpoon.mdf2,EndOfZoe
FALSE,,,CH9_WP004,TRUE,1,-1,-1,Normal,9,85ede887-72af-4a9c-a393-2c9235075cad,0c008504-7dba-0b7d-2c15-ebe9d77b22d8,-30.32372,-4.549249,-375.6937,0.5949936,-0.01900969,-0.0513408,0.8018637,wp1800_Harpoon_Get,natives/stm/ch9/leveldesign/itemset/chapter9/camparea_ground/normal.scn.20,CH9/Weapon/wp1800_Harpoon/wp1800_Harpoon.mesh,CH9/Weapon/wp1800_Harpoon/wp1800_Harpoon.mdf2,EndOfZoe
FALSE,,,CH9_WP005,TRUE,1,-1,-1,,9,1c19ca72-0b73-4c28-9ed9-659856475cb8,d89b1442-d655-448c-b0c6-5b1ba9d3a04d,0,0,0,0,0,0,1,wp1900_JoeLiquidbomb_Get,natives/stm/ch9/scenes/chapter/c09_itemresources.scn.20,CH9/Weapon/wp1900_JoeLiquidbomb/wp1900.mesh,CH9/Weapon/wp1900_JoeLiquidbomb/wp1900.mdf2,EndOfZoe
FALSE,,,CH9_WP005,TRUE,1,-1,-1,Normal,9,7e7ac5d8-1b56-4ab7-9cce-421bf446f349,b6f234f8-b343-0206-0d3a-1839ee573717,-247.0865,-1.102413,-35.97395,0,0,0,1,wp1900_JoeLiquidbomb_Get,natives/stm/ch9/leveldesign/itemset/chapter9/climbinghut/normal.scn.20,CH9/Weapon/wp1900_JoeLiquidbomb/wp1900.mesh,CH9/Weapon/wp1900_JoeLiquidbomb/wp1900.mdf2,EndOfZoe
FALSE,,,BurnerBullet,TRUE,100,-1,-1,Normal,3,e136fe81-4046-4681-9d65-d617da3f6e55,1173a98d-7ae8-0834-0633-775c68653777,12.39497,3.997128,12.61386,0,0,0,1,wp1001_GasCan_Get,natives/stm/leveldesign/itemset/chapter3/mainhouse_west/normal.scn.20,Weapon/wp1001_GasCan/wp1001_GasCan.mesh,Weapon/wp1001_GasCan/wp1001.mdf2,
FALSE,,,BurnerBullet,TRUE,100,-1,-1,Madhouse,3,4290a72b-6d4b-41eb-9356-819b538c154d,b2d5f027-57e5-0f5e-0800-20d0e1d64c6f,80.75549,-1.519148,-14.0525,0,0,0,1,wp1001_GasCan_Get,natives/stm/leveldesign/itemset/chapter3/cowshed/hard.scn.20,Weapon/wp1001_GasCan/wp1001_GasCan.mesh,Weapon/wp1001_GasCan/wp1001.mdf2,
FALSE,,,BurnerPartsA,TRUE,1,-1,-1,,3,a4e3b917-4cfe-4b26-859d-e81d5ff86a01,5b18b629-28ee-0115-1225-45fe84896a3e,-17.58474,-2.078972,97.54022,-0.02029606,0.6293272,0.6764165,0.3820942,sm1690_GasBurnerPartsA_Gimmick,natives/stm/leveldesign/itemset/chapter3/oldhouse/oldhouse.scn.20,Props/sm1690_GasBurnerPartsA/sm1690_GasBurnerPartsA.mesh,Props/sm1690_GasBurnerPartsA/sm1690_GasBurnerPartsA.mdf2,
FALSE,,,ChainCutter,TRUE,1,-1,-1,,7,8bc66e64-5444-4fc1-9dff-22492ba794e8,c1d2dc40-1b6c-038e-3ca0-2c793b406f45,0,0,0,1.86E-09,0,0,1,ChainCutter,natives/stm/scenes/birthday/stage1/copyasset/c01_b1f/c01_b1f.scn.20,Weapon/wp1100_chaincutter/wp1100_chaincutter.mesh,Weapon/wp1100_chaincutter/wp1100.mdf2,Jacks55thBirthday
FALSE,,,BurnerPartsB,TRUE,1,-1,-1,,3,fc87e1fd-5b23-4a95-82f7-08ada575374d,b1b103df-6e84-412a-aeb1-047f467d7777,-61.28995,-2.029844,91.23672,0.5690916,0.7302507,-0.2797908,-0.2541372,sm1691_GasBurnerPartsB_Gimmick,natives/stm/leveldesign/itemset/chapter3/oldhouse/oldhouse.scn.20,Props/sm1691_GasBurnerPartsB/sm1691_GasBurnerPartsB.mesh,Props/sm1691_GasBurnerPartsB/sm1691_GasBurnerPartsB.mdf2,
FALSE,,,Candle,FALSE,1,-1,-1,,3,4cd1b779-73b0-4f97-b2d4-1b30495654ff,b8c8297b-14a5-4fdf-915b-8aa97d938a3b,0,-1.876734,0,0,0,0,1,wp1250_Candle_Dynamic,natives/stm/environment/scene/chapter3/c03_leftarea1fpuzzleroom1.scn.20,Weapon/wp1250_Candle/wp1250_Candle.mesh,Weapon/wp1250_Candle/wp1250.mdf2,
FALSE,,,Candle,FALSE,1,-1,-1,,3,f0d21d43-69db-46df-9f30-57600bb4ae2b,7cccf2c1-76bc-4963-bdde-784e42587081,0,0,0,0,0,0,1,wp1250_Candle_Dynamic,natives/stm/environment/scene/chapter3/c03_leftarea1fpuzzleroom1.scn.20,Weapon/wp1250_Candle/wp1250_Candle.mesh,Weapon/wp1250_Candle/wp1250.mdf2,
FALSE,,,Candle_Lighted,TRUE,1,-1,-1,,3,05606c7e-3669-497e-8196-561faefb95e5,c3f51158-2368-481a-a6ff-927d48cc353a,48.78993,0.6060553,22.65423,0.1274362,0.2937982,-0.09628983,0.9424282,wp1250_CandleLighted_Get,natives/stm/environment/scene/chapter3/c03_leftarea1fpuzzleroom1.scn.20,Weapon/wp1250_Candle/wp1250_Candle.mesh,Weapon/wp1250_Candle/wp1250_IDS.mdf2,
FALSE,,,ChainSaw,FALSE,1,-1,-1,,3,1a00180f-de3a-06ac-217f-e80eaff24aa2,6e40efed-173a-4e3f-b15d-e9702aa0caff,1.2855,0.084,-0.3581,0.4298867,0.4223781,0.5505854,0.5776243,wp0060_ChainSaw_EventEnd,natives/stm/environment/scene/chapter3/c03_rightareab1ffreezer.scn.20,Weapon/wp0060_ChainSaw/wp0060_ChainSaw.mesh,Weapon/wp0060_ChainSaw/wp0060.mdf2,
FALSE,,,ChainSaw,FALSE,1,-1,-1,,3,27476d35-c9cf-0c1a-3d73-bef30c2a5b2e,a8c920ab-f17e-4cae-a228-d602d68830b8,0,0,0,1.49E-08,8.88E-16,-1.32E-23,1,wp0060_ChainSaw_Event,natives/stm/environment/scene/chapter3/c03_rightareab1ffreezer.scn.20,Weapon/wp0060_ChainSaw/wp0060_ChainSaw.mesh,Weapon/wp0060_ChainSaw/wp0060.mdf2,
FALSE,,,ChainSaw,TRUE,1,-1,-1,,3,bce3cf35-0d12-4a81-9ddd-564df7f2b84e,2870b58b-2aea-0fbb-0a2a-18ed065356bb,-1.648467,-6.203346,12.81015,0.326308,-0.628516,0.3280351,0.6252069,wp0060_ChainSaw_Get,natives/stm/environment/scene/chapter3/c03_rightareab1ffreezer.scn.20,Weapon/wp0060_ChainSaw/wp0060_ChainSaw.mesh,Weapon/wp0060_ChainSaw/wp0060.mdf2,
FALSE,,,ChemicalL,TRUE,1,-1,-1,Madhouse,3,f6159801-b168-4f17-b2ed-c35c2bff37e4,fcdba3cb-c03d-0cc7-1a55-78cf2085c916,24.83868,-2.3998,82.02397,0,0.4934829,0,0.8697555,sm2038_ChemicalL01A_Get,natives/stm/leveldesign/itemset/chapter3/greenhouse/hard.scn.20,Props/sm2038_ChemicalL01A/sm2038_ChemicalL01A.mesh,Props/sm2038_ChemicalL01A/sm2038_ChemicalL01A.mdf2,
FALSE,,,ChemicalL,TRUE,1,-1,-1,Madhouse,3,f46a95fc-e677-4994-ade9-26da22ceeda6,fea4ae36-9722-0a44-0551-9d4929b41354,-15.01846,0.8845317,25.37448,0.191833,0.7991286,0.3301653,-0.4643107,sm2038_ChemicalL01A_Get,natives/stm/leveldesign/itemset/chapter3/mainhouse_east/hard.scn.20,Props/sm2038_ChemicalL01A/sm2038_ChemicalL01A.mesh,Props/sm2038_ChemicalL01A/sm2038_ChemicalL01A.mdf2,
FALSE,,,ChemicalL,TRUE,1,-1,-1,Madhouse,3,22f71784-5d65-4e78-84fe-fa2dfc0ae898,28392c4e-2c30-0da8-2c46-41bef770166a,-38.64396,-2.225097,85.03016,0,0.9495117,0,0.3137317,sm2038_ChemicalL01A_Get,natives/stm/leveldesign/itemset/chapter3/oldhouse/hard.scn.20,Props/sm2038_ChemicalL01A/sm2038_ChemicalL01A.mesh,Props/sm2038_ChemicalL01A/sm2038_ChemicalL01A.mdf2,
FALSE,,,ChemicalL,TRUE,1,-1,-1,Normal,3,6d5af7e2-2b7c-445a-ba56-5c1910c7ce03,46011571-b72b-4abf-ae28-859448ed9751,19.22658,1.674549,78.90206,0.2907754,0.7329611,0.3900184,-0.4755033,_sm2038_ChemicalL01A_Get,natives/stm/leveldesign/itemset/chapter3/greenhouse/normal.scn.20,Props/sm2038_ChemicalL01A/sm2038_ChemicalL01A.mesh,Props/sm2038_ChemicalL01A/sm2038_ChemicalL01A.mdf2,
FALSE,,,ChemicalL,TRUE,1,-1,-1,Madhouse,3,879eca79-24ac-40db-b97e-a8be31785ef7,8d50f1b3-55f9-030b-11c6-132d3a02a005,112.3297,-2.526085,79.32407,0.2341265,0.6123701,0.7290502,-0.1966559,sm2038_ChemicalL01A_Get,natives/stm/leveldesign/itemset/chapter3/boatshed/hard.scn.20,Props/sm2038_ChemicalL01A/sm2038_ChemicalL01A.mesh,Props/sm2038_ChemicalL01A/sm2038_ChemicalL01A.mdf2,
FALSE,,,ChemicalL,TRUE,1,-1,-1,Madhouse,3,54c7a657-2d7e-448d-b767-c04fdf4ec3bc,5e099d9d-5c2b-075d-1fdf-7bdcd4343d4e,9.54421,0.4469466,10.36634,0,0.9070016,0,0.4211271,sm2038_ChemicalL01A_Get,natives/stm/leveldesign/itemset/chapter3/mainhouse_west/hard.scn.20,Props/sm2038_ChemicalL01A/sm2038_ChemicalL01A.mesh,Props/sm2038_ChemicalL01A/sm2038_ChemicalL01A.mdf2,
FALSE,,,ChemicalL,TRUE,1,-1,-1,Madhouse,3,fe9fd041-68e8-4c06-b0f8-159b9574c5b9,f451eb8b-19bd-0fd6-1840-ae089e0e3b4b,11.166,4.911481,13.27994,0.4216388,0.5575011,0.5969575,-0.3937702,sm2038_ChemicalL01A_Get,natives/stm/leveldesign/itemset/chapter3/mainhouse_west/hard.scn.20,Props/sm2038_ChemicalL01A/sm2038_ChemicalL01A.mesh,Props/sm2038_ChemicalL01A/sm2038_ChemicalL01A.mdf2,
FALSE,,,ChemicalL,TRUE,1,-1,-1,Normal,3,69c5c1aa-df07-453a-9dbc-35e65fd9da6f,5bf91d56-2709-4e59-9249-812a6ca066c3,112.9339,-1.975863,79.92174,-1.69E-08,0.8735746,-1.69E-08,-0.4866903,sm2038_ChemicalL01A_Get,natives/stm/leveldesign/itemset/chapter3/boatshed/normal.scn.20,Props/sm2038_ChemicalL01A/sm2038_ChemicalL01A.mesh,Props/sm2038_ChemicalL01A/sm2038_ChemicalL01A.mdf2,
FALSE,,,ChemicalL,TRUE,1,-1,-1,Madhouse,3,d2e8b737-be21-4216-afa7-696070259b76,d8268cfd-cf74-01c6-071f-d2f37b5f6584,3.725327,4.854108,11.31222,0.3363515,0.6211094,0.6680375,-0.2341293,sm2038_ChemicalL01A_Get,natives/stm/leveldesign/itemset/chapter3/mainhouse_hall/hard.scn.20,Props/sm2038_ChemicalL01A/sm2038_ChemicalL01A.mesh,Props/sm2038_ChemicalL01A/sm2038_ChemicalL01A.mdf2,
FALSE,,,ChemicalL,TRUE,1,-1,-1,Normal,3,ee59038c-1a87-4cec-b985-d30b92bab304,e4973846-6bd2-0f3c-113d-689899c04df6,-4.506861,-0.01808852,12.01596,0,0,0,1,sm2038_ChemicalL01A_Get,natives/stm/leveldesign/itemset/chapter3/mainhouse_hall/normal.scn.20,Props/sm2038_ChemicalL01A/sm2038_ChemicalL01A.mesh,Props/sm2038_ChemicalL01A/sm2038_ChemicalL01A.mdf2,
FALSE,,,ChemicalL,TRUE,1,-1,-1,Madhouse,3,f9913a2c-742c-43dc-8724-768a90ea8335,f35f01e6-0579-000c-2f9c-cd199b907dc7,74.78223,-0.6206238,-8.008293,0,0,0,1,sm2038_ChemicalL01A_Get,natives/stm/leveldesign/itemset/chapter3/cowshed/hard.scn.20,Props/sm2038_ChemicalL01A/sm2038_ChemicalL01A.mesh,Props/sm2038_ChemicalL01A/sm2038_ChemicalL01A.mdf2,
FALSE,,,ChemicalM,TRUE,1,-1,-1,Normal,3,00dfb1af-1faf-45a9-afd5-6adddda764c2,f13c4996-b9a9-0f5a-1e98-36f4f905e1b3,14.28913,-1.345508,51.45601,0.6990998,0.009596803,0.04436905,0.7135816,sm2037_ChemicalM01A_Get,natives/stm/leveldesign/itemset/chapter3/gardenarea/normal.scn.20,Props/sm2037_ChemicalM01A/sm2037_ChemicalM01A.mesh,Props/sm2037_ChemicalM01A/sm2037_ChemicalM01A.mdf2,
FALSE,,,ChemicalM,TRUE,1,-1,-1,Madhouse,3,77dd84ed-c44d-40f5-bcbe-2e1ce3eefd05,863e7cd4-624b-0a06-0df3-7235c74c7874,-3.963356,-7.477959,-3.517824,0,-0.5055446,0,0.8628005,sm2037_ChemicalM01A_Get,natives/stm/leveldesign/itemset/chapter3/mainhouse_east/hard.scn.20,Props/sm2037_ChemicalM01A/sm2037_ChemicalM01A.mesh,Props/sm2037_ChemicalM01A/sm2037_ChemicalM01A.mdf2,
FALSE,,,ChemicalM,TRUE,1,-1,-1,Madhouse,3,a1592f14-9b2d-432f-9a67-97a8418a6909,50bad72d-3d2b-09dc-2b2a-cb816528ec78,-0.05215454,-0.02676392,-0.00359726,0,0.272227,0,0.9622331,sm2037_ChemicalM01A_Get,natives/stm/leveldesign/itemset/chapter3/boatshed/hard.scn.20,Props/sm2037_ChemicalM01A/sm2037_ChemicalM01A.mesh,Props/sm2037_ChemicalM01A/sm2037_ChemicalM01A.mdf2,
FALSE,,,ChemicalM,TRUE,1,-1,-1,Madhouse,3,3bb44b16-07c3-4548-8f45-e0ac2900f351,ca57b32f-a1c5-0fbb-3e08-bc850da27620,0.317627,-0.02676439,0.01391983,0,-0.389168,0,0.9211668,sm2037_ChemicalM01A_Get,natives/stm/leveldesign/itemset/chapter3/boatshed/hard.scn.20,Props/sm2037_ChemicalM01A/sm2037_ChemicalM01A.mesh,Props/sm2037_ChemicalM01A/sm2037_ChemicalM01A.mdf2,
FALSE,,,ChemicalM,TRUE,1,-1,-1,Normal,3,b67e9473-ffa7-4ff0-9774-d62e6d1e000f,973be140-0465-49b2-b314-c8f72456989c,112.8555,-1.972893,79.59545,0,-0.3826834,0,0.9238796,sm2037_ChemicalM01A_Get,natives/stm/leveldesign/itemset/chapter3/boatshed/normal.scn.20,Props/sm2037_ChemicalM01A/sm2037_ChemicalM01A.mesh,Props/sm2037_ChemicalM01A/sm2037_ChemicalM01A.mdf2,
FALSE,,,ChemicalM,TRUE,1,-1,-1,,3,8b233067-d1dc-44f8-a7d9-1f2319c55746,7ac0c85e-77da-0e0b-1694-430a3d67d237,0.3030396,1.026386,-0.001621246,-0.5778525,-0.4267503,-0.389801,0.5762169,sm2037_ChemicalM01A_Get,natives/stm/environment/scene/chapter3/c03_gh1froom02.scn.20,Props/sm2037_ChemicalM01A/sm2037_ChemicalM01A.mesh,Props/sm2037_ChemicalM01A/sm2037_ChemicalM01A.mdf2,
FALSE,,,ChemicalM,TRUE,1,-1,-1,Normal,3,93374375-bae8-45f3-b3aa-fae755039346,62d4bb4c-1cee-0f00-02e7-a6ce71a11637,12.92053,8.935137,7.767482,-0.7429277,-0.02468358,0.111443,0.6595678,_sm2037_ChemicalM01A_Get,natives/stm/leveldesign/itemset/chapter3/mainhouse_west/normal.scn.20,Props/sm2037_ChemicalM01A/sm2037_ChemicalM01A.mesh,Props/sm2037_ChemicalM01A/sm2037_ChemicalM01A.mdf2,
FALSE,,,ChemicalM,TRUE,1,-1,-1,Normal,3,f9c9af9e-715a-414d-abfa-220499ce0bf1,082a57a7-d75c-0bbe-1ab7-7e2dbd6c8e80,-31.24308,-5.198248,17.77409,0.5888045,-0.3915473,0.3915473,0.5888044,sm2037_ChemicalM01A_Get,natives/stm/leveldesign/itemset/chapter3/mainhouse_east/normal.scn.20,Props/sm2037_ChemicalM01A/sm2037_ChemicalM01A.mesh,Props/sm2037_ChemicalM01A/sm2037_ChemicalM01A.mdf2,
FALSE,,,ChemicalM,TRUE,1,-1,-1,Normal,3,fa3d7932-638c-42f7-ad32-f7ca0096f1c0,0bde810b-c58a-0804-1c7f-abe3243474b1,-18.17692,0.0009549856,1.119377,0,0,0,1,sm2037_ChemicalM01A_Get,natives/stm/leveldesign/itemset/chapter3/mainhouse_east/normal.scn.20,Props/sm2037_ChemicalM01A/sm2037_ChemicalM01A.mesh,Props/sm2037_ChemicalM01A/sm2037_ChemicalM01A.mdf2,
FALSE,,,ChemicalM,TRUE,1,-1,-1,Normal,3,7a8bd140-8203-44cc-a260-5c406b52b033,8b682979-2405-0e3f-132d-00694ff03542,-19.62802,-4.048539,7.316002,1.04E-08,0.9062745,-2.70E-08,0.4226898,sm2037_ChemicalM01A_Get,natives/stm/leveldesign/itemset/chapter3/mainhouse_east/normal.scn.20,Props/sm2037_ChemicalM01A/sm2037_ChemicalM01A.mesh,Props/sm2037_ChemicalM01A/sm2037_ChemicalM01A.mdf2,
FALSE,,,ChemicalM,TRUE,1,-1,-1,,3,fc898db5-7468-4db8-b8cf-ceaf08bf48c2,0d6a758c-d26e-074b-0982-92862c1dcdb3,0.4327202,-7.63E-06,-0.003047943,0,0,0,1,sm2037_ChemicalM01A_Get,natives/stm/environment/scene/chapter3/c03_oldhouse1fkitchen01.scn.20,Props/sm2037_ChemicalM01A/sm2037_ChemicalM01A.mesh,Props/sm2037_ChemicalM01A/sm2037_ChemicalM01A.mdf2,
FALSE,,,ChemicalS,TRUE,1,-1,-1,Normal,3,3ee7a9ad-cd3e-4b66-a955-82488e34d3e5,f3a9a489-8493-0287-266b-09e09540d6af,14.77813,-2.074349,35.1722,-0.3691493,0.4858518,0.2372705,0.7558964,sm2036_ChemicalS01A_Get,natives/stm/leveldesign/itemset/chapter3/gardenarea/normal.scn.20,Props/sm2036_ChemicalS01A/sm2036_ChemicalS01A.mesh,Props/sm2036_ChemicalS01A/sm2036_ChemicalS01A.mdf2,
FALSE,,,ChemicalS,TRUE,1,-1,-1,Madhouse,3,ba7f81be-faed-4390-bc1a-d604d2f88d14,77318c9a-b340-0a71-3324-5dacc98c885e,24.57126,1.812084,70.48586,0,0.671574,0,0.7409375,sm2036_ChemicalS01A_Get,natives/stm/leveldesign/itemset/chapter3/greenhouse/hard.scn.20,Props/sm2036_ChemicalS01A/sm2036_ChemicalS01A.mesh,Props/sm2036_ChemicalS01A/sm2036_ChemicalS01A.mdf2,
FALSE,,,ChemicalS,TRUE,1,-1,-1,Madhouse,3,76ed21f7-cfa9-4af4-b584-0098dcc1a43c,bba32cd3-8604-0315-3aba-8b30c7b5a176,17.32349,1.886838,81.4305,0,0.9561841,0,0.2927659,sm2036_ChemicalS01A_Get,natives/stm/leveldesign/itemset/chapter3/greenhouse/hard.scn.20,Props/sm2036_ChemicalS01A/sm2036_ChemicalS01A.mesh,Props/sm2036_ChemicalS01A/sm2036_ChemicalS01A.mdf2,
FALSE,,,ChemicalS,TRUE,1,-1,-1,Madhouse,3,fac163af-e058-4d95-bfec-5c48424177b7,378f6e8b-a9f5-0474-30d2-d7e0593572fd,-10.12306,-4.307725,10.27068,0,0.7071068,0,0.7071068,sm2036_ChemicalS01A_Get,natives/stm/leveldesign/itemset/chapter3/mainhouse_east/hard.scn.20,Props/sm2036_ChemicalS01A/sm2036_ChemicalS01A.mesh,Props/sm2036_ChemicalS01A/sm2036_ChemicalS01A.mdf2,
FALSE,,,ChemicalS,TRUE,1,-1,-1,Madhouse,3,d01fda20-5403-4a46-8859-32f96b68cff8,1d51d704-1dae-03a7-0767-b951701ccab2,62.27656,-1.306805,11.81209,-0.07459542,0.8552236,0.4965064,0.1284893,sm2036_ChemicalS01A_Get,natives/stm/leveldesign/itemset/chapter3/lucasarea/hard.scn.20,Props/sm2036_ChemicalS01A/sm2036_ChemicalS01A.mesh,Props/sm2036_ChemicalS01A/sm2036_ChemicalS01A.mdf2,
FALSE,,,ChemicalS,TRUE,1,-1,-1,Normal,3,5323bbb4-73e4-48b8-8303-ebffeaf50177,0ee2e4da-46c4-4302-bede-0191c5284439,-34.11491,-2.372612,76.64689,-0.236163,0.687475,0.6573573,0.1987124,_sm2036_ChemicalS01A_Get,natives/stm/leveldesign/itemset/chapter3/oldhouse/normal.scn.20,Props/sm2036_ChemicalS01A/sm2036_ChemicalS01A.mesh,Props/sm2036_ChemicalS01A/sm2036_ChemicalS01A.mdf2,
FALSE,,,ChemicalS,TRUE,1,-1,-1,Normal,3,ae1742e1-17b1-41cd-80c9-a6e9c8c32381,3b196b95-4b2b-4a0b-9c5b-d343c3e3c0d3,-23.35499,-2.687007,96.62234,0.3672277,-0.3543719,0.0004300475,0.8599792,_sm2036_ChemicalS01A_Get,natives/stm/leveldesign/itemset/chapter3/oldhouse/normal.scn.20,Props/sm2036_ChemicalS01A/sm2036_ChemicalS01A.mesh,Props/sm2036_ChemicalS01A/sm2036_ChemicalS01A.mdf2,
FALSE,,,ChemicalS,TRUE,1,-1,-1,Normal,3,fda3f315-c1c9-484c-a1a2-3ac0158249f6,14021bdc-68da-4ba4-9b2f-55692916a232,1.332273,-4.568419,87.51324,1.96E-08,0.7524158,2.24E-08,0.6586884,_sm2036_ChemicalS01A_Get,natives/stm/leveldesign/itemset/chapter3/oldhouse/normal.scn.20,Props/sm2036_ChemicalS01A/sm2036_ChemicalS01A.mesh,Props/sm2036_ChemicalS01A/sm2036_ChemicalS01A.mdf2,
FALSE,,,ChemicalS,TRUE,1,-1,-1,Madhouse,3,78eb78ec-b23b-41e2-b4a8-caa3b018db86,b5a575c8-fb96-0803-3b96-410bab6cdecc,-13.69221,-2.087337,95.07072,0,-0.3568822,0,0.9341494,sm2036_ChemicalS01A_Get,natives/stm/leveldesign/itemset/chapter3/oldhouse/hard.scn.20,Props/sm2036_ChemicalS01A/sm2036_ChemicalS01A.mesh,Props/sm2036_ChemicalS01A/sm2036_ChemicalS01A.mdf2,
FALSE,,,ChemicalS,TRUE,1,-1,-1,Madhouse,3,6914d484-e6d5-47f4-b11c-1ef60880b3f7,a45ad9a0-af78-0e15-3e22-955e13f4b6bd,7.263663,-1.723629,12.73522,-0.5626605,0.3545015,0.335188,0.6673761,sm2036_ChemicalS01A_Get,natives/stm/leveldesign/itemset/chapter3/gardenarea/hard.scn.20,Props/sm2036_ChemicalS01A/sm2036_ChemicalS01A.mesh,Props/sm2036_ChemicalS01A/sm2036_ChemicalS01A.mdf2,
FALSE,,,ChemicalS,TRUE,1,-1,-1,Normal,3,86810bcd-349f-46ff-a905-0931928b2c93,96dd269e-d0fd-4226-8a67-1490b423e71a,38.53868,-1.872507,83.11102,0.1535292,-0.6563777,0.7266092,0.1328009,_sm2036_ChemicalS01A_Get,natives/stm/leveldesign/itemset/chapter3/greenhouse/normal.scn.20,Props/sm2036_ChemicalS01A/sm2036_ChemicalS01A.mesh,Props/sm2036_ChemicalS01A/sm2036_ChemicalS01A.mdf2,
FALSE,,,ChemicalS,TRUE,1,-1,-1,Normal,3,b8759e89-275f-476b-9d3a-15b7b232f029,3ea5566b-818b-4de8-bcc6-face97696ea4,38.32229,-1.836017,71.53918,-0.4036307,0.2463086,0.2826324,0.8345857,_sm2036_ChemicalS01A_Get,natives/stm/leveldesign/itemset/chapter3/greenhouse/normal.scn.20,Props/sm2036_ChemicalS01A/sm2036_ChemicalS01A.mesh,Props/sm2036_ChemicalS01A/sm2036_ChemicalS01A.mdf2,
FALSE,,,ChemicalS,TRUE,1,-1,-1,Madhouse,3,012da678-ee94-44ed-981a-64733532db60,cc63ab5c-a739-0d0c-1724-efdb2e46de2a,112.5208,-2.613151,79.2584,0,-0.5129043,0,0.8584458,sm2036_ChemicalS01A_Get,natives/stm/leveldesign/itemset/chapter3/boatshed/hard.scn.20,Props/sm2036_ChemicalS01A/sm2036_ChemicalS01A.mesh,Props/sm2036_ChemicalS01A/sm2036_ChemicalS01A.mdf2,
FALSE,,,ChemicalS,TRUE,1,-1,-1,Madhouse,3,14a2665a-4a5e-4e0e-8f24-41225eb47913,d9ec6b7e-03f3-07ef-001a-ca8a45c07c59,34.83039,0.5285189,11.03058,-0.1614754,-0.7453746,-0.2145365,0.6101804,sm2036_ChemicalS01A_Get,natives/stm/leveldesign/itemset/chapter3/mainhouse_west/hard.scn.20,Props/sm2036_ChemicalS01A/sm2036_ChemicalS01A.mesh,Props/sm2036_ChemicalS01A/sm2036_ChemicalS01A.mdf2,
FALSE,,,ChemicalS,TRUE,1,-1,-1,Normal,3,7ef6a1f5-f036-47aa-8f8b-ed92efd63c3d,89c90778-8af7-46d4-871f-3cb8e9698d94,112.8596,-1.971701,80.21059,-1.18E-07,0.9413111,-1.18E-07,-0.3375401,sm2036_ChemicalS01A_Get,natives/stm/leveldesign/itemset/chapter3/boatshed/normal.scn.20,Props/sm2036_ChemicalS01A/sm2036_ChemicalS01A.mesh,Props/sm2036_ChemicalS01A/sm2036_ChemicalS01A.mdf2,
FALSE,,,ChemicalS,TRUE,1,-1,-1,Normal,3,5d58e5ba-dd7e-43e5-92ea-f0b5ae25f534,80cdaca9-5bc3-42ce-a15f-2166d944b6d4,59.22704,-2.206956,97.40824,-0.09564605,0.5220205,0.05905322,0.8454934,sm2036_ChemicalS01A_Get,natives/stm/leveldesign/itemset/chapter3/boatshed/normal.scn.20,Props/sm2036_ChemicalS01A/sm2036_ChemicalS01A.mesh,Props/sm2036_ChemicalS01A/sm2036_ChemicalS01A.mdf2,
FALSE,,,ChemicalS,TRUE,1,-1,-1,,3,d5c20bd7-969c-43e0-b506-bb954421eb42,188c06f3-df31-0a01-3a38-303d5f55ee08,0.3432007,0.98993,0,0,0.4544368,0,-0.8907791,sm2036_ChemicalS01A_Get,natives/stm/environment/scene/chapter3/c03_gh1flowerroom01.scn.20,Props/sm2036_ChemicalS01A/sm2036_ChemicalS01A.mesh,Props/sm2036_ChemicalS01A/sm2036_ChemicalS01A.mdf2,
FALSE,,,ChemicalS,TRUE,1,-1,-1,Normal,3,a793552b-6104-41cf-babe-f646131a55f5,6add580f-28a9-082e-3580-7dee086e50bf,-4.639503,0.6224806,0.9004114,-0.7455595,-0.1807492,-0.1598984,0.6212111,_sm2036_ChemicalS01A_Get,natives/stm/leveldesign/itemset/chapter3/mainhouse_hall/normal.scn.20,Props/sm2036_ChemicalS01A/sm2036_ChemicalS01A.mesh,Props/sm2036_ChemicalS01A/sm2036_ChemicalS01A.mdf2,
FALSE,,,ChemicalS,TRUE,1,-1,-1,,3,db2c61d1-8c07-419e-b5a5-2ddc10e9d406,16626cf5-c5aa-087f-3a9b-a6740b9dd14c,-0.07832146,-0.002290666,-0.1555614,-0.6310001,0.35618,-0.3092634,0.6158985,sm2036_ChemicalS01A_Get,natives/stm/environment/scene/chapter3/c03_mainhouse1fwash.scn.20,Props/sm2036_ChemicalS01A/sm2036_ChemicalS01A.mesh,Props/sm2036_ChemicalS01A/sm2036_ChemicalS01A.mdf2,
FALSE,,,ChemicalS,TRUE,1,-1,-1,Normal,3,592fae42-44ac-4718-87c3-1b45627c382c,9461a366-0d01-0ef9-08fd-90ed79083d66,55.22282,2.649567,9.586408,0,-0.6939881,0,0.7199865,_sm2036_ChemicalS01A_Get,natives/stm/leveldesign/itemset/chapter3/cowshed/normal.scn.20,Props/sm2036_ChemicalS01A/sm2036_ChemicalS01A.mesh,Props/sm2036_ChemicalS01A/sm2036_ChemicalS01A.mdf2,
FALSE,,,ChemicalS,TRUE,1,-1,-1,Normal,3,5a47f1e6-b921-467c-95da-ea309c8c7760,9709fcc2-f08c-0f9d-1ae4-619887f8722a,38.94741,-1.052779,5.059583,-3.89E-08,0.9160417,-3.89E-08,-0.4010832,sm2036_ChemicalS01A_Get,natives/stm/leveldesign/itemset/chapter3/mainhouse_west/normal.scn.20,Props/sm2036_ChemicalS01A/sm2036_ChemicalS01A.mesh,Props/sm2036_ChemicalS01A/sm2036_ChemicalS01A.mdf2,
FALSE,,,ChemicalS,TRUE,1,-1,-1,Normal,3,99440ebd-b4f2-4d6f-8c39-a9630179c403,540a0399-fd5f-048e-0307-22cb1a0dc149,24.1388,4.659111,6.904143,0.7071068,2.98E-08,-5.96E-08,0.7071068,sm2036_ChemicalS01A_Get,natives/stm/leveldesign/itemset/chapter3/mainhouse_west/normal.scn.20,Props/sm2036_ChemicalS01A/sm2036_ChemicalS01A.mesh,Props/sm2036_ChemicalS01A/sm2036_ChemicalS01A.mdf2,
FALSE,,,ChemicalS,TRUE,1,-1,-1,Normal,3,42bca8a2-d3cf-42e5-b48f-97da7dcf071e,6001329d-e251-4c86-a4e7-2bc6badefe78,10.88523,4.871115,13.36308,-5.00E-08,0.9557799,5.00E-08,0.2940829,sm2036_ChemicalS01A_Get,natives/stm/leveldesign/itemset/chapter3/mainhouse_west/normal.scn.20,Props/sm2036_ChemicalS01A/sm2036_ChemicalS01A.mesh,Props/sm2036_ChemicalS01A/sm2036_ChemicalS01A.mdf2,
FALSE,,,ChemicalS,TRUE,1,-1,-1,Normal,3,48cfd500-3c51-44db-aa06-6fdcbfbe40b3,c6212253-374b-0100-28e8-cc7d2112fd68,-33.32859,-5.752736,-3.624534,-0.2635509,0.1664396,0.1982116,0.9292744,ChemicalS,natives/stm/leveldesign/itemset/chapter3/mainhouse_east/normal.scn.20,Props/sm2036_ChemicalS01A/sm2036_ChemicalS01A.mesh,Props/sm2036_ChemicalS01A/sm2036_ChemicalS01A_IDS.mdf2,
FALSE,,,ChemicalS,TRUE,1,-1,-1,Normal,3,c8215b1f-b6a1-4f53-af99-00c3028be550,273ba555-a923-4fc7-a4c0-1429747cc38c,-11.27953,-5.023974,5.855903,-0.08673342,0.8788903,-0.1751869,-0.4351307,_sm2036_ChemicalS01A_Get,natives/stm/leveldesign/itemset/chapter3/mainhouse_east/normal.scn.20,Props/sm2036_ChemicalS01A/sm2036_ChemicalS01A.mesh,Props/sm2036_ChemicalS01A/sm2036_ChemicalS01A.mdf2,
FALSE,,,ChemicalS,TRUE,1,-1,-1,Normal,3,f9dc7439-d9bd-4184-8a02-75757863af58,3492791d-9010-0865-053c-fedd6317aa12,-11.54189,-3.811551,11.69236,-0.6860939,-0.2814722,-0.3309332,0.583551,sm2036_ChemicalS01A_Get,natives/stm/leveldesign/itemset/chapter3/mainhouse_east/normal.scn.20,Props/sm2036_ChemicalS01A/sm2036_ChemicalS01A.mesh,Props/sm2036_ChemicalS01A/sm2036_ChemicalS01A.mdf2,
FALSE,,,ChemicalS,TRUE,1,-1,-1,Madhouse,3,5b567aa3-c913-4e9e-b118-bca0f2db2914,96187787-80be-077f-3e26-3708e9af2c5e,85.43861,-0.6150833,-11.68608,0,-0.4306313,0,0.902528,sm2036_ChemicalS01A_Get,natives/stm/leveldesign/itemset/chapter3/cowshed/hard.scn.20,Props/sm2036_ChemicalS01A/sm2036_ChemicalS01A.mesh,Props/sm2036_ChemicalS01A/sm2036_ChemicalS01A.mdf2,
FALSE,,,ChemicalS,TRUE,1,-1,-1,Madhouse,3,ca1c98c8-ba16-4bc1-9c57-a3b2952f9810,075295ec-f3bb-0220-1369-281a8e5b9d5a,90.55051,2.978002,1.279644,0,-0.5697753,0,0.8218005,sm2036_ChemicalS01A_Get,natives/stm/leveldesign/itemset/chapter3/cowshed/hard.scn.20,Props/sm2036_ChemicalS01A/sm2036_ChemicalS01A.mesh,Props/sm2036_ChemicalS01A/sm2036_ChemicalS01A.mdf2,
FALSE,,,ChemicalS,TRUE,1,-1,-1,,3,e0c1712e-c7a5-481f-a593-8dae6beed197,b0e4741f-43bd-4e09-8109-9ba6cd90b4cb,-0.1516075,0.01882935,-0.04136038,-0.08587274,-0.5982381,-0.7880639,-0.1170144,sm2036_ChemicalS01A_Get,natives/stm/environment/scene/chapter3/c03_oldhouse1fkitchen01.scn.20,Props/sm2036_ChemicalS01A/sm2036_ChemicalS01A.mesh,Props/sm2036_ChemicalS01A/sm2036_ChemicalS01A.mdf2,
FALSE,,,Coin,TRUE,1,-1,-1,,3,d9cf982f-b55e-4912-a713-c2d96c1c9b2b,97a8e1bc-eb17-4c2c-b1cd-d3a714a1418b,49.50747,4.559343,23.09807,0,0,0,1,sm2164_Coin01A_DetailSearchItem,natives/stm/environment/scene/chapter3/c03_cowroom02.scn.20,Props/sm2164_Coin01A/sm2164_Coin01A.mesh,Props/sm2164_Coin01A/sm2164_Coin01A.mdf2,
FALSE,,,Coin,TRUE,1,-1,-1,Normal,3,d92066eb-122a-46dc-b882-d9b48a20077e,66b97fe3-4ca6-0693-0c89-53a0174dba4c,13.45417,-0.6777772,38.87542,0,0,0,1,_sm2164_Coin01A_DetailSearchItem,natives/stm/leveldesign/itemset/chapter3/gardenarea/normal.scn.20,Props/sm2164_Coin01A/sm2164_Coin01A.mesh,Props/sm2164_Coin01A/sm2164_Coin01A.mdf2,
FALSE,,,Coin,TRUE,1,-1,-1,Madhouse,3,7c2a97bd-70fa-40c4-b6af-fb2551da24ea,c3b38eb5-2e76-008b-02a4-7131ccb799d8,28.9729,-1.949226,66.20949,0,0,0,1,sm2164_Coin01A_DetailSearchItem,natives/stm/leveldesign/itemset/chapter3/greenhouse/hard.scn.20,Props/sm2164_Coin01A/sm2164_Coin01A.mesh,Props/sm2164_Coin01A/sm2164_Coin01A.mdf2,
FALSE,,,Coin,TRUE,1,-1,-1,Madhouse,3,9b1d89bd-ac78-4e89-a838-854c6ad5a133,248490b5-f2f4-0ec6-1c33-0f58f7b81c01,-21.74132,0.8376397,3.421176,0,0,0,1,sm2164_Coin01A_DetailSearchItem,natives/stm/leveldesign/itemset/chapter3/mainhouse_east/hard.scn.20,Props/sm2164_Coin01A/sm2164_Coin01A.mesh,Props/sm2164_Coin01A/sm2164_Coin01A.mdf2,
FALSE,,,Coin,TRUE,1,-1,-1,Madhouse,3,460b7e49-18be-4d04-b7a7-3dc46debc05e,f9926741-4632-0d4b-03ac-b7d0f0867d6c,-26.44525,-5.227945,15.76489,0,0,0,1,sm2164_Coin01A_DetailSearchItem,natives/stm/leveldesign/itemset/chapter3/mainhouse_east/hard.scn.20,Props/sm2164_Coin01A/sm2164_Coin01A.mesh,Props/sm2164_Coin01A/sm2164_Coin01A.mdf2,
FALSE,,,Coin,TRUE,1,-1,-1,Madhouse,3,22447ac1-1973-4280-9415-495631786e6e,9ddd63c9-47ff-02cf-201e-c342ac15d35c,-16.06826,0.180011,2.551796,0,0,0,1,sm2164_Coin01A_DetailSearchItem,natives/stm/leveldesign/itemset/chapter3/mainhouse_east/hard.scn.20,Props/sm2164_Coin01A/sm2164_Coin01A.mesh,Props/sm2164_Coin01A/sm2164_Coin01A.mdf2,
FALSE,,,Coin,TRUE,1,-1,-1,Madhouse,3,f1d30577-352a-4fc9-bb27-9c431aebaac7,4e4a1c7f-6ba6-0f86-0f2c-1657878617f5,-6.461898,-7.537764,22.52534,0,0,0,1,sm2164_Coin01A_DetailSearchItem,natives/stm/leveldesign/itemset/chapter3/mainhouse_east/hard.scn.20,Props/sm2164_Coin01A/sm2164_Coin01A.mesh,Props/sm2164_Coin01A/sm2164_Coin01A.mdf2,
FALSE,,,Coin,TRUE,1,-1,-1,Madhouse,3,e710f229-b6e3-4046-86ba-79c49a3ee678,5889eb21-e86f-0009-32b1-f3d007535b4a,-12.86847,-4.815046,9.176489,0,0,0,1,sm2164_Coin01A_DetailSearchItem,natives/stm/leveldesign/itemset/chapter3/mainhouse_east/hard.scn.20,Props/sm2164_Coin01A/sm2164_Coin01A.mesh,Props/sm2164_Coin01A/sm2164_Coin01A.mdf2,
FALSE,,,Coin,TRUE,1,-1,-1,Madhouse,3,4b6ef5a9-cfb5-43c3-bdd9-7d3071343af6,f4f7eca1-9139-038c-09d2-f724ec5987c4,52.16447,4.247324,32.95305,0,0,0,1,sm2164_Coin01A_DetailSearchItem,natives/stm/leveldesign/itemset/chapter3/lucasarea/hard.scn.20,Props/sm2164_Coin01A/sm2164_Coin01A.mesh,Props/sm2164_Coin01A/sm2164_Coin01A.mdf2,
FALSE,,,Coin,TRUE,1,-1,-1,Madhouse,3,07bfd4e4-b8c8-42bc-bf39-297c38a66d26,b826cdec-e644-02f3-0b32-a368a5cbd014,62.5721,-0.6000006,16.35867,0,0,0,1,sm2164_Coin01A_DetailSearchItem,natives/stm/leveldesign/itemset/chapter3/lucasarea/hard.scn.20,Props/sm2164_Coin01A/sm2164_Coin01A.mesh,Props/sm2164_Coin01A/sm2164_Coin01A.mdf2,
FALSE,,,Coin,TRUE,1,-1,-1,Madhouse,3,9987ec05-2402-4b84-beac-054432d4637d,261ef50d-7a8e-0bcb-0aa7-8f50afb9de4f,40.5703,4.599997,18.62547,0,0,0,1,sm2164_Coin01A_DetailSearchItem,natives/stm/leveldesign/itemset/chapter3/lucasarea/hard.scn.20,Props/sm2164_Coin01A/sm2164_Coin01A.mesh,Props/sm2164_Coin01A/sm2164_Coin01A.mdf2,
FALSE,,,Coin,TRUE,1,-1,-1,Normal,3,43554621-991f-4e31-9ee4-50b29fc287c7,844199b9-9751-4ab8-8c43-bc71229274df,-47.33466,-4.158478,78.05539,5.19E-09,0.3709307,-2.07E-09,0.9286606,_sm2164_Coin01A_DetailSearchItem,natives/stm/leveldesign/itemset/chapter3/oldhouse/normal.scn.20,Props/sm2164_Coin01A/sm2164_Coin01A.mesh,Props/sm2164_Coin01A/sm2164_Coin01A.mdf2,
FALSE,,,Coin,TRUE,1,-1,-1,Normal,3,cd059dbf-3016-4cda-a1f0-c1f1d078f7dd,177017b9-cb48-4a8e-880b-d0c5a4ace24b,-42.44214,-2.06201,108.401,5.19E-09,0.3709307,-2.07E-09,0.9286606,_sm2164_Coin01A_DetailSearchItem,natives/stm/leveldesign/itemset/chapter3/oldhouse/normal.scn.20,Props/sm2164_Coin01A/sm2164_Coin01A.mesh,Props/sm2164_Coin01A/sm2164_Coin01A.mdf2,
FALSE,,,Coin,TRUE,1,-1,-1,,3,ccd5a2ee-49f5-485b-97a8-42cf8282da07,390ec98e-bab3-4494-94b8-49c5d29d5eb2,0.07198334,0.6418898,-0.08608341,0,0,0,1,sm2164_Coin01A_DetailSearchItem,natives/stm/environment/scene/chapter3/c03_mainhousehall.scn.20,Props/sm2164_Coin01A/sm2164_Coin01A.mesh,Props/sm2164_Coin01A/sm2164_Coin01A.mdf2,
FALSE,,,Coin,TRUE,1,-1,-1,Madhouse,3,d2c96e3a-715e-467f-8ee1-3604a35e8d65,6d507732-2fd2-0630-3aea-bc103e333057,-6.779169,-2.954508,91.91302,0,0,0,1,sm2164_Coin01A_DetailSearchItem,natives/stm/leveldesign/itemset/chapter3/oldhouse/hard.scn.20,Props/sm2164_Coin01A/sm2164_Coin01A.mesh,Props/sm2164_Coin01A/sm2164_Coin01A.mdf2,
FALSE,,,Coin,TRUE,1,-1,-1,Madhouse,3,a2e84335-af9c-4aea-9a3a-0f8ccf8aeeae,1d715a3d-f110-0aa5-2e31-859852e7539c,-21.9528,-2.423316,90.3506,0,0,0,1,sm2164_Coin01A_DetailSearchItem,natives/stm/leveldesign/itemset/chapter3/oldhouse/hard.scn.20,Props/sm2164_Coin01A/sm2164_Coin01A.mesh,Props/sm2164_Coin01A/sm2164_Coin01A.mdf2,
FALSE,,,Coin,TRUE,1,-1,-1,Madhouse,3,9cefe459-dd21-41f9-b931-7a74de2a45a3,2376fd51-83ad-01b6-0d3a-f0604347f891,-37.14445,-2.970069,86.31091,0,0,0,1,sm2164_Coin01A_DetailSearchItem,natives/stm/leveldesign/itemset/chapter3/oldhouse/hard.scn.20,Props/sm2164_Coin01A/sm2164_Coin01A.mesh,Props/sm2164_Coin01A/sm2164_Coin01A.mdf2,
FALSE,,,Coin,TRUE,1,-1,-1,Madhouse,3,2e187bee-76eb-413b-9ffc-48dd9efb57c6,918162e6-2867-0174-2bf7-c2c90396eaf4,6.501174,-2.18679,55.52441,0,0,0,1,sm2164_Coin01A_DetailSearchItem,natives/stm/leveldesign/itemset/chapter3/gardenarea/hard.scn.20,Props/sm2164_Coin01A/sm2164_Coin01A.mesh,Props/sm2164_Coin01A/sm2164_Coin01A.mdf2,
FALSE,,,Coin,TRUE,1,-1,-1,Madhouse,3,f2e76e00-bef5-4463-a0cd-ea9cef7c3402,4d7e7708-e079-042c-14c6-608872118930,6.993289,-1.772956,12.71341,0,0,0,1,sm2164_Coin01A_DetailSearchItem,natives/stm/leveldesign/itemset/chapter3/gardenarea/hard.scn.20,Props/sm2164_Coin01A/sm2164_Coin01A.mesh,Props/sm2164_Coin01A/sm2164_Coin01A.mdf2,
FALSE,,,CircularSaw,TRUE,1,-1,-1,,7,b4e77e78-0aa7-4a0e-952b-c1cc429886e6,ffd8a58b-88c0-4fce-b693-b9b5180836f7,0,0,0,1.86E-09,0,0,1,wp0070_CircularSaw_Get,natives/stm/scenes/imd/randomitemboxset_imd.scn.20,Weapon/wp0070/wp0070.mesh,Weapon/wp0070/wp0070.mdf2,EthanMustDie
FALSE,,,CKnife,TRUE,1,-1,-1,,8,5fea4392-76c3-4ba8-be89-4aa3251b3542,69954f37-905f-05b9-2a33-95d7a4248b54,0,0,0,0,0,0,1,wp1390_ChrisKnife_Item,natives/stm/ch8/scenes/residentweapons.scn.20,CH8/Weapon/wp1390_ChrisKnife/wp1390_ChrisKnife.mesh,CH8/Weapon/wp1390_ChrisKnife/wp1390.mdf2,NotAHero
FALSE,,,Coin,TRUE,1,-1,-1,Madhouse,3,872b4180-a7f9-4915-97ba-22871204c66c,38b25888-f975-095a-23b1-a8938f697b5e,9.076525,9.276307,0.9045637,0,0,0,1,sm2164_Coin01A_DetailSearchItem,natives/stm/leveldesign/itemset/chapter3/mainhouse_west/hard.scn.20,Props/sm2164_Coin01A/sm2164_Coin01A.mesh,Props/sm2164_Coin01A/sm2164_Coin01A.mdf2,
FALSE,,,Coin,TRUE,1,-1,-1,Madhouse,3,bb19fba3-25e0-42fb-ba4b-d7377f417ff6,0480e2ab-7b6c-02b4-0e40-5d23e22cc2c4,30.31314,2.17615,4.21976,0,0,0,1,sm2164_Coin01A_DetailSearchItem,natives/stm/leveldesign/itemset/chapter3/mainhouse_west/hard.scn.20,Props/sm2164_Coin01A/sm2164_Coin01A.mesh,Props/sm2164_Coin01A/sm2164_Coin01A.mdf2,
FALSE,,,Coin,TRUE,1,-1,-1,Madhouse,3,831094ef-1e4b-0667-1170-0c064fbb70b5,3c898de7-40c7-4628-a57b-8612d2d6cd87,0,0.1,0,0,0,0,1,sm2164_Coin01A_DetailSearchItem,natives/stm/leveldesign/itemset/chapter3/mainhouse_west/hard.scn.20,Props/sm2164_Coin01A/sm2164_Coin01A.mesh,Props/sm2164_Coin01A/sm2164_Coin01A.mdf2,
FALSE,,,Coin,TRUE,1,-1,-1,Madhouse,3,fb620484-cedc-037b-389e-ed7dfbb271ce,44fb1d8c-9050-4334-8c95-676966dfccfc,0,0.1,0,0,0,0,1,sm2164_Coin01A_DetailSearchItem,natives/stm/leveldesign/itemset/chapter3/mainhouse_west/hard.scn.20,Props/sm2164_Coin01A/sm2164_Coin01A.mesh,Props/sm2164_Coin01A/sm2164_Coin01A.mdf2,
FALSE,,,Coin,TRUE,1,-1,-1,Madhouse,3,4d23aa8a-f302-4bef-b716-8e80932d9558,f2bab382-ad8e-0ba0-031d-04940e40286a,23.83692,4.000071,9.215811,0,0,0,1,sm2164_Coin01A_DetailSearchItem,natives/stm/leveldesign/itemset/chapter3/mainhouse_west/hard.scn.20,Props/sm2164_Coin01A/sm2164_Coin01A.mesh,Props/sm2164_Coin01A/sm2164_Coin01A.mdf2,
FALSE,,,Coin,TRUE,1,-1,-1,,3,d953ba71-3207-40c6-a08f-199de92bc071,23713558-84a3-4998-9894-cf5d9aefe365,-32.8541,-2.444345,86.23134,0,0,0,1,sm2164_Coin01A_DetailSearchItem,natives/stm/environment/scene/chapter3/c03_oldhouse2fhallway03.scn.20,Props/sm2164_Coin01A/sm2164_Coin01A.mesh,Props/sm2164_Coin01A/sm2164_Coin01A.mdf2,
FALSE,,,Coin,TRUE,1,-1,-1,Normal,3,0f3a3b8f-2729-4460-834c-ad0f16715bc4,56fe7283-1280-416a-bf06-ba26a3d148e2,-4.463,-1.182469,15.25639,0,0,0,1,_sm2164_Coin01A_DetailSearchItem,natives/stm/leveldesign/itemset/chapter3/mainhouse_hall/normal.scn.20,Props/sm2164_Coin01A/sm2164_Coin01A.mesh,Props/sm2164_Coin01A/sm2164_Coin01A.mdf2,
FALSE,,,Coin,TRUE,1,-1,-1,Normal,3,ad8b6e1b-0778-4589-9295-b32f52178615,12127713-59f4-05c6-269e-393bcf7a3b27,58.57466,3.56737,16.42518,0,0,0,1,sm2164_Coin01A_DetailSearchItem,natives/stm/leveldesign/itemset/chapter3/cowshed/normal.scn.20,Props/sm2164_Coin01A/sm2164_Coin01A.mesh,Props/sm2164_Coin01A/sm2164_Coin01A.mdf2,
FALSE,,,Coin,TRUE,1,-1,-1,Normal,3,0a0118d9-2bd0-4a82-b59a-2ac9ade0dfa0,eca751ae-98f1-488e-a013-ffb8ecaeb6b7,15.20917,5.262969,12.37812,0,0,0,1,sm2164_Coin01A_DetailSearchItem,natives/stm/leveldesign/itemset/chapter3/mainhouse_west/normal.scn.20,Props/sm2164_Coin01A/sm2164_Coin01A.mesh,Props/sm2164_Coin01A/sm2164_Coin01A.mdf2,
FALSE,,,Coin,TRUE,1,-1,-1,Normal,3,4876b313-b86f-4875-81cf-24aa1527dccb,f7efaa1b-e6e3-083a-35c4-aebe884a61f9,16.86754,-1.630228,13.42478,0,0,0,1,sm2164_Coin01A_DetailSearchItem,natives/stm/leveldesign/itemset/chapter3/mainhouse_west/normal.scn.20,Props/sm2164_Coin01A/sm2164_Coin01A.mesh,Props/sm2164_Coin01A/sm2164_Coin01A.mdf2,
FALSE,,,Coin,TRUE,1,-1,-1,Normal,3,e84e52c4-fcf0-4493-ad6b-6a523e3ec415,57d74bcc-a27c-04dc-1960-e046a3537927,31.0181,4.255001,5.124619,0.1340052,-0.0054962,0.04061013,0.9901329,sm2164_Coin01A_DetailSearchItem,natives/stm/leveldesign/itemset/chapter3/mainhouse_west/normal.scn.20,Props/sm2164_Coin01A/sm2164_Coin01A.mesh,Props/sm2164_Coin01A/sm2164_Coin01A.mdf2,
FALSE,,,Coin,TRUE,1,-1,-1,Normal,3,53561349-94b4-4407-bde5-fd7abd209ce0,eccf0a41-ca38-0448-09ee-776e204d21d2,-11.47204,0.9929451,-1.993569,0,0,-0.04228851,0.9991055,sm2164_Coin01A_DetailSearchItem,natives/stm/leveldesign/itemset/chapter3/mainhouse_east/normal.scn.20,Props/sm2164_Coin01A/sm2164_Coin01A.mesh,Props/sm2164_Coin01A/sm2164_Coin01A.mdf2,
FALSE,,,Coin,TRUE,1,-1,-1,Normal,3,a863bd37-c7df-42ff-ac40-70330b9a5df1,7f4a0639-e43c-451b-b364-3d5443483830,-22.76389,-4.909041,7.971258,0,0,0,1,sm2164_Coin01A_DetailSearchItem,natives/stm/leveldesign/itemset/chapter3/mainhouse_east/normal.scn.20,Props/sm2164_Coin01A/sm2164_Coin01A.mesh,Props/sm2164_Coin01A/sm2164_Coin01A.mdf2,
FALSE,,,Coin,TRUE,1,-1,-1,Madhouse,3,587b943f-17cd-438f-94f4-a0a127a31fe8,e7e28d37-4941-03c0-20ff-2ab5bacea2da,58.73066,3.564461,16.35504,0,0,0,1,sm2164_Coin01A_DetailSearchItem,natives/stm/leveldesign/itemset/chapter3/cowshed/hard.scn.20,Props/sm2164_Coin01A/sm2164_Coin01A.mesh,Props/sm2164_Coin01A/sm2164_Coin01A.mdf2,
FALSE,,,Crank,TRUE,1,-1,-1,,3,a3f59645-063b-41a5-a86a-6e5b8c507a88,febd7811-6f5c-01cc-0377-ef69f0a07859,3.613939,-4.377106,88.01605,-0.09104881,-0.8291487,-0.09062153,0.5440683,sm2058_Crank01A_Get,natives/stm/environment/scene/chapter3/c03_oldhouse1funderfloor01.scn.20,Props/sm2058_Crank01A/sm2058_Crank01A.mesh,Props/sm2058_Crank01A/sm2058_Crank01A_IDS.mdf2,
FALSE,,,Crank,TRUE,1,-1,-1,,3,585fb172-f85e-49ee-a1f2-b614c81385cd,df464b4e-02a1-4380-bcda-f59d2d74060d,3.613194,-4.365497,88.01263,-0.0844196,-0.8301903,-0.08052231,0.5451363,sm2058_Crank01A_Get,natives/stm/environment/scene/ff030/c03_oldhouse1funderfloor01.scn.20,Props/sm2058_Crank01A/sm2058_Crank01A.mesh,Props/sm2058_Crank01A/sm2058_Crank01A_IDS.mdf2,
FALSE,,,CylinderKey,TRUE,1,-1,-1,Madhouse,3,95827142-1420-035a-16a9-5229f51b35f7,1c7c0255-b3c9-403b-b9b7-715d0a65902a,0.03463742,0.01815414,-0.001106381,0.5372995,-0.459684,0.6667476,0.2354731,sm1796_KeyPick01A_DetailSearchItem,natives/stm/leveldesign/itemset/chapter3/mainhouse_east/hard.scn.20,Props/sm1796_KeyPick01A/sm1796_KeyPick01A.mesh,Props/sm1796_KeyPick01A/sm1796_KeyPick01A.mdf2,
FALSE,,,CylinderKey,TRUE,1,-1,-1,Madhouse,3,61783ee5-1e2a-037a-34a5-e2e453f2b005,e8864df2-b9c3-401b-9bbb-c190ac8c15d8,-0.01969501,-0.02139361,0.05653881,0,0,0,1,sm1796_KeyPick01A_DetailSearchItem,natives/stm/leveldesign/itemset/chapter3/mainhouse_east/hard.scn.20,Props/sm1796_KeyPick01A/sm1796_KeyPick01A.mesh,Props/sm1796_KeyPick01A/sm1796_KeyPick01A.mdf2,
FALSE,,,CylinderKey,TRUE,1,-1,-1,Normal,3,04b22ca5-1280-0c38-3a6e-d17d9520bbae,8d4c5fb2-b569-4f59-9570-f2096a5e1e73,-0.01969501,-0.02139361,0.05653881,0,0,0,1,sm1796_KeyPick01A_DetailSearchItem,natives/stm/leveldesign/itemset/chapter3/oldhouse/normal.scn.20,Props/sm1796_KeyPick01A/sm1796_KeyPick01A.mesh,Props/sm1796_KeyPick01A/sm1796_KeyPick01A.mdf2,
FALSE,,,CylinderKey,TRUE,1,-1,-1,Madhouse,3,321a2fdc-91c7-4198-9c9b-230b0f156206,2fc562e4-824e-03b3-09eb-eab21d5adc08,-8.569192,3.925609,77.76971,0.331112,-0.5881735,0.1412498,0.7241997,sm1796_KeyPick01A_DetailSearchItem,natives/stm/leveldesign/itemset/chapter3/oldhouse/hard.scn.20,Props/sm1796_KeyPick01A/sm1796_KeyPick01A.mesh,Props/sm1796_KeyPick01A/sm1796_KeyPick01A.mdf2,
FALSE,,,CylinderKey,TRUE,1,-1,-1,,3,2d30756a-ab65-0659-0f39-30259bc402aa,a4ce067d-0c8c-4538-a027-135164baa777,-0.01434058,0.02703191,0.04116775,0,0,0,1,sm1796_KeyPick01A_DetailSearchItem,natives/stm/leveldesign/itemset/chapter3/mainhouse_east/mainhouse_east.scn.20,Props/sm1796_KeyPick01A/sm1796_KeyPick01A.mesh,Props/sm1796_KeyPick01A/sm1796_KeyPick01A.mdf2,
FALSE,,,Coin,TRUE,1,-1,-1,,7,d9cf982f-b55e-4912-a713-c2d96c1c9b2b,97a8e1bc-eb17-4c2c-b1cd-d3a714a1418b,49.50747,4.559343,23.09807,0,0,0,1,sm2164_Coin01A_DetailSearchItem,natives/stm/scenes/birthday/stage2/copyasset/c03_cowroom02/c03_cowroom02.scn.20,Props/sm2164_Coin01A/sm2164_Coin01A.mesh,Props/sm2164_Coin01A/sm2164_Coin01A.mdf2,Jacks55thBirthday
FALSE,,,CylinderKey,TRUE,1,-1,-1,Madhouse,3,631067b6-cf80-4fcf-8728-d1c46a06d701,7ecf2a8e-dc09-0de4-1258-187d7849690f,39.49235,-0.8206135,-7.06363,0,0.3998911,0,0.9165627,sm1796_KeyPick01A_DetailSearchItem,natives/stm/leveldesign/itemset/chapter3/mainhouse_west/hard.scn.20,Props/sm1796_KeyPick01A/sm1796_KeyPick01A.mesh,Props/sm1796_KeyPick01A/sm1796_KeyPick01A.mdf2,
FALSE,,,CylinderKey,TRUE,1,-1,-1,Normal,3,aa86f25a-e2f1-09b3-3bdc-c64fd6fb793c,2378814d-4518-4ad2-94c2-e53b2985dce1,-0.01717562,0.134303,0.01159458,0.2950885,0.6705475,-0.5820839,0.3527991,sm1796_KeyPick01A_DetailSearchItem,natives/stm/leveldesign/itemset/chapter3/mainhouse_hall/normal.scn.20,Props/sm1796_KeyPick01A/sm1796_KeyPick01A.mesh,Props/sm1796_KeyPick01A/sm1796_KeyPick01A.mdf2,
FALSE,,,CylinderKey,TRUE,1,-1,-1,Normal,3,5a2ab12f-e4c1-0e39-1774-68ef272db5e8,d3d4c238-4328-4d58-b86a-4b9bd8531035,-0.01969501,-0.02139361,0.05653881,0,0,0,1,sm1796_KeyPick01A_DetailSearchItem,natives/stm/leveldesign/itemset/chapter3/mainhouse_west/normal.scn.20,Props/sm1796_KeyPick01A/sm1796_KeyPick01A.mesh,Props/sm1796_KeyPick01A/sm1796_KeyPick01A.mdf2,
FALSE,,,CylinderKey,TRUE,1,-1,-1,Normal,3,c84ab3fe-79f1-0560-30cf-f6fc1fd11e35,41b4c0e9-de18-4601-9fd1-d588e0afbbe8,-0.01717562,0.134303,0.01159458,0.2950885,0.6705475,-0.5820839,0.3527991,sm1796_KeyPick01A_DetailSearchItem,natives/stm/leveldesign/itemset/chapter3/mainhouse_west/normal.scn.20,Props/sm1796_KeyPick01A/sm1796_KeyPick01A.mesh,Props/sm1796_KeyPick01A/sm1796_KeyPick01A.mdf2,
FALSE,,,CylinderKey,TRUE,1,-1,-1,Normal,3,1727da53-2ce2-4229-934a-1bf98d3f26f8,f398e092-9859-448f-b70c-9609abc1c241,-13.88259,-4.550493,17.63018,-0.467865,0.3382241,-0.3618184,0.7319816,sm1796_KeyPick01A_DetailSearchItem,natives/stm/leveldesign/itemset/chapter3/mainhouse_east/normal.scn.20,Props/sm1796_KeyPick01A/sm1796_KeyPick01A.mesh,Props/sm1796_KeyPick01A/sm1796_KeyPick01A.mdf2,
FALSE,,,CylinderKey,TRUE,1,-1,-1,Normal,3,188976bb-3564-0c3e-2263-851591d2642d,917705ac-928d-4f5f-8d7d-a6616eacc1f0,-0.01434058,0.02703191,0.04116775,0,0,0,1,sm1796_KeyPick01A_DetailSearchItem,natives/stm/leveldesign/itemset/chapter3/mainhouse_east/normal.scn.20,Props/sm1796_KeyPick01A/sm1796_KeyPick01A.mesh,Props/sm1796_KeyPick01A/sm1796_KeyPick01A.mdf2,
FALSE,,,Depressant,TRUE,1,-1,-1,,3,7bd613f5-b8fb-01bc-0cac-80f3c19b60cc,0fb41869-0721-409d-a9cf-9ce9055a6167,0.007049203,0.1790957,0.01726544,0.5276902,0.003675901,0.01763628,0.8492458,sm1928_Depressant_Get,natives/stm/environment/scene/chapter3/c03_trailerhouse.scn.20,Props/sm1928_Depressant/sm1928_Depressant.mesh,Props/sm1928_Depressant/sm1928_Depressant.mdf2,
FALSE,,,Depressant,TRUE,1,-1,-1,,3,0a716f0e-2d4a-45b8-b293-1b84fbfff3c0,7e136492-9290-0499-17f0-079e3f3ef26b,-0.02828217,0.1627905,-0.07638073,-0.007096351,0.8680691,-0.007730282,0.4963324,sm1928_Depressant_Get,natives/stm/environment/scene/chapter3/c03_gardenarea1.scn.20,Props/sm1928_Depressant/sm1928_Depressant.mesh,Props/sm1928_Depressant/sm1928_Depressant.mdf2,
FALSE,,,DummyAxe,TRUE,1,-1,-1,,3,19b1a01b-f516-4452-8f2b-7485b26172e5,1ac54394-cd6e-0fba-2e80-58f07f3ba599,9.158937,8.363426,1.138139,0.6416202,-0.6077993,0.3273096,-0.3343231,sm2487_DummyAxe01A_Get,natives/stm/leveldesign/itemset/chapter3/mainhouse_west/mainhouse_west.scn.20,Props/sm2487_DummyAxe01A/sm2487_DummyAxe01A.mesh,Props/sm2487_DummyAxe01A/sm2487_DummyAxe01A.mdf2,
FALSE,,,EntranceHallKey,TRUE,1,-1,-1,,3,3463277a-19ba-062b-2b8d-7d1f666496a2,e8c2197b-8a1e-097a-0cc7-fe7065a28d58,0,0,0,0,0,0,1,sm1640_EntranceKey01B_DetailSearchItem,natives/stm/environment/scene/chapter3/c03_mainhouse1fgarage.scn.20,Props/sm1640_EntranceKey01B/sm1640_EntranceKey01B.mesh,Props/sm1640_EntranceKey01B/sm1640_EntranceKey01B.mdf2,
FALSE,,,EthanCarKey,TRUE,1,-1,-1,Madhouse,3,9b9fde8f-29bc-4e33-beff-bb05cf4e5d24,af31ea90-e050-0b4c-2285-aa2dd1ec0a6a,0,0,0,0,-0.5120175,0,0.858975,sm2242_EthanCarKey_DetailSearchItem,natives/stm/leveldesign/itemset/chapter3/mainhouse_west/hard.scn.20,Props/sm2242_EthanCarKey/sm2242_EthanCarKey.mesh,Props/sm2242_EthanCarKey/sm2242_EthanCarKey.mdf2,
FALSE,,,EthanCarKey,TRUE,1,-1,-1,Normal,3,086b9dfe-ba99-4943-8773-7ca584e5ac10,3cc5a9e1-7375-0c3c-1b09-6d8d9a47fb5e,30.5274,-0.8264164,1.862115,0.09699465,0.9651387,0.02430895,0.2418852,sm2242_EthanCarKey_DetailSearchItem,natives/stm/leveldesign/itemset/chapter3/mainhouse_west/normal.scn.20,Props/sm2242_EthanCarKey/sm2242_EthanCarKey.mesh,Props/sm2242_EthanCarKey/sm2242_EthanCarKey.mdf2,
FALSE,,,EyeDrops,TRUE,1,-1,-1,Madhouse,3,c64e80a9-d6b6-4f87-a030-37bb4a46a03f,b65c9537-d3aa-09be-1ddd-464785af9ca2,-13.88763,-4.431697,18.28582,0,0,0,1,sm2179_Psychostimulant01A_Get,natives/stm/leveldesign/itemset/chapter3/mainhouse_east/hard.scn.20,Props/sm2179_Psychostimulant01A/sm2179_Psychostimulant01A.mesh,Props/sm2179_Psychostimulant01A/sm2179_Psychostimulant01A.mdf2,
FALSE,,,EyeDrops,TRUE,1,-1,-1,Madhouse,3,e56aa82a-2217-444b-9cf2-5ddf169a8a50,9578bdb4-270b-0272-211f-2c23d973b6cd,61.92009,-0.256651,10.56279,0,0,0,1,sm2179_Psychostimulant01A_Get,natives/stm/leveldesign/itemset/chapter3/lucasarea/hard.scn.20,Props/sm2179_Psychostimulant01A/sm2179_Psychostimulant01A.mesh,Props/sm2179_Psychostimulant01A/sm2179_Psychostimulant01A.mdf2,
FALSE,,,EyeDrops,TRUE,1,-1,-1,Normal,3,a3c19cdc-e3c4-43a1-bcd7-8a6ac9e9ffcd,d9c5d219-e928-481c-994f-2badc19f052a,-50.06198,-2.639455,84.76388,0,0.9951758,0,-0.09810778,sm2179_Psychostimulant01A_Get,natives/stm/leveldesign/itemset/chapter3/oldhouse/normal.scn.20,Props/sm2179_Psychostimulant01A/sm2179_Psychostimulant01A.mesh,Props/sm2179_Psychostimulant01A/sm2179_Psychostimulant01A.mdf2,
FALSE,,,Coin,TRUE,1,-1,-1,,7,ad8b6e1b-0778-4589-9295-b32f52178615,12127713-59f4-05c6-269e-393bcf7a3b27,58.86396,3.095157,10.04662,0,0,0,1,sm2164_Coin01A_DetailSearchItem,natives/stm/scenes/birthday/stage2/copyasset/c03_cowroom05/c03_cowroom05.scn.20,Props/sm2164_Coin01A/sm2164_Coin01A.mesh,Props/sm2164_Coin01A/sm2164_Coin01A.mdf2,Jacks55thBirthday
FALSE,,,EyeDrops,TRUE,1,-1,-1,Normal,3,6929657c-2bd1-4039-8764-a729db8a2e0b,f7ed1abd-a32d-4f08-9ef9-aa105b8f59ac,32.49873,-2.417005,79.78279,0.03216825,0,0,0.9994825,_sm2179_Psychostimulant01A_Get,natives/stm/leveldesign/itemset/chapter3/greenhouse/normal.scn.20,Props/sm2179_Psychostimulant01A/sm2179_Psychostimulant01A.mesh,Props/sm2179_Psychostimulant01A/sm2179_Psychostimulant01A.mdf2,
FALSE,,,EyeDrops,TRUE,1,-1,-1,Madhouse,3,f0b8f942-6fd8-4274-b6ae-4a785cb316f9,80aaecdc-6ac4-044d-0b43-3b84935a2a64,115.4517,0.3971191,68.76329,0,0,0,1,sm2179_Psychostimulant01A_Get,natives/stm/leveldesign/itemset/chapter3/boatshed/hard.scn.20,Props/sm2179_Psychostimulant01A/sm2179_Psychostimulant01A.mesh,Props/sm2179_Psychostimulant01A/sm2179_Psychostimulant01A.mdf2,
FALSE,,,EyeDrops,TRUE,1,-1,-1,Normal,3,d87a3550-4429-407f-9eba-94dfef13583d,790d801c-8581-4408-b5e3-bb6aa3b5bf7a,112.5872,-2.610723,79.0275,0,0,0,1,sm2179_Psychostimulant01A_Get,natives/stm/leveldesign/itemset/chapter3/boatshed/normal.scn.20,Props/sm2179_Psychostimulant01A/sm2179_Psychostimulant01A.mesh,Props/sm2179_Psychostimulant01A/sm2179_Psychostimulant01A.mdf2,
FALSE,,,EyeDrops,TRUE,1,-1,-1,Madhouse,3,535fc571-b607-44c7-8089-f1b82378bf15,234dd0ef-b31b-02fe-3d64-8044ec918388,0.2845758,0.8169384,4.26409,0,0,0,1,sm2179_Psychostimulant01A_Get,natives/stm/leveldesign/itemset/chapter3/mainhouse_hall/hard.scn.20,Props/sm2179_Psychostimulant01A/sm2179_Psychostimulant01A.mesh,Props/sm2179_Psychostimulant01A/sm2179_Psychostimulant01A.mdf2,
FALSE,,,EyeDrops,TRUE,1,-1,-1,Normal,3,a09f8b9a-1c31-4812-8e34-69d103e998b2,d08d9e04-192d-0e2b-33d9-182dcc00a42f,-7.772332,-7.088694,18.31261,0,0,0,1,sm2179_Psychostimulant01A_Get,natives/stm/leveldesign/itemset/chapter3/mainhouse_east/normal.scn.20,Props/sm2179_Psychostimulant01A/sm2179_Psychostimulant01A.mesh,Props/sm2179_Psychostimulant01A/sm2179_Psychostimulant01A.mdf2,
FALSE,,,EyeDrops,TRUE,1,-1,-1,Normal,3,5c4b8abc-2894-4589-b6cb-97a38f71e9c9,2c599f22-2d88-03b0-0b26-e65f4098d554,-20.68176,0.5995546,-2.997975,0,-0.1123169,0,0.9936724,sm2179_Psychostimulant01A_Get,natives/stm/leveldesign/itemset/chapter3/mainhouse_east/normal.scn.20,Props/sm2179_Psychostimulant01A/sm2179_Psychostimulant01A.mesh,Props/sm2179_Psychostimulant01A/sm2179_Psychostimulant01A.mdf2,
FALSE,,,FlameBulletS,TRUE,1,-1,-1,Madhouse,3,ccdffbef-9ace-4ea0-b009-644f2bb45e5d,9129a57f-b226-0b48-0e61-d08fcca429c6,-19.20623,1.177835,4.372334,0,0.4152002,0,0.9097301,wp1111_FlameBullet_Get,natives/stm/leveldesign/itemset/chapter3/mainhouse_east/hard.scn.20,Weapon/wp1111_FlameBullet/wp1111_FlameBullet.mesh,Weapon/wp1111_FlameBullet/wp1111.mdf2,
FALSE,,,FlameBulletS,TRUE,1,-1,-1,Madhouse,3,4ae3e0fc-19ca-4e2a-ab9a-ae422b064c75,1715be6c-3122-0bc2-15f2-1a82cc163bee,-44.22927,-2.980815,95.44244,0,0,0,1,wp1111_FlameBullet_Get,natives/stm/leveldesign/itemset/chapter3/oldhouse/hard.scn.20,Weapon/wp1111_FlameBullet/wp1111_FlameBullet.mesh,Weapon/wp1111_FlameBullet/wp1111.mdf2,
FALSE,,,FlameBulletS,TRUE,1,-1,-1,Madhouse,3,563baa80-4d7e-4437-be99-d970bfdaebdf,0bcdf410-6596-01df-00f1-6db058ca9c44,-17.36564,-2.356945,94.98673,0,0.2397038,0,0.9708461,wp1111_FlameBullet_Get,natives/stm/leveldesign/itemset/chapter3/oldhouse/hard.scn.20,Weapon/wp1111_FlameBullet/wp1111_FlameBullet.mesh,Weapon/wp1111_FlameBullet/wp1111.mdf2,
FALSE,,,FlameBulletS,TRUE,1,-1,-1,Normal,3,bd69390f-983d-4efa-9fb6-4d0051a5d345,a80a0b2e-42c5-450c-8360-623348837fd3,110.839,-2.589281,76.27173,0.3171336,0.3260615,0.6320018,0.6274424,wp1111_FlameBullet_Get,natives/stm/leveldesign/itemset/chapter3/boatshed/normal.scn.20,Weapon/wp1111_FlameBullet/wp1111_FlameBullet.mesh,Weapon/wp1111_FlameBullet/wp1111.mdf2,
FALSE,,,FlameBulletS,TRUE,1,-1,-1,Normal,3,d55adad7-3abf-4852-a63b-5646b17cabe0,4bca35d7-4b44-4bfd-abec-d5628ca30b78,110.743,-2.563867,76.20224,-0.2178823,0.6727014,0.6727015,0.2178823,wp1111_FlameBullet_Get,natives/stm/leveldesign/itemset/chapter3/boatshed/normal.scn.20,Weapon/wp1111_FlameBullet/wp1111_FlameBullet.mesh,Weapon/wp1111_FlameBullet/wp1111.mdf2,
FALSE,,,FlameBulletS,TRUE,1,-1,-1,Normal,3,305d4a94-426a-4cf9-a4c0-907819d63fd7,28433ee6-838d-407e-9bec-320ee54f0ef2,110.8364,-2.560889,76.15965,0.2178842,0.6727009,0.6727009,-0.2178842,wp1111_FlameBullet_Get,natives/stm/leveldesign/itemset/chapter3/boatshed/normal.scn.20,Weapon/wp1111_FlameBullet/wp1111_FlameBullet.mesh,Weapon/wp1111_FlameBullet/wp1111.mdf2,
FALSE,,,FlameBulletS,TRUE,1,-1,-1,Normal,3,2322b3ce-9450-4f9a-8210-6cef6b8a8f2f,c1caf45a-505f-46ef-bdb8-ca67325075bb,-19.10476,1.183204,4.411449,-0.6768,-0.2708575,-0.297305,0.6165936,wp1111_FlameBullet_Get,natives/stm/leveldesign/itemset/chapter3/mainhouse_east/normal.scn.20,Weapon/wp1111_FlameBullet/wp1111_FlameBullet.mesh,Weapon/wp1111_FlameBullet/wp1111.mdf2,
FALSE,,,FlameBulletS,TRUE,6,-1,-1,Madhouse,3,7c3bd7f9-5639-4237-8e79-8bd3f25b036c,21cd8969-7ed1-07df-3011-3f13154b74f7,0,0,0,0,0,0,1,wp1111_FlameBullet_Get,natives/stm/leveldesign/itemset/chapter3/cowshed/hard.scn.20,Weapon/wp1111_FlameBullet/wp1111_FlameBullet.mesh,Weapon/wp1111_FlameBullet/wp1111.mdf2,
FALSE,,,FloorDoorKey,TRUE,1,-1,-1,,3,665a86ed-7e9c-4b56-a889-4377fa1d3f47,e145229e-a340-0813-3e0b-8b15a02cb5a8,6.337542,0.8155447,13.31179,0.1883193,-0.1883188,-0.6815689,0.6815686,sm2287_UndeFloorDoorKey01A_DetailSearchItem,natives/stm/leveldesign/itemset/chapter3/mainhouse_west/mainhouse_west.scn.20,Props/sm2287_UndeFloorDoorKey01A/sm2287_UndeFloorDoorKey01A.mesh,Props/sm2287_UndeFloorDoorKey01A/sm2287_UndeFloorDoorKey01A.mdf2,
FALSE,,,Flower,TRUE,1,-1,-1,Normal,3,21182198-f9d3-4d81-bef7-22c90fb819c4,61176e08-30f9-034d-0241-27e96b2a3131,28.49244,-1.038287,34.57558,0,0,0,1,sm2025_Flower01A_Get,natives/stm/leveldesign/itemset/chapter3/gardenarea/normal.scn.20,Props/sm2025_Flower01A/sm2025_Flower01A.mesh,Props/sm2025_Flower01A/sm2025_Flower01A.mdf2,
FALSE,,,Flower,TRUE,1,-1,-1,Madhouse,3,f0d85473-57ae-48b6-a30d-86502e3c69ea,b0d71be3-9e84-067a-1fbb-83704aae411f,-23.29094,0.8031116,-6.361108,0,0,0,1,sm2025_Flower01A_Get,natives/stm/leveldesign/itemset/chapter3/mainhouse_east/hard.scn.20,Props/sm2025_Flower01A/sm2025_Flower01A.mesh,Props/sm2025_Flower01A/sm2025_Flower01A.mdf2,
FALSE,,,Flower,TRUE,1,-1,-1,Normal,3,66858894-94f7-475c-935e-8e2b927a1033,268ac704-5ddd-0990-2fe8-8b0bf6e838c6,60.01916,2.420991,8.497829,0,0,0,1,_sm2025_Flower01A_Get,natives/stm/leveldesign/itemset/chapter3/cowshed/normal.scn.20,Props/sm2025_Flower01A/sm2025_Flower01A.mesh,Props/sm2025_Flower01A/sm2025_Flower01A.mdf2,
FALSE,,,Flower,TRUE,1,-1,-1,Normal,3,aef0420c-cab8-4d1d-9ad0-64f1a222a48c,eeff0d9c-0392-03d1-2666-61d1c6b08c79,12.55992,5.104418,-4.693707,0,0.3235435,0,0.9462133,sm2025_Flower01A_Get,natives/stm/leveldesign/itemset/chapter3/mainhouse_west/normal.scn.20,Props/sm2025_Flower01A/sm2025_Flower01A.mesh,Props/sm2025_Flower01A/sm2025_Flower01A.mdf2,
FALSE,,,CylinderKey,TRUE,1,-1,-1,Normal,8,0cf58d26-b772-40d6-a0c3-8d949c5ea059,20236b33-2e02-0d9a-3d0e-109ea6df0dee,23.21082,-83.8215,-226.7336,0,0,0,1,sm1796_KeyPick01A_DetailSearchItem,natives/stm/ch8/leveldesign/itemset/chapter8/c08_storage01/normal.scn.20,Props/sm1796_KeyPick01A/sm1796_KeyPick01A.mesh,Props/sm1796_KeyPick01A/sm1796_KeyPick01A.mdf2,NotAHero
FALSE,,,Flower,TRUE,1,-1,-1,Madhouse,3,fc169148-3189-416b-9856-a625719af0c9,bc19ded8-f8a3-0fa7-24e0-a3051508d83c,70.92517,2.549377,0.796206,0,0,0,1,sm2025_Flower01A_Get,natives/stm/leveldesign/itemset/chapter3/cowshed/hard.scn.20,Props/sm2025_Flower01A/sm2025_Flower01A.mesh,Props/sm2025_Flower01A/sm2025_Flower01A.mdf2,
FALSE,,,CylinderKey,TRUE,1,-1,-1,,8,19b8e5dd-5b4f-40ff-8b65-1dafa8ece619,356e03c8-c23f-0db3-16a8-80a5926d4bae,0,0,0,0,0,0,1,sm1796_KeyPick01A_DetailSearchItem,natives/stm/ch8/scenes/itemset_resident.scn.20,Props/sm1796_KeyPick01A/sm1796_KeyPick01A.mesh,Props/sm1796_KeyPick01A/sm1796_KeyPick01A.mdf2,NotAHero
FALSE,,,FoundFootage030,TRUE,1,-1,-1,,3,5169beac-ddb1-44d3-8a22-b4c45466af30,cfe9fd06-df5c-0cd6-253c-4460d98b2cdb,20.58852,5.165869,7.371562,-1.11E-08,-0.5552884,-1.94E-08,0.8316579,sm1714_Videotape01E_DetailSearchItem,natives/stm/leveldesign/itemset/chapter3/mainhouse_west/mainhouse_west.scn.20,Props/sm1714_Videotape01E/sm1714_Videotape01E.mesh,Props/sm1714_Videotape01E/sm1714_Videotape01E.mdf2,
FALSE,,,FoundFootage040,TRUE,1,-1,-1,,3,31aa60d9-4317-4139-973d-7c3d09fc426d,636d20e5-6aa4-09a6-33e4-4c47b9b5230f,-0.01747513,1.343451,0.02905178,0.00839472,0.06183382,0.002637376,0.9980476,sm1785_Videotape01F_DetailSearchItem,natives/stm/environment/scene/chapter3/c03_mainhouse2fkids02.scn.20,Props/sm1785_Videotape01F/sm1785_Videotape01F.mesh,Props/sm1785_Videotape01F/sm1785_Videotape01F.mdf2,
FALSE,,,Glasses,TRUE,1,-1,-1,,3,22e2ed72-39f0-4572-a5e4-b27a5c0c2649,9c118d3a-1822-4b9f-86a4-5beb00539726,0,0.5,0.1,0,0,0,1,wp1260_Glasses_Get,natives/stm/environment/scene/chapter3/c03_leftarea1fpuzzleroom1.scn.20,Weapon/wp1260_Glasses/wp1260_Glasses.mesh,Weapon/wp1260_Glasses/wp1260.mdf2,
FALSE,,,CylinderKey,TRUE,1,-1,-1,Madhouse,8,1f7e8b4c-dc80-4fe0-bcf5-f28455ada79c,b9c8dfa9-d12a-4928-a71b-a35f3bc4a90a,117.2113,-75.64505,-225.3902,-0.02089928,0,0,0.9997816,sm1796_KeyPick01A_DetailSearchItem,natives/stm/ch8/leveldesign/itemset/chapter8/c08_train02/hard.scn.20,Props/sm1796_KeyPick01A/sm1796_KeyPick01A.mesh,Props/sm1796_KeyPick01A/sm1796_KeyPick01A.mdf2,NotAHero
FALSE,,,Glasses,FALSE,1,-1,-1,,3,dd9e687b-cd79-0e4b-33dc-cb74f3e5b824,6ce92355-5fc4-4177-9f25-46238c468c0b,0,0,0,0,0,0,1,wp1260_Glasses_Set,natives/stm/environment/scene/chapter3/c03_leftarea1fpuzzleroom1.scn.20,Weapon/wp1260_Glasses/wp1260_Glasses.mesh,Weapon/wp1260_Glasses/wp1260.mdf2,
FALSE,,,CylinderKey,TRUE,1,-1,-1,Normal,8,70f9f2bd-a719-4a69-b767-d7d0cb2f0fc7,5c2f14a8-3e69-0725-2aaa-4adaf1aea270,131.3005,-72.66541,-117.3527,-0.2860745,0,0,0.9582074,sm1796_KeyPick01A_DetailSearchItem,natives/stm/ch8/leveldesign/itemset/chapter8/c08_labo02/normal.scn.20,Props/sm1796_KeyPick01A/sm1796_KeyPick01A.mesh,Props/sm1796_KeyPick01A/sm1796_KeyPick01A.mdf2,NotAHero
FALSE,,,Glasses_End,TRUE,1,-1,-1,,3,2204eb8d-aec1-4180-8b5d-989201837297,366e2703-281f-001d-3308-c3493227bece,41.66507,-1.04698,26.03632,0,0,0,1,wp1260_Glasses_GetEnd,natives/stm/environment/scene/chapter3/c03_leftarea1fpuzzleroom1.scn.20,Weapon/wp1260_Glasses/wp1260_Glasses.mesh,Weapon/wp1260_Glasses/wp1260.mdf2,
FALSE,,,GrenadeLauncher,TRUE,1,-1,-1,Madhouse,3,ac4dc3f8-5829-48e1-8dc4-933c07c03c13,ae9e89e5-25fd-0ea4-39c8-66bf69534217,17.70483,-0.5353747,39.03359,0.325629,-0.3785553,-0.6051535,0.620041,wp1110_PortableCannon_Get,natives/stm/leveldesign/itemset/chapter3/gardenarea/hard.scn.20,Weapon/wp1110_PortableCannon/wp1110_PortableCannon.mesh,Weapon/wp1110_PortableCannon/wp1110.mdf2,
FALSE,,,GrenadeLauncher,TRUE,1,-1,-1,Normal,3,a1c16bbd-39a1-4d41-9cbe-bd8748b27acc,a31221a0-4475-0b04-28b2-4804262104c8,-22.45416,0.9250416,3.520607,0.1434762,-0.6183195,-0.46108,0.6200832,wp1110_PortableCannon_Get,natives/stm/leveldesign/itemset/chapter3/mainhouse_east/normal.scn.20,Weapon/wp1110_PortableCannon/wp1110_PortableCannon.mesh,Weapon/wp1110_PortableCannon/wp1110.mdf2,
FALSE,,,Gunpowder,TRUE,1,-1,-1,Normal,3,64eceb44-8697-4545-9606-90834dc4d517,b5f92d94-2b56-4522-b039-2e7571a1b9f9,4.106625,-0.7960182,37.03559,-0.07877118,0.003693638,0.08946984,0.9928643,Gunpowder,natives/stm/leveldesign/itemset/chapter3/gardenarea/normal.scn.20,Props/sm2183_Gunpowder01A/sm2183_Gunpowder01A.mesh,Props/sm2183_Gunpowder01A/sm2183_Gunpowder01A.mdf2,
FALSE,,,Gunpowder,TRUE,1,-1,-1,Normal,3,ff53be36-285d-431b-9db1-0dbe2d91e047,23c25b35-8b3f-4d6c-b523-2f4673a900d9,25.76957,1.017283,15.79791,0,0,0,1,Gunpowder,natives/stm/leveldesign/itemset/chapter3/gardenarea/normal.scn.20,Props/sm2183_Gunpowder01A/sm2183_Gunpowder01A.mesh,Props/sm2183_Gunpowder01A/sm2183_Gunpowder01A.mdf2,
FALSE,,,Gunpowder,TRUE,1,-1,-1,Madhouse,3,0c9e9b8e-c8cc-4fe6-a3dd-4adc8e4a2aa0,5bf62e29-55b0-0ffc-3a00-d24ff3058f8b,28.51832,-1.952093,84.78107,0,0,0,1,sm2183_Gunpowder01A_Get,natives/stm/leveldesign/itemset/chapter3/greenhouse/hard.scn.20,Props/sm2183_Gunpowder01A/sm2183_Gunpowder01A.mesh,Props/sm2183_Gunpowder01A/sm2183_Gunpowder01A.mdf2,
FALSE,,,Gunpowder,TRUE,1,-1,-1,Madhouse,3,49d13887-beda-46ec-a68c-404a3614da2f,1eb98d20-23a6-06f6-3f51-d8d94b5b7f04,16.2068,1.747557,79.12358,0,0,0,1,sm2183_Gunpowder01A_Get,natives/stm/leveldesign/itemset/chapter3/greenhouse/hard.scn.20,Props/sm2183_Gunpowder01A/sm2183_Gunpowder01A.mesh,Props/sm2183_Gunpowder01A/sm2183_Gunpowder01A.mdf2,
FALSE,,,Gunpowder,TRUE,1,-1,-1,Madhouse,3,e5cd4275-90eb-49a4-9dd2-134ebfcb89b9,b2a5f7d2-0d97-09be-040f-8bddc2842c92,-19.41454,-4.326077,-2.555775,0,0,0,1,sm2183_Gunpowder01A_Get,natives/stm/leveldesign/itemset/chapter3/mainhouse_east/hard.scn.20,Props/sm2183_Gunpowder01A/sm2183_Gunpowder01A.mesh,Props/sm2183_Gunpowder01A/sm2183_Gunpowder01A.mdf2,
FALSE,,,Gunpowder,TRUE,1,-1,-1,Madhouse,3,3f494424-797a-4bc0-bb1a-c84a460772b4,6821f183-e406-0bda-22c7-50d93b48d79f,-43.26292,-5.239312,10.9294,0,0,0,1,sm2183_Gunpowder01A_Get,natives/stm/leveldesign/itemset/chapter3/mainhouse_east/hard.scn.20,Props/sm2183_Gunpowder01A/sm2183_Gunpowder01A.mesh,Props/sm2183_Gunpowder01A/sm2183_Gunpowder01A.mdf2,
FALSE,,,Depressant,TRUE,1,-1,-1,,9,59d41b3d-3c41-469a-8c74-92c641a2a934,66ae0c73-ecc8-4a71-97a7-c761ff6eb9c4,-0.02828217,0.1627905,-0.07638073,-0.007096351,0.8680691,-0.007730282,0.4963324,sm1928_Depressant_Get,natives/stm/ch9/environment/scene/chapter9/c09_gardenarea1.scn.20,Props/sm1928_Depressant/sm1928_Depressant.mesh,Props/sm1928_Depressant/sm1928_Depressant.mdf2,EndOfZoe
FALSE,,,DepressantAmpoules,TRUE,1,-1,-1,,8,15874964-2393-4e0a-8f3b-84035b7f19ac,37eba8fc-12e4-0dfc-0c47-caddd2336559,0,0,0,0,0,0,1,sm1928_DepressantAmpoules_Get,natives/stm/ch8/scenes/residentweapons.scn.20,Props/sm1928_Depressant/sm1928_Depressant.mesh,Props/sm1928_Depressant/sm1928_Depressant.mdf2,NotAHero
FALSE,,,DepressantAmpoules,TRUE,1,-1,-1,,8,13a8f9df-d5ed-40c8-b6bd-1c15b2f5b3d6,5c0546dc-1b25-0cdb-097e-97b367313346,0,0,0,0,0,0,1,sm1928_DepressantAmpoules_Item,natives/stm/ch8/scenes/residentweapons.scn.20,Props/sm1928_Depressant/sm1928_Depressant.mesh,Props/sm1928_Depressant/sm1928_Depressant.mdf2,NotAHero
FALSE,,,DepressantAmpoules,TRUE,1,-1,-1,Normal,8,1c71fabc-cd79-444d-a0de-236ad312dba1,3e1d1b24-fc0e-07bb-23a2-6db45a5ea754,42.992,-82.27676,-227.4487,0,0,0,1,sm1928_DepressantAmpoules_Get,natives/stm/ch8/leveldesign/itemset/chapter8/c08_storage01/normal.scn.20,Props/sm1928_Depressant/sm1928_Depressant.mesh,Props/sm1928_Depressant/sm1928_Depressant.mdf2,NotAHero
FALSE,,,DepressantAmpoules,TRUE,1,-1,-1,Madhouse,8,d97d85bb-b028-4f2f-a15c-ec60be0307d7,edcd72c7-4395-45a8-aa0f-1bfe442ab149,42.992,-82.27676,-227.4487,0,0,0,1,sm1928_DepressantAmpoules_Get,natives/stm/ch8/leveldesign/itemset/chapter8/c08_storage01/hard.scn.20,Props/sm1928_Depressant/sm1928_Depressant.mesh,Props/sm1928_Depressant/sm1928_Depressant.mdf2,NotAHero
FALSE,,,DepressantAmpoules,TRUE,1,-1,-1,,8,b63aa4a8-b6e7-07ae-002c-3f8eb597a3d1,94564530-8790-4458-8350-71503cdbdf24,0.007049203,0.1790957,0.01726544,0.5276902,0.003675901,0.01763628,0.8492458,sm1928_DepressantAmpoules_Get,natives/stm/ch8/environment/scene/chapter8/c08_mine01.scn.20,Props/sm1928_Depressant/sm1928_Depressant.mesh,Props/sm1928_Depressant/sm1928_Depressant.mdf2,NotAHero
FALSE,,,Gunpowder,TRUE,1,-1,-1,Madhouse,3,5fef04d8-2438-44a6-b6ed-d804a52d1774,0887b17f-b944-04bc-2f30-4097d862b25f,47.94684,4.894766,34.02028,0,0,0,1,sm2183_Gunpowder01A_Get,natives/stm/leveldesign/itemset/chapter3/lucasarea/hard.scn.20,Props/sm2183_Gunpowder01A/sm2183_Gunpowder01A.mesh,Props/sm2183_Gunpowder01A/sm2183_Gunpowder01A.mdf2,
FALSE,,,EasyBoots,TRUE,1,-1,-1,,7,1b87939f-0c39-0b08-0ed0-259e3ded7804,a5d01934-18c7-483a-9dba-ff0da69a7b6f,0,0,0,0,0,0,1,sm9356_EasyBoots_DetailSearchItem,natives/stm/scenes/imd/randomitemboxset_imd.scn.20,Props/sm9356_EasyBoots/sm9356_EasyBoots.mesh,Props/sm9356_EasyBoots/sm9356_EasyBoots.mdf2,EthanMustDie
FALSE,,,EasyBoots_IMD,TRUE,1,-1,-1,,7,b0736458-c429-46c0-9a3c-57fce634bd31,469c909b-836d-0e10-3dd7-5d2b0dcbae93,0,0,0,0,0,0,1,sm9356_EasyBoots_IMD_DetailSearchItem,natives/stm/scenes/imd/randomitemboxset_imd.scn.20,Props/sm9356_EasyBoots/sm9356_EasyBoots.mesh,Props/sm9356_EasyBoots/sm9356_EasyBoots.mdf2,EthanMustDie
FALSE,,,EasyBootsCh8,TRUE,1,-1,-1,,8,cf6cf30a-9435-4d4b-bc4a-1b48a97c4eaf,806915ff-f458-024f-2bff-aa407ac12332,0,0,0,0,0,0,1,sm9356_EasyBoots_Item,natives/stm/ch8/scenes/residentweapons.scn.20,,,NotAHero
FALSE,,,EntranceHallKey,TRUE,1,-1,-1,,7,3463277a-19ba-062b-2b8d-7d1f666496a2,e8c2197b-8a1e-097a-0cc7-fe7065a28d58,0,0,0,0,0,0,1,sm1640_EntranceKey01B_DetailSearchItem,natives/stm/scenes/birthday/stage3/copyasset/c03_mainhouse1fgarage/c03_mainhouse1fgarage.scn.20,Props/sm1640_EntranceKey01B/sm1640_EntranceKey01B.mesh,Props/sm1640_EntranceKey01B/sm1640_EntranceKey01B.mdf2,Jacks55thBirthday
FALSE,,,Gunpowder,TRUE,1,-1,-1,Normal,3,1487aba5-4403-4005-ab31-594e921fbd7f,35c3dd12-b069-4f9f-aa93-756183f53125,-37.62587,-2.058124,86.08115,0,-0.3248634,0,0.945761,_sm2183_Gunpowder01A_Get,natives/stm/leveldesign/itemset/chapter3/oldhouse/normal.scn.20,Props/sm2183_Gunpowder01A/sm2183_Gunpowder01A.mesh,Props/sm2183_Gunpowder01A/sm2183_Gunpowder01A.mdf2,
FALSE,,,Gunpowder,TRUE,1,-1,-1,Madhouse,3,9224c905-8e2c-4d6b-8eee-40c26ba468f0,c54c7ca2-1350-0d71-1733-d85116ebcddb,-40.96558,-1.960753,106.2549,0,0,0,1,sm2183_Gunpowder01A_Get,natives/stm/leveldesign/itemset/chapter3/oldhouse/hard.scn.20,Props/sm2183_Gunpowder01A/sm2183_Gunpowder01A.mesh,Props/sm2183_Gunpowder01A/sm2183_Gunpowder01A.mdf2,
FALSE,,,Gunpowder,TRUE,1,-1,-1,Madhouse,3,fff2a34e-44cc-446b-8f0a-43147db2f21e,a89a16e9-d9b0-0471-16d7-db8700fd5735,112.8603,-1.981227,79.72756,0,0,0,1,sm2183_Gunpowder01A_Get,natives/stm/leveldesign/itemset/chapter3/boatshed/hard.scn.20,Props/sm2183_Gunpowder01A/sm2183_Gunpowder01A.mesh,Props/sm2183_Gunpowder01A/sm2183_Gunpowder01A.mdf2,
FALSE,,,Gunpowder,TRUE,1,-1,-1,Madhouse,3,1ce1b7fe-0794-424a-bf42-27937792c293,4b890259-9ae8-0250-269f-bf000add67b8,28.95596,1.154784,8.504668,0,0,0,1,sm2183_Gunpowder01A_Get,natives/stm/leveldesign/itemset/chapter3/mainhouse_west/hard.scn.20,Props/sm2183_Gunpowder01A/sm2183_Gunpowder01A.mesh,Props/sm2183_Gunpowder01A/sm2183_Gunpowder01A.mdf2,
FALSE,,,Gunpowder,TRUE,1,-1,-1,Normal,3,4f94a4b8-2bcd-41ee-88ee-b222644905e6,c5fad727-4c6f-4e72-aba6-8b4a5b30274e,110.7392,-2.492949,81.31716,0,0,0,1,sm2183_Gunpowder01A_Get,natives/stm/leveldesign/itemset/chapter3/boatshed/normal.scn.20,Props/sm2183_Gunpowder01A/sm2183_Gunpowder01A.mesh,Props/sm2183_Gunpowder01A/sm2183_Gunpowder01A.mdf2,
FALSE,,,Gunpowder,TRUE,1,-1,-1,Normal,3,43912766-6d20-4efc-beee-9c9a37eca76e,37a81e50-ac4b-403b-994d-d3b179ddecac,85.29994,-0.6158764,-13.14523,0,0,0,1,_sm2183_Gunpowder01A_Get,natives/stm/leveldesign/itemset/chapter3/cowshed/normal.scn.20,Props/sm2183_Gunpowder01A/sm2183_Gunpowder01A.mesh,Props/sm2183_Gunpowder01A/sm2183_Gunpowder01A.mdf2,
FALSE,,,Gunpowder,TRUE,1,-1,-1,Normal,3,ec7685e4-5015-4742-9bde-8a9d1a106cd8,116d54d7-8db2-0702-2f8d-78aa66c68962,8.760775,-0.002209127,-2.998479,0,0,0,1,Gunpowder,natives/stm/leveldesign/itemset/chapter3/mainhouse_west/normal.scn.20,Props/sm2183_Gunpowder01A/sm2183_Gunpowder01A.mesh,Props/sm2183_Gunpowder01A/sm2183_Gunpowder01A.mdf2,
FALSE,,,Gunpowder,TRUE,1,-1,-1,Normal,3,d853a9c3-7eac-4eea-bcac-b14a09962a07,254878f0-a30b-0eaa-08ff-437d7540cfbd,-26.47562,-5.190487,15.76975,0,0,0,1,Gunpowder,natives/stm/leveldesign/itemset/chapter3/mainhouse_east/normal.scn.20,Props/sm2183_Gunpowder01A/sm2183_Gunpowder01A.mesh,Props/sm2183_Gunpowder01A/sm2183_Gunpowder01A.mdf2,
FALSE,,,Gunpowder,TRUE,1,-1,-1,Normal,3,6db0f7a3-a7cb-4474-8af0-e58e4ae88d89,e5fd7e48-b067-47ab-af97-54fcc2402a37,-1.614917,-6.842694,16.05614,0,0,0,1,Gunpowder,natives/stm/leveldesign/itemset/chapter3/mainhouse_east/normal.scn.20,Props/sm2183_Gunpowder01A/sm2183_Gunpowder01A.mesh,Props/sm2183_Gunpowder01A/sm2183_Gunpowder01A.mdf2,
FALSE,,,Gunpowder,TRUE,1,-1,-1,Normal,3,5ea9b13b-956d-44c1-bf78-eda3b4ec544b,12f64624-3227-4c81-92d1-b50f26c5f943,-10.33279,0.5355114,-3.59453,0,0,0,1,Gunpowder,natives/stm/leveldesign/itemset/chapter3/mainhouse_east/normal.scn.20,Props/sm2183_Gunpowder01A/sm2183_Gunpowder01A.mesh,Props/sm2183_Gunpowder01A/sm2183_Gunpowder01A.mdf2,
FALSE,,,Gunpowder,TRUE,1,-1,-1,Normal,3,bbc891cd-04b6-46bf-ba53-d7744bad4b7a,972f0aca-8f47-4830-b78b-b786bd6d8448,-20.42893,0.9951224,1.02413,0,0,0,1,Gunpowder,natives/stm/leveldesign/itemset/chapter3/mainhouse_east/normal.scn.20,Props/sm2183_Gunpowder01A/sm2183_Gunpowder01A.mesh,Props/sm2183_Gunpowder01A/sm2183_Gunpowder01A.mdf2,
FALSE,,,Handgun_G17,FALSE,1,-1,-1,,3,10ac9ed7-b065-4770-9144-43e33bf0a906,c99814c3-31b0-4896-badf-10ac5159095c,0,0,0,0,0,0,1,wp1210_Handgun_Get_After,natives/stm/animation/ingame/c03/event_c03_1.scn.20,Weapon/wp1210_Handgun/wp1210_Handgun.mesh,Weapon/wp1210_Handgun/wp1210.mdf2,
FALSE,,,Handgun_G17,TRUE,1,-1,-1,,3,626dfcea-18f0-4418-b94c-b39f4fa7599e,c57de24d-56f9-4bfa-bab9-9c313b269fb9,0,0,0,0,0,0,1,ItemObj,natives/stm/animation/ingame/c03/event_c03_1.scn.20,,,
FALSE,,,Handgun_G17,FALSE,1,-1,-1,,3,e0484e9e-f093-4750-b3fb-5877024ebcf6,64374ba6-0abe-437d-862f-ceea453785e1,0,0,0,0,0,0,1,wp1210_Handgun_Get,natives/stm/animation/ingame/c03/event_c03_1.scn.20,Weapon/wp1210_Handgun/wp1210_Handgun.mesh,Weapon/wp1210_Handgun/wp1210.mdf2,
FALSE,,,Handgun_G17,TRUE,1,-1,-1,,3,85bdfdb6-206e-472e-aeed-8f85a7872535,aa14f8ab-cc25-0d20-125d-5e0cd5b0bbe9,0,0,0,0,0,0,1,wp1210_Handgun_Get,natives/stm/leveldesign/itemset/chapter3/mainhouse_west/mainhouse_west.scn.20,Weapon/wp1210_Handgun/wp1210_Handgun.mesh,Weapon/wp1210_Handgun/wp1210.mdf2,
FALSE,,,HandgunBullet,TRUE,10,-1,-1,Madhouse,3,f50ea764-9cab-495b-9454-229aa6d49a00,f49d379d-8421-079d-2066-3736d8603f52,17.51174,-1.767819,81.1284,0,0.2780914,0,0.9605547,wp1011_HandgunBullet_Get,natives/stm/leveldesign/itemset/chapter3/greenhouse/hard.scn.20,Weapon/wp1011_HandgunBullet/wp1011_HandgunBullet.mesh,Weapon/wp1011_HandgunBullet/wp1011.mdf2,
FALSE,,,HandgunBullet,TRUE,10,-1,-1,Madhouse,3,f144cf25-a0a5-4362-bf7f-fec9dc772c61,f0d75fdc-b82f-0da4-0b4d-eb65a2c38933,38.33088,1.755766,77.77845,0,0.2737875,0,0.9617902,wp1011_HandgunBullet_Get,natives/stm/leveldesign/itemset/chapter3/greenhouse/hard.scn.20,Weapon/wp1011_HandgunBullet/wp1011_HandgunBullet.mesh,Weapon/wp1011_HandgunBullet/wp1011.mdf2,
FALSE,,,HandgunBullet,TRUE,10,-1,-1,Madhouse,3,dafbb82e-9755-4985-88fe-c9fded7ede80,db6828d7-8fdf-0743-3ccc-dc5193ca7bd2,-33.22358,-5.962449,6.387274,0,0,0,1,wp1011_HandgunBullet_Get,natives/stm/leveldesign/itemset/chapter3/mainhouse_east/hard.scn.20,Weapon/wp1011_HandgunBullet/wp1011_HandgunBullet.mesh,Weapon/wp1011_HandgunBullet/wp1011.mdf2,
FALSE,,,HandgunBullet,TRUE,10,-1,-1,Madhouse,3,8c29cd92-f882-418c-b469-170b6406d585,8dba5d6b-e008-0f4a-005b-02a71ab270d7,-42.30789,-5.059235,4.701205,-0.4166392,0.5545185,0.3760056,0.6144435,wp1011_HandgunBullet_Get,natives/stm/leveldesign/itemset/chapter3/mainhouse_east/hard.scn.20,Weapon/wp1011_HandgunBullet/wp1011_HandgunBullet.mesh,Weapon/wp1011_HandgunBullet/wp1011.mdf2,
FALSE,,,HandgunBullet,TRUE,10,-1,-1,Madhouse,3,e28e076a-dc49-45ef-a187-5ca3678c1849,e31d9793-c4c3-0b29-15b5-490f1938bd1b,-32.8286,-5.251562,7.284778,0,0.6879606,0,0.7257481,wp1011_HandgunBullet_Get,natives/stm/leveldesign/itemset/chapter3/mainhouse_east/hard.scn.20,Weapon/wp1011_HandgunBullet/wp1011_HandgunBullet.mesh,Weapon/wp1011_HandgunBullet/wp1011.mdf2,
FALSE,,,HandgunBullet,TRUE,6,-1,-1,Madhouse,3,c21561bb-2aca-44fd-84b5-15e067916284,c386f142-3240-0a3b-3087-004c1925c7d6,-7.810399,-7.602743,18.49138,0,0.7296938,0,0.6837741,_wp1011_HandgunBullet_Get,natives/stm/leveldesign/itemset/chapter3/mainhouse_east/hard.scn.20,Weapon/wp1011_HandgunBullet/wp1011_HandgunBullet.mesh,Weapon/wp1011_HandgunBullet/wp1011.mdf2,
FALSE,,,HandgunBullet,TRUE,6,-1,-1,Madhouse,3,7b4199d9-2978-4f40-ad89-8b6c3810d19c,7ad20920-31f2-0186-19bb-9ec046a474ce,-18.52862,0.0009586811,-0.2089987,0,0,0,1,_wp1011_HandgunBullet_Get,natives/stm/leveldesign/itemset/chapter3/mainhouse_east/hard.scn.20,Weapon/wp1011_HandgunBullet/wp1011_HandgunBullet.mesh,Weapon/wp1011_HandgunBullet/wp1011.mdf2,
FALSE,,,HandgunBullet,TRUE,10,-1,-1,Madhouse,3,2ceb8b02-3d68-4559-b561-e7d21150c9f4,2d781bfb-25e2-0b9f-0153-f27e6fe46ca6,-31.17235,-4.348834,17.0725,0,-0.2734026,0,0.9618997,wp1011_HandgunBullet_Get,natives/stm/leveldesign/itemset/chapter3/mainhouse_east/hard.scn.20,Weapon/wp1011_HandgunBullet/wp1011_HandgunBullet.mesh,Weapon/wp1011_HandgunBullet/wp1011.mdf2,
FALSE,,,HandgunBullet,TRUE,5,-1,-1,,3,3e6a9272-9495-44b5-963e-299206d95e16,3ff9028b-8c1f-0a73-220c-3c3e786dfb44,-4.648896,0.004823029,5.22007,0.01030881,-0.7070318,0.01030881,0.7070315,wp1011_HandgunBullet_Get,natives/stm/environment/scene/chapter3/c03_mainhouse1fliving.scn.20,Weapon/wp1011_HandgunBullet/wp1011_HandgunBullet.mesh,Weapon/wp1011_HandgunBullet/wp1011.mdf2,
FALSE,,,HandgunBullet,TRUE,10,-1,-1,Madhouse,3,6f3733d4-5602-4352-add6-8956c6aa6c54,6ea4a32d-4e88-0d94-19e4-9cfab81ec906,29.08321,4.992281,18.6705,0,0,0,1,wp1011_HandgunBullet_Get,natives/stm/leveldesign/itemset/chapter3/lucasarea/hard.scn.20,Weapon/wp1011_HandgunBullet/wp1011_HandgunBullet.mesh,Weapon/wp1011_HandgunBullet/wp1011.mdf2,
FALSE,,,HandgunBullet,TRUE,10,-1,-1,Madhouse,3,d955f5ab-aff9-41b5-8ebe-60166bffee58,d8c66552-b773-0f73-3a8c-75ba154b4b0a,45.26696,4.013221,25.64223,0,-0.6924195,0,0.7214952,wp1011_HandgunBullet_Get,natives/stm/leveldesign/itemset/chapter3/lucasarea/hard.scn.20,Weapon/wp1011_HandgunBullet/wp1011_HandgunBullet.mesh,Weapon/wp1011_HandgunBullet/wp1011.mdf2,
FALSE,,,HandgunBullet,TRUE,5,-1,-1,Madhouse,3,8673f942-32b4-4d69-9ba3-7792721f200b,87e069bb-2a3e-03af-2f91-623e0cab8559,36.6075,5.180277,20.40457,0,-0.6313211,0,0.7755216,wp1011_HandgunBullet_Get,natives/stm/leveldesign/itemset/chapter3/lucasarea/hard.scn.20,Weapon/wp1011_HandgunBullet/wp1011_HandgunBullet.mesh,Weapon/wp1011_HandgunBullet/wp1011.mdf2,
FALSE,,,HandgunBullet,TRUE,10,-1,-1,Madhouse,3,d011e131-bec1-46e6-add5-6e543227905c,d18271c8-a64b-0820-19e7-7bf84c93350e,3.660541,-0.7151923,36.9165,0,0,-0.2253182,0.9742852,wp1011_HandgunBullet_Get,natives/stm/leveldesign/itemset/chapter3/gardenarea/hard.scn.20,Weapon/wp1011_HandgunBullet/wp1011_HandgunBullet.mesh,Weapon/wp1011_HandgunBullet/wp1011.mdf2,
FALSE,,,HandgunBullet,TRUE,15,-1,-1,Normal,3,3048e44e-b24e-4c76-bcd0-2b960e19a766,353dc29a-3ed7-42b9-93c2-709bdbefc8fd,38.33088,1.755766,77.77845,0,0.2737875,0,0.9617902,_wp1011_HandgunBullet_Get,natives/stm/leveldesign/itemset/chapter3/greenhouse/normal.scn.20,Weapon/wp1011_HandgunBullet/wp1011_HandgunBullet.mesh,Weapon/wp1011_HandgunBullet/wp1011.mdf2,
FALSE,,,HandgunBullet,TRUE,10,-1,-1,Madhouse,3,9a21632c-11af-4539-b728-2f11a93f7706,9bb2f3d5-0925-0bff-031a-3abdd78bd254,59.52089,-2.209436,98.20547,0,0.5001959,0,0.8659123,wp1011_HandgunBullet_Get,natives/stm/leveldesign/itemset/chapter3/boatshed/hard.scn.20,Weapon/wp1011_HandgunBullet/wp1011_HandgunBullet.mesh,Weapon/wp1011_HandgunBullet/wp1011.mdf2,
FALSE,,,HandgunBullet,TRUE,10,-1,-1,Madhouse,3,e4b621b7-915f-4a9a-9414-100a303df290,e525b14e-89d5-045c-2026-05a64e8957c2,108.4175,-2.836822,73.63445,0,0.4051878,0,0.9142335,wp1011_HandgunBullet_Get,natives/stm/leveldesign/itemset/chapter3/boatshed/hard.scn.20,Weapon/wp1011_HandgunBullet/wp1011_HandgunBullet.mesh,Weapon/wp1011_HandgunBullet/wp1011.mdf2,
FALSE,,,HandgunBullet,TRUE,5,-1,-1,Madhouse,3,3c32df73-0938-4ebe-9e45-e850b3d78e1c,3da14f8a-11b2-0078-2a77-fdfccd632b4e,8.351192,0.001127362,-1.126025,0,0.4320285,0,0.9018599,wp1011_HandgunBullet_Get,natives/stm/leveldesign/itemset/chapter3/mainhouse_west/hard.scn.20,Weapon/wp1011_HandgunBullet/wp1011_HandgunBullet.mesh,Weapon/wp1011_HandgunBullet/wp1011.mdf2,
FALSE,,,HandgunBullet,TRUE,10,-1,-1,Madhouse,3,c26d9ebb-16e9-49f4-9e94-039e7d354485,c3fe0e42-0e63-0732-2aa6-16320381e1d7,10.09474,7.976724,2.297531,0,0,0,1,wp1011_HandgunBullet_Get,natives/stm/leveldesign/itemset/chapter3/mainhouse_west/hard.scn.20,Weapon/wp1011_HandgunBullet/wp1011_HandgunBullet.mesh,Weapon/wp1011_HandgunBullet/wp1011.mdf2,
FALSE,,,HandgunBullet,TRUE,10,-1,-1,Madhouse,3,1115a66b-5a42-45ce-be2a-ffa581e40b2c,10863692-42c8-0b08-0a18-ea09ff50ae7e,25.91805,4.589536,10.90693,0,0,0,1,wp1011_HandgunBullet_Get,natives/stm/leveldesign/itemset/chapter3/mainhouse_west/hard.scn.20,Weapon/wp1011_HandgunBullet/wp1011_HandgunBullet.mesh,Weapon/wp1011_HandgunBullet/wp1011.mdf2,
FALSE,,,FlameBulletS,TRUE,1,-1,-1,,7,30df9797-4b1d-4215-a91f-9434cb7dec8b,6d29c907-63f5-07fd-1777-20f42c6d9b10,33.42775,1.953767,8.291829,0,-0.3826834,0,0.9238796,wp1111_FlameBullet_Get,natives/stm/scenes/birthday/stage3/stage3_setb.scn.20,Weapon/wp1111_FlameBullet/wp1111_FlameBullet.mesh,Weapon/wp1111_FlameBullet/wp1111.mdf2,Jacks55thBirthday
FALSE,,,HandgunBullet,TRUE,10,-1,-1,Normal,3,b9ff97a2-0964-4038-9e28-f2ecdcd888ea,6eea154b-9fe8-48a1-b432-125625ba8f56,44.68303,5.335252,27.55729,0.5025669,0.5297872,0.4979607,0.467747,_wp1011_HandgunBullet_Get,natives/stm/leveldesign/itemset/chapter3/lucasarea/normal.scn.20,Weapon/wp1011_HandgunBullet/wp1011_HandgunBullet.mesh,Weapon/wp1011_HandgunBullet/wp1011.mdf2,
FALSE,,,HandgunBullet,TRUE,10,-1,-1,Normal,3,3e31aa21-8bec-46a3-91b7-95e3fe9ad6e1,69dcd3b7-cb2a-4e69-842f-f5f9f5f4062d,32.56967,-0.6285452,47.40686,0,0.1744887,0,0.9846592,wp1011_HandgunBullet_Get,natives/stm/leveldesign/itemset/chapter3/boatshed/normal.scn.20,Weapon/wp1011_HandgunBullet/wp1011_HandgunBullet.mesh,Weapon/wp1011_HandgunBullet/wp1011.mdf2,
FALSE,,,HandgunBullet,TRUE,20,-1,-1,Normal,3,ea7f4660-105d-4c71-baf0-1ed7d980a9a3,341b7e67-cbdb-4e4f-9e1b-5953e989c228,117.3211,-3.641069,66.95133,0,0.5769669,0,0.8167675,wp1011_HandgunBullet_Get,natives/stm/leveldesign/itemset/chapter3/boatshed/normal.scn.20,Weapon/wp1011_HandgunBullet/wp1011_HandgunBullet.mesh,Weapon/wp1011_HandgunBullet/wp1011.mdf2,
FALSE,,,HandgunBullet,TRUE,10,-1,-1,Normal,3,a8f6f110-b7b3-4c92-870b-49189c82ae9d,cb329113-df2a-4824-b473-4791f9335d85,13.94077,4.068524,6.088716,0,-0.2323986,0,0.9726207,wp1011_HandgunBullet_Get,natives/stm/leveldesign/itemset/chapter3/mainhouse_west/normal.scn.20,Weapon/wp1011_HandgunBullet/wp1011_HandgunBullet.mesh,Weapon/wp1011_HandgunBullet/wp1011.mdf2,
FALSE,,,HandgunBullet,TRUE,8,-1,-1,Normal,3,ea6086fa-a847-4dd0-86d0-effd55fade49,17bd614d-1ff9-4050-b7d9-c591bf9d87da,-33.03138,-5.802011,6.169001,-5.80E-08,0.9086652,-5.80E-08,0.4175255,_wp1011_HandgunBullet_Get,natives/stm/leveldesign/itemset/chapter3/mainhouse_east/normal.scn.20,Weapon/wp1011_HandgunBullet/wp1011_HandgunBullet.mesh,Weapon/wp1011_HandgunBullet/wp1011.mdf2,
FALSE,,,HandgunBullet,TRUE,4,-1,-1,Normal,3,a651cec2-4354-481f-a438-0a1c85ec7d8b,a7c25e3b-5bde-06d9-100a-1fb0fb58d8d9,-17.50961,0.07660997,-4.688805,0,0,0,1,wp1011_HandgunBullet_Get,natives/stm/leveldesign/itemset/chapter3/mainhouse_east/normal.scn.20,Weapon/wp1011_HandgunBullet/wp1011_HandgunBullet.mesh,Weapon/wp1011_HandgunBullet/wp1011.mdf2,
FALSE,,,HandgunBullet,TRUE,20,-1,-1,Madhouse,3,83760ac0-68bd-4a4b-9253-4860b9228c3a,82e59a39-7037-048d-2661-5dccc7962968,87.80391,-0.9230074,-2.504976,0,0.4607477,0,0.8875312,wp1011_HandgunBullet_Get,natives/stm/leveldesign/itemset/chapter3/cowshed/hard.scn.20,Weapon/wp1011_HandgunBullet/wp1011_HandgunBullet.mesh,Weapon/wp1011_HandgunBullet/wp1011.mdf2,
FALSE,,,HandgunBulletL,TRUE,30,-1,-1,Madhouse,3,61d997d9-3ef6-4dd5-921f-f291d5bd8d54,90afa7d4-186b-0945-3aa9-ab47adafb066,0,0,0,0,0,0,1,wp1013_HandgunBulletStrong_Get,natives/stm/leveldesign/itemset/chapter3/mainhouse_east/hard.scn.20,Weapon/wp1013_HandgunBulletStrong/wp1013_HandgunBulletStrong.mesh,Weapon/wp1013_HandgunBulletStrong/wp1013.mdf2,
FALSE,,,HandgunBulletL,TRUE,4,-1,-1,Madhouse,3,bcbda1d2-5d25-4349-869c-df0a55dbe448,4dcb91df-7bb8-07d9-2e2a-86dc2dc9d97a,-12.46993,0.452974,-7.581252,0,0.3407088,0,0.9401689,wp1013_HandgunBulletStrong_Get,natives/stm/leveldesign/itemset/chapter3/mainhouse_east/hard.scn.20,Weapon/wp1013_HandgunBulletStrong/wp1013_HandgunBulletStrong.mesh,Weapon/wp1013_HandgunBulletStrong/wp1013.mdf2,
FALSE,,,HandgunBulletL,TRUE,4,-1,-1,Madhouse,3,9ba2be56-cff7-43cc-8949-d3067836a76b,6ad48e5b-e96a-075c-21ff-8ad000249a59,-12.57507,-5.249791,11.51523,0,0,0,1,wp1013_HandgunBulletStrong_Get,natives/stm/leveldesign/itemset/chapter3/mainhouse_east/hard.scn.20,Weapon/wp1013_HandgunBulletStrong/wp1013_HandgunBulletStrong.mesh,Weapon/wp1013_HandgunBulletStrong/wp1013.mdf2,
FALSE,,,HandgunBulletL,TRUE,10,-1,-1,Madhouse,3,ba3ada93-af85-4991-8752-1fc26bd2c773,4b4cea9e-8918-0d01-2fe4-461413c0fa41,115.8596,-4.747425,67.96872,0,0,0,1,wp1013_HandgunBulletStrong_Get,natives/stm/leveldesign/itemset/chapter3/boatshed/hard.scn.20,Weapon/wp1013_HandgunBulletStrong/wp1013_HandgunBulletStrong.mesh,Weapon/wp1013_HandgunBulletStrong/wp1013.mdf2,
FALSE,,,food001,TRUE,1,-1,-1,,7,e4724bb7-6f9a-450e-80d7-2d6d82f30e6e,2d5e99d8-bb59-48c9-b249-c16d997901de,16.11071,0.1531332,6.231582,0.6768436,0.2042304,-0.2043009,0.6770774,food001,natives/stm/scenes/birthday/stage1/stage1_setb.scn.20,Props/sm0835_CookingtoolsMilll01A/sm0835_CookingtoolsMilll01A.mesh,Props/sm0835_CookingtoolsMilll01A/sm0835_CookingtoolsMilll01A.mdf2,Jacks55thBirthday
FALSE,,,food001,TRUE,1,-1,-1,,7,a2b2eff5-e166-483a-af21-5c39f2a1ebfa,3942b4ec-ace9-04e4-123e-b7649b1f62d3,-18.86255,-5.334774,18.43196,0,0,0,1,food001,natives/stm/scenes/birthday/stage1/stage1_setb.scn.20,Props/sm0835_CookingtoolsMilll01A/sm0835_CookingtoolsMilll01A.mesh,Props/sm0835_CookingtoolsMilll01A/sm0835_CookingtoolsMilll01A.mdf2,Jacks55thBirthday
FALSE,,,food001,TRUE,1,-1,-1,,7,85d44a05-b292-43fb-9870-7dab7100465c,6c0ae3de-c77f-424b-b66a-97d5d42f1277,37.13353,4.8126,35.04937,0,0,0,1,spice,natives/stm/scenes/birthday/stage2/stage2_setb.scn.20,Props/sm0835_CookingtoolsMilll01A/sm0835_CookingtoolsMilll01A.mesh,Props/sm0835_CookingtoolsMilll01A/sm0835_CookingtoolsMilll01A.mdf2,Jacks55thBirthday
FALSE,,,food001,TRUE,1,-1,-1,,7,df289234-1976-42b6-a2bb-da0e2fa30211,13077bb3-ff83-4415-9ceb-8eddd4f392e0,67.92928,1.672645,-16.47342,-2.98E-08,-8.88E-16,-2.65E-23,1,spice,natives/stm/scenes/birthday/stage2/stage2_setb.scn.20,Props/sm0835_CookingtoolsMilll01A/sm0835_CookingtoolsMilll01A.mesh,Props/sm0835_CookingtoolsMilll01A/sm0835_CookingtoolsMilll01A.mdf2,Jacks55thBirthday
FALSE,,,food001,TRUE,1,-1,-1,,7,ad2c7185-b463-466e-98ff-c4e8f4cb3b66,92080ce6-1a1e-41a5-97b2-69166ef11402,53.48573,0.4609354,38.77076,0,0,0,1,spice,natives/stm/scenes/birthday/stage2/stage2_setb.scn.20,Props/sm0835_CookingtoolsMilll01A/sm0835_CookingtoolsMilll01A.mesh,Props/sm0835_CookingtoolsMilll01A/sm0835_CookingtoolsMilll01A.mdf2,Jacks55thBirthday
FALSE,,,food001,TRUE,1,-1,-1,,7,52fc47df-2c67-4f2a-992b-2bb2c9ec345b,c1e8898a-ea4f-43d4-ada6-fd13f1ba1aa3,-11.15163,5.454699,-1.484379,0,0,0,1,food001,natives/stm/scenes/birthday/stage3/stage3_seta.scn.20,Props/sm0835_CookingtoolsMilll01A/sm0835_CookingtoolsMilll01A.mesh,Props/sm0835_CookingtoolsMilll01A/sm0835_CookingtoolsMilll01A.mdf2,Jacks55thBirthday
FALSE,,,food001,TRUE,1,-1,-1,,7,db565539-6399-479b-b4c0-a06863e04c8a,7d2dcea8-6267-445e-a902-c499b3d9fc1f,-9.33224,4.899455,2.708217,0,0,0,1,food001,natives/stm/scenes/birthday/stage3/stage3_seta.scn.20,Props/sm0835_CookingtoolsMilll01A/sm0835_CookingtoolsMilll01A.mesh,Props/sm0835_CookingtoolsMilll01A/sm0835_CookingtoolsMilll01A.mdf2,Jacks55thBirthday
FALSE,,,food001,TRUE,1,-1,-1,,7,791d6624-b59e-43fc-83d9-a27c1a845e6e,ce66a1c4-db2a-4aae-9b41-cc4c8c41f657,-9.714712,0.98107,9.210948,0,1,0,-4.37E-08,food001,natives/stm/scenes/birthday/stage3/stage3_seta.scn.20,Props/sm0835_CookingtoolsMilll01A/sm0835_CookingtoolsMilll01A.mesh,Props/sm0835_CookingtoolsMilll01A/sm0835_CookingtoolsMilll01A.mdf2,Jacks55thBirthday
FALSE,,,food001,TRUE,1,-1,-1,,7,01e0706d-3c0d-4809-ae3e-4ff787aa1526,e782ae70-07f3-4771-9c2b-a77339dda709,-11.52465,0.9810703,-1.395448,0,0,0,1,food001,natives/stm/scenes/birthday/stage3/stage3_seta.scn.20,Props/sm0835_CookingtoolsMilll01A/sm0835_CookingtoolsMilll01A.mesh,Props/sm0835_CookingtoolsMilll01A/sm0835_CookingtoolsMilll01A.mdf2,Jacks55thBirthday
FALSE,,,food001,TRUE,1,-1,-1,,7,79826958-e6b7-4192-b322-7a69ae0eaf94,efa45f06-2c36-4d4b-be01-dba2f63461b7,17.74426,0.9084181,8.975258,0,1,0,-4.37E-08,food001,natives/stm/scenes/birthday/stage3/stage3_seta.scn.20,Props/sm0835_CookingtoolsMilll01A/sm0835_CookingtoolsMilll01A.mesh,Props/sm0835_CookingtoolsMilll01A/sm0835_CookingtoolsMilll01A.mdf2,Jacks55thBirthday
FALSE,,,food001,TRUE,1,-1,-1,,7,c5e4f73d-6ab1-4093-907f-68af35884136,1a231dc4-ecc1-4ee6-9379-38812b2f4e3b,32.53409,-0.4378408,-7.676267,0,0,0,1,food001,natives/stm/scenes/birthday/stage3/stage3_seta.scn.20,Props/sm0835_CookingtoolsMilll01A/sm0835_CookingtoolsMilll01A.mesh,Props/sm0835_CookingtoolsMilll01A/sm0835_CookingtoolsMilll01A.mdf2,Jacks55thBirthday
FALSE,,,food001,TRUE,1,-1,-1,,7,521d3bfe-1518-4bf9-a00c-e38fad085572,48ac53d0-24bc-4692-9d16-921afd4444b2,74.99005,-0.6206234,-8.006105,0,0,0,1,spice3,natives/stm/scenes/birthday/stage2/stage2_seta.scn.20,Props/sm0835_CookingtoolsMilll01A/sm0835_CookingtoolsMilll01A.mesh,Props/sm0835_CookingtoolsMilll01A/sm0835_CookingtoolsMilll01A.mdf2,Jacks55thBirthday
FALSE,,,food001,TRUE,1,-1,-1,,7,284b75bc-ec7f-4f70-b7fc-dac32583b15e,bf216fc2-e907-4311-80b1-101a4a572621,40.22956,4.894768,35.18182,0,0,0,1,spice2,natives/stm/scenes/birthday/stage2/stage2_seta.scn.20,Props/sm0835_CookingtoolsMilll01A/sm0835_CookingtoolsMilll01A.mesh,Props/sm0835_CookingtoolsMilll01A/sm0835_CookingtoolsMilll01A.mdf2,Jacks55thBirthday
FALSE,,,food001,TRUE,1,-1,-1,,7,27072d39-c483-4b07-9bd7-11b166bc6312,67e8ba59-a8bb-4910-ab74-8938acfc797d,87.93629,2.691297,3.701342,0,0,0,1,spice,natives/stm/scenes/birthday/stage2/stage2_seta.scn.20,Props/sm0835_CookingtoolsMilll01A/sm0835_CookingtoolsMilll01A.mesh,Props/sm0835_CookingtoolsMilll01A/sm0835_CookingtoolsMilll01A.mdf2,Jacks55thBirthday
FALSE,,,food001,TRUE,1,-1,-1,,7,87f4da76-e605-4228-b468-cfaac303c1a3,91686642-5072-4a37-b556-cfc645d68dea,18.11586,0.9996158,8.702301,0,0,0,1,food001,natives/stm/scenes/birthday/stage1/stage1_seta.scn.20,Props/sm0835_CookingtoolsMilll01A/sm0835_CookingtoolsMilll01A.mesh,Props/sm0835_CookingtoolsMilll01A/sm0835_CookingtoolsMilll01A.mdf2,Jacks55thBirthday
FALSE,,,food001,TRUE,1,-1,-1,,7,3bbb951a-0a6f-4116-a2f1-fd645282f02c,b0e50de8-9852-467f-b254-f833500593fe,18.23329,0.9996158,8.275173,0,0,0,1,food001,natives/stm/scenes/birthday/stage1/stage1_seta.scn.20,Props/sm0835_CookingtoolsMilll01A/sm0835_CookingtoolsMilll01A.mesh,Props/sm0835_CookingtoolsMilll01A/sm0835_CookingtoolsMilll01A.mdf2,Jacks55thBirthday
FALSE,,,food001,TRUE,1,-1,-1,,7,38279520-9b59-4709-944f-ec46458fa30e,c5e13f33-4c9b-4fd5-814c-1f3b5358ab80,9.043014,0.6220269,7.468813,0,0,0,1,food001,natives/stm/scenes/birthday/stage1/stage1_seta.scn.20,Props/sm0835_CookingtoolsMilll01A/sm0835_CookingtoolsMilll01A.mesh,Props/sm0835_CookingtoolsMilll01A/sm0835_CookingtoolsMilll01A.mdf2,Jacks55thBirthday
FALSE,,,food001,TRUE,1,-1,-1,,7,8cd2eadc-6eb7-484a-832f-b5ad99eb7d3e,486073f9-1006-48d2-b9bd-7fc4bfc712b1,7.71735,7.299503,7.244467,0,0,0,1,food001,natives/stm/scenes/birthday/stage1/stage1_seta.scn.20,Props/sm0835_CookingtoolsMilll01A/sm0835_CookingtoolsMilll01A.mesh,Props/sm0835_CookingtoolsMilll01A/sm0835_CookingtoolsMilll01A.mdf2,Jacks55thBirthday
FALSE,,,food001,TRUE,1,-1,-1,,7,0abdd317-3d3d-4e0c-a88d-b4a7b393300a,27af1364-aa9e-4b70-adfa-e7c548b6172b,16.27789,6.512857,18.65835,0,0,0,1,food001,natives/stm/scenes/birthday/stage1/stage1_seta.scn.20,Props/sm0835_CookingtoolsMilll01A/sm0835_CookingtoolsMilll01A.mesh,Props/sm0835_CookingtoolsMilll01A/sm0835_CookingtoolsMilll01A.mdf2,Jacks55thBirthday
FALSE,,,food001,TRUE,1,-1,-1,,7,a0fcb529-a15d-4067-a354-0787ca0e6a5b,ed89ccb6-0422-45f1-8c19-925aef5150bc,8.012795,7.302781,7.20338,0,0,0,1,food001,natives/stm/scenes/birthday/stage1/stage1_seta.scn.20,Props/sm0835_CookingtoolsMilll01A/sm0835_CookingtoolsMilll01A.mesh,Props/sm0835_CookingtoolsMilll01A/sm0835_CookingtoolsMilll01A.mdf2,Jacks55thBirthday
FALSE,,,food001,TRUE,1,-1,-1,,7,2e1652b6-8563-4130-b71f-749d9ef16192,13a9bf36-074d-4981-99af-1fbe9fb05ea7,-35.22429,-3.957908,10.62565,0,-0.7071068,0,0.7071068,food001,natives/stm/scenes/birthday/stage3/stage3_setb.scn.20,Props/sm0835_CookingtoolsMilll01A/sm0835_CookingtoolsMilll01A.mesh,Props/sm0835_CookingtoolsMilll01A/sm0835_CookingtoolsMilll01A.mdf2,Jacks55thBirthday
FALSE,,,food001,TRUE,1,-1,-1,,7,6aff1a32-5223-4920-affa-b47b92829cd7,ac8794a4-756e-4a13-9961-5cc243f1c4ec,-15.88435,-4.334032,15.08345,0,0.7071068,0,0.7071068,food001,natives/stm/scenes/birthday/stage3/stage3_setb.scn.20,Props/sm0835_CookingtoolsMilll01A/sm0835_CookingtoolsMilll01A.mesh,Props/sm0835_CookingtoolsMilll01A/sm0835_CookingtoolsMilll01A.mdf2,Jacks55thBirthday
FALSE,,,food001,TRUE,1,-1,-1,,7,1c701434-18cd-49d0-8885-d2557b162106,715ff298-feb0-4507-93a6-1bc3bc924321,-33.47586,-5.249307,21.69988,0,0.8953357,0,-0.445392,food001,natives/stm/scenes/birthday/stage3/stage3_setb.scn.20,Props/sm0835_CookingtoolsMilll01A/sm0835_CookingtoolsMilll01A.mesh,Props/sm0835_CookingtoolsMilll01A/sm0835_CookingtoolsMilll01A.mdf2,Jacks55thBirthday
FALSE,,,food001,TRUE,1,-1,-1,,7,122c2d7f-e2de-45b2-b55f-4acc5d3bd873,268b9ad4-bb62-40e9-8336-0e14004aab58,10.12298,8.885762,2.531384,0,0,0,1,food001,natives/stm/scenes/birthday/stage3/stage3_setb.scn.20,Props/sm0835_CookingtoolsMilll01A/sm0835_CookingtoolsMilll01A.mesh,Props/sm0835_CookingtoolsMilll01A/sm0835_CookingtoolsMilll01A.mdf2,Jacks55thBirthday
FALSE,,,food001,TRUE,1,-1,-1,,7,1959557f-98b4-4f94-8ae0-08017b3bca3e,10fdaa11-f006-4cc2-812f-c7dc7a0d68ed,-5.190284,5.276436,10.43741,0,0.7071068,0,0.7071068,food001,natives/stm/scenes/birthday/stage3/stage3_setb.scn.20,Props/sm0835_CookingtoolsMilll01A/sm0835_CookingtoolsMilll01A.mesh,Props/sm0835_CookingtoolsMilll01A/sm0835_CookingtoolsMilll01A.mdf2,Jacks55thBirthday
FALSE,,,food001,TRUE,1,-1,-1,,7,23dfad73-2ecc-4e7b-a35f-0a8875bb6068,0fb47887-b482-468e-88a0-27a449d835b1,-19.09829,0.9765636,-0.3748821,0,1,0,-4.37E-08,food001,natives/stm/scenes/birthday/stage3/stage3_setb.scn.20,Props/sm0835_CookingtoolsMilll01A/sm0835_CookingtoolsMilll01A.mesh,Props/sm0835_CookingtoolsMilll01A/sm0835_CookingtoolsMilll01A.mdf2,Jacks55thBirthday
FALSE,,,food001,TRUE,1,-1,-1,,7,725305e2-020e-4d27-ac50-91c22aa01289,a2b7bb8b-edd7-42b2-a730-14a0e1a4b2d3,6.848759,0.9411657,-3.384092,0,0,0,1,food001,natives/stm/scenes/birthday/stage3/stage3_setb.scn.20,Props/sm0835_CookingtoolsMilll01A/sm0835_CookingtoolsMilll01A.mesh,Props/sm0835_CookingtoolsMilll01A/sm0835_CookingtoolsMilll01A.mdf2,Jacks55thBirthday
FALSE,,,food002,TRUE,1,-1,-1,,7,9fd0a47b-fd81-4718-a894-b14dddeda20c,a886f2a5-686b-4149-9b7d-28418c0fe807,-3.353567,1.401591,6.859581,0,0,0,1,food002,natives/stm/scenes/birthday/stage1/stage1_setb.scn.20,Props/sm0752_Pot05A/sm0752_Pot05A.mesh,Props/sm0752_Pot05A/sm0752_Pot05A.mdf2,Jacks55thBirthday
FALSE,,,food002,TRUE,1,-1,-1,,7,b5e294e8-0ce8-4ddf-9cb9-5afab7a418b3,8cd5e5ff-edb8-4ec2-93db-119ac7ecedc2,-18.86255,-5.769661,20.7912,0,0,0,1,food002,natives/stm/scenes/birthday/stage1/stage1_setb.scn.20,Props/sm0752_Pot05A/sm0752_Pot05A.mesh,Props/sm0752_Pot05A/sm0752_Pot05A.mdf2,Jacks55thBirthday
FALSE,,,food002,TRUE,1,-1,-1,,7,a2c7cf1f-ef43-4ca7-938f-63cad7b0c1ef,e956facb-9fff-4307-b43e-de707e08f119,65.83875,-0.3449926,0.9123122,0,0,0,1,sugar,natives/stm/scenes/birthday/stage2/stage2_setb.scn.20,Props/sm0752_Pot05A/sm0752_Pot05A.mesh,Props/sm0752_Pot05A/sm0752_Pot05A.mdf2,Jacks55thBirthday
FALSE,,,food002,TRUE,1,-1,-1,,7,89e8e680-4e2a-4ab6-a591-c8af37ab326b,9d4c9aee-f817-42e5-be66-28e5aed749da,52.00601,0.3407352,33.68708,0,0,0,1,sugar,natives/stm/scenes/birthday/stage2/stage2_setb.scn.20,Props/sm0752_Pot05A/sm0752_Pot05A.mesh,Props/sm0752_Pot05A/sm0752_Pot05A.mdf2,Jacks55thBirthday
FALSE,,,food002,TRUE,1,-1,-1,,7,cfd9ff05-2e54-47cb-b0f9-bb6e31aaa9e8,bb0b2c84-dc77-4305-aa6b-97e7c2b8d514,7.277293,5.235732,-2.281982,0,0.7071068,0,0.7071068,food002,natives/stm/scenes/birthday/stage3/stage3_seta.scn.20,Props/sm0752_Pot05A/sm0752_Pot05A.mesh,Props/sm0752_Pot05A/sm0752_Pot05A.mdf2,Jacks55thBirthday
FALSE,,,food002,TRUE,1,-1,-1,,7,2d40fdf8-ea0a-448d-8831-294471b82999,33868b12-7511-45eb-81c3-f1884878c843,-10.55233,0.9810704,9.164071,0,1,0,-4.37E-08,food002,natives/stm/scenes/birthday/stage3/stage3_seta.scn.20,Props/sm0752_Pot05A/sm0752_Pot05A.mesh,Props/sm0752_Pot05A/sm0752_Pot05A.mdf2,Jacks55thBirthday
FALSE,,,food002,TRUE,1,-1,-1,,7,e1c7caab-71f6-40b8-81ac-e5973d39d4dc,86573a52-58b8-4248-a004-e1dcf2e63759,-14.18362,1.029151,-3.88644,0,0,0,1,food002,natives/stm/scenes/birthday/stage3/stage3_seta.scn.20,Props/sm0752_Pot05A/sm0752_Pot05A.mesh,Props/sm0752_Pot05A/sm0752_Pot05A.mdf2,Jacks55thBirthday
FALSE,,,food002,TRUE,1,-1,-1,,7,cd0ec90e-7eb5-4611-9f9a-8abe1a4270b1,7756ae30-fbe0-469e-9712-843328787bbc,39.37785,-0.4378411,-7.627525,0,0,0,1,food002,natives/stm/scenes/birthday/stage3/stage3_seta.scn.20,Props/sm0752_Pot05A/sm0752_Pot05A.mesh,Props/sm0752_Pot05A/sm0752_Pot05A.mdf2,Jacks55thBirthday
FALSE,,,food002,TRUE,1,-1,-1,,7,47ff1cc6-bac5-4b96-8a09-4aa126cbf70a,286cd4de-542c-448a-abaf-4c01c393c06b,-20.23278,-5.159176,-0.3129869,0.65963,0.65963,-0.2547318,-0.2547317,food002,natives/stm/scenes/birthday/stage3/stage3_setb.scn.20,Props/sm0752_Pot05A/sm0752_Pot05A.mesh,Props/sm0752_Pot05A/sm0752_Pot05A.mdf2,Jacks55thBirthday
FALSE,,,food002,TRUE,1,-1,-1,,7,c77c9da8-533a-40c4-a5ab-c72f81e48b39,0bcf0031-8913-45ca-bb53-7a64ec27fd80,-1.997301,-6.359271,-2.381923,0,-0.7071068,0,0.7071068,food002,natives/stm/scenes/birthday/stage3/stage3_setb.scn.20,Props/sm0752_Pot05A/sm0752_Pot05A.mesh,Props/sm0752_Pot05A/sm0752_Pot05A.mdf2,Jacks55thBirthday
FALSE,,,food002,TRUE,1,-1,-1,,7,63a565da-b9bd-4de3-8ad9-6afb3d889ca8,c01a39aa-b01f-44dc-b19a-876c21faac11,-14.66903,-4.03797,10.17908,0,1,0,-4.37E-08,food002,natives/stm/scenes/birthday/stage3/stage3_setb.scn.20,Props/sm0752_Pot05A/sm0752_Pot05A.mesh,Props/sm0752_Pot05A/sm0752_Pot05A.mdf2,Jacks55thBirthday
FALSE,,,food002,TRUE,1,-1,-1,,7,94175176-e715-410e-81fa-06b30c6e3a9e,1784f514-5762-4747-843f-c591a9841282,-6.586568,-6.829602,22.59004,0,1,0,-4.37E-08,food002,natives/stm/scenes/birthday/stage3/stage3_setb.scn.20,Props/sm0752_Pot05A/sm0752_Pot05A.mesh,Props/sm0752_Pot05A/sm0752_Pot05A.mdf2,Jacks55thBirthday
FALSE,,,food002,TRUE,1,-1,-1,,7,a621566f-b9c5-40f7-9391-432d0c2acbe8,99c48b9a-a940-4124-abe1-dc06a40af416,-19.67827,-4.050344,9.836667,0,-0.7071068,0,0.7071068,food002,natives/stm/scenes/birthday/stage3/stage3_setb.scn.20,Props/sm0752_Pot05A/sm0752_Pot05A.mesh,Props/sm0752_Pot05A/sm0752_Pot05A.mdf2,Jacks55thBirthday
FALSE,,,food002,TRUE,1,-1,-1,,7,7b7732f3-898a-47af-b509-337a902189cf,afaef224-c29d-45d3-b0e6-a8e140e87da1,13.02042,9.187449,9.44819,0,-0.7071068,0,0.7071068,food002,natives/stm/scenes/birthday/stage3/stage3_setb.scn.20,Props/sm0752_Pot05A/sm0752_Pot05A.mesh,Props/sm0752_Pot05A/sm0752_Pot05A.mdf2,Jacks55thBirthday
FALSE,,,food002,TRUE,1,-1,-1,,7,3443fb94-85dd-473a-853b-f173d798a24c,a79cc88c-d9ca-45c7-ac25-8888763a6d5d,13.0561,9.187453,9.056433,0,-0.7071068,0,0.7071068,food002,natives/stm/scenes/birthday/stage3/stage3_setb.scn.20,Props/sm0752_Pot05A/sm0752_Pot05A.mesh,Props/sm0752_Pot05A/sm0752_Pot05A.mdf2,Jacks55thBirthday
FALSE,,,food002,TRUE,1,-1,-1,,7,4c9fc2b6-be75-437a-83f2-a34d21eb3449,dc3fd391-1de5-4c2f-806a-a53cadcdf175,12.39944,4.901675,11.47687,0,-0.7071068,0,0.7071068,food002,natives/stm/scenes/birthday/stage3/stage3_setb.scn.20,Props/sm0752_Pot05A/sm0752_Pot05A.mesh,Props/sm0752_Pot05A/sm0752_Pot05A.mdf2,Jacks55thBirthday
FALSE,,,food002,TRUE,1,-1,-1,,7,b92ac4ca-8b71-4eef-8ae5-7004e5fa8be7,9fb508fe-0f7b-44ba-8b7a-18903e85a563,18.96373,0.9034848,6.176682,0,0.7071068,0,0.7071068,food002,natives/stm/scenes/birthday/stage3/stage3_setb.scn.20,Props/sm0752_Pot05A/sm0752_Pot05A.mesh,Props/sm0752_Pot05A/sm0752_Pot05A.mdf2,Jacks55thBirthday
FALSE,,,food002,TRUE,1,-1,-1,,7,544afb87-f186-4f64-af8c-01fdb0c834c8,e207e0e2-adce-4fe9-90d3-94418b4e7402,10.77195,2.133152,5.326038,0,0,0,1,food002,natives/stm/scenes/birthday/stage3/stage3_setb.scn.20,Props/sm0752_Pot05A/sm0752_Pot05A.mesh,Props/sm0752_Pot05A/sm0752_Pot05A.mdf2,Jacks55thBirthday
FALSE,,,food002,TRUE,1,-1,-1,,7,2201450a-d658-4e27-911c-e8a15cfb1475,6210f85e-1c13-4269-ad5c-67640b631994,11.01708,2.133152,5.326038,0,0,0,1,food002,natives/stm/scenes/birthday/stage3/stage3_setb.scn.20,Props/sm0752_Pot05A/sm0752_Pot05A.mesh,Props/sm0752_Pot05A/sm0752_Pot05A.mdf2,Jacks55thBirthday
FALSE,,,food002,TRUE,1,-1,-1,,7,15b7a7b0-a453-441e-b75d-3169c96efc02,2c1473b6-5597-4672-9e54-cabd7add0e63,28.85856,1.141456,8.618873,0,0,0,1,food002,natives/stm/scenes/birthday/stage3/stage3_setb.scn.20,Props/sm0752_Pot05A/sm0752_Pot05A.mesh,Props/sm0752_Pot05A/sm0752_Pot05A.mdf2,Jacks55thBirthday
FALSE,,,food002,TRUE,1,-1,-1,,7,aec07414-3870-4c10-a695-00f08da9e17f,55a14ea5-1bfb-4483-be3b-002ab43d95b6,32.32796,-0.4311035,-7.629442,0,0,0,1,food002,natives/stm/scenes/birthday/stage3/stage3_setb.scn.20,Props/sm0752_Pot05A/sm0752_Pot05A.mesh,Props/sm0752_Pot05A/sm0752_Pot05A.mdf2,Jacks55thBirthday
FALSE,,,food002,TRUE,1,-1,-1,,7,e180b465-38b3-4e17-bb35-5083b53ff069,5c61a697-22fc-4ec8-b457-9f84172cd36c,32.53566,-0.4311035,-7.629442,0,0,0,1,food002,natives/stm/scenes/birthday/stage3/stage3_setb.scn.20,Props/sm0752_Pot05A/sm0752_Pot05A.mesh,Props/sm0752_Pot05A/sm0752_Pot05A.mdf2,Jacks55thBirthday
FALSE,,,food003,TRUE,1,-1,-1,,7,e25c9a8b-9c1a-4d85-8b34-42f1216e92a6,bec4bdc8-9a40-0cf6-0d78-18b34fe59b1c,6.021903,1.07044,8.704799,0,0,0,1,food003,natives/stm/scenes/birthday/stage1/stage1_setb.scn.20,Props/sm0060_Dish01G/sm0060_Dish01G.mesh,Props/sm0060_Dish01G/sm0060_Dish01G.mdf2,Jacks55thBirthday
FALSE,,,food003,TRUE,1,-1,-1,,7,a63fca64-3305-469a-8f13-a3d5dee37c21,68775a2e-86c4-491b-a76e-419c0cbe9180,53.22887,0.460936,38.8128,0,0,0,1,cheeze,natives/stm/scenes/birthday/stage2/stage2_setb.scn.20,Props/sm0060_Dish01G/sm0060_Dish01G.mesh,Props/sm0060_Dish01G/sm0060_Dish01G.mdf2,Jacks55thBirthday
FALSE,,,food003,TRUE,1,-1,-1,,7,133e5e11-0629-4b81-9078-391736c385eb,0c0bda05-0640-4f98-90cc-1adb8378ce91,37.3799,4.811457,35.20366,0,0,0,1,cheeze,natives/stm/scenes/birthday/stage2/stage2_setb.scn.20,Props/sm0060_Dish01G/sm0060_Dish01G.mesh,Props/sm0060_Dish01G/sm0060_Dish01G.mdf2,Jacks55thBirthday
FALSE,,,food003,TRUE,1,-1,-1,,7,6b078d9c-60f2-43b7-bb69-887c1d872c58,acef3268-a9f0-4c40-bb6b-f78de268e1f1,68.2572,1.666014,-16.31663,0,0,0,1,cheeze,natives/stm/scenes/birthday/stage2/stage2_setb.scn.20,Props/sm0060_Dish01G/sm0060_Dish01G.mesh,Props/sm0060_Dish01G/sm0060_Dish01G.mdf2,Jacks55thBirthday
FALSE,,,food003,TRUE,1,-1,-1,,7,8c6f2075-1587-421a-822d-6d7e9ecd9f50,b3d8ed36-af7c-4843-bc63-aed8e64afded,-13.18748,5.176734,-0.4729593,0,0.7071068,0,0.7071068,food003,natives/stm/scenes/birthday/stage3/stage3_seta.scn.20,Props/sm0060_Dish01G/sm0060_Dish01G.mesh,Props/sm0060_Dish01G/sm0060_Dish01G.mdf2,Jacks55thBirthday
FALSE,,,food003,TRUE,1,-1,-1,,7,d77a10de-a4fe-49a5-9052-7887d37dbccf,14331175-fa69-4388-9690-19cc7d1b80ce,-6.352432,4.799662,4.947128,0,-0.7071068,0,0.7071068,food003,natives/stm/scenes/birthday/stage3/stage3_seta.scn.20,Props/sm0060_Dish01G/sm0060_Dish01G.mesh,Props/sm0060_Dish01G/sm0060_Dish01G.mdf2,Jacks55thBirthday
FALSE,,,food003,TRUE,1,-1,-1,,7,c900e8f4-9066-482c-a3a2-208dc5e4495b,5c57213c-edd2-48ed-95c9-35fa06c2f0f4,13.01334,8.841991,9.522186,0,-0.7071068,0,0.7071068,food003,natives/stm/scenes/birthday/stage3/stage3_seta.scn.20,Props/sm0060_Dish01G/sm0060_Dish01G.mesh,Props/sm0060_Dish01G/sm0060_Dish01G.mdf2,Jacks55thBirthday
FALSE,,,food003,TRUE,1,-1,-1,,7,14b54f57-ff95-4e5d-8307-4f7a2812864c,25900805-5188-4c8f-b7e6-5ac71dd7ada3,-20.52036,0.5999978,-3.309824,0,0,0,1,food003,natives/stm/scenes/birthday/stage3/stage3_seta.scn.20,Props/sm0060_Dish01G/sm0060_Dish01G.mesh,Props/sm0060_Dish01G/sm0060_Dish01G.mdf2,Jacks55thBirthday
FALSE,,,food003,TRUE,1,-1,-1,,7,850a74aa-94e0-40ff-9e54-3b91d2dd5a23,c963eafd-dd63-427a-b333-399effe09455,20.62849,0.7923748,2.971579,0,0.5,0,0.8660254,food003,natives/stm/scenes/birthday/stage3/stage3_seta.scn.20,Props/sm0060_Dish01G/sm0060_Dish01G.mesh,Props/sm0060_Dish01G/sm0060_Dish01G.mdf2,Jacks55thBirthday
FALSE,,,food003,TRUE,1,-1,-1,,7,ac594ffa-1898-4ec4-9986-5d2c9bbb0fdb,cef4fbf9-98a4-44d5-a6e6-5e89a3573a49,30.45399,-0.8440814,2.018693,0,0.7071068,0,0.7071068,food003,natives/stm/scenes/birthday/stage3/stage3_seta.scn.20,Props/sm0060_Dish01G/sm0060_Dish01G.mesh,Props/sm0060_Dish01G/sm0060_Dish01G.mdf2,Jacks55thBirthday
FALSE,,,food003,TRUE,1,-1,-1,,7,858ec749-aa35-44b7-905b-13c3a9531854,ff08a12e-0fdd-42ba-ba3b-b5889b9a4fdf,45.89063,5.186732,26.35979,0,0.9943299,0,-0.106339,cheeze2,natives/stm/scenes/birthday/stage2/stage2_seta.scn.20,Props/sm0060_Dish01G/sm0060_Dish01G.mesh,Props/sm0060_Dish01G/sm0060_Dish01G.mdf2,Jacks55thBirthday
FALSE,,,food003,TRUE,1,-1,-1,,7,0e9ad3f4-7b78-43e6-80a8-b6482f9756ce,3ea2e7e9-eed5-413d-8dc6-0b9ffbaae305,88.08472,2.686154,3.550297,0,-0.02220606,0,0.9997534,cheeze,natives/stm/scenes/birthday/stage2/stage2_seta.scn.20,Props/sm0060_Dish01G/sm0060_Dish01G.mesh,Props/sm0060_Dish01G/sm0060_Dish01G.mdf2,Jacks55thBirthday
FALSE,,,food003,TRUE,1,-1,-1,,7,e633b66b-ba33-4b4e-b986-9ddfd76068e3,75b75f32-3f3d-417c-b6f2-f8957b66982c,-19.71814,-4.323113,-2.611963,0,0,0,1,food003,natives/stm/scenes/birthday/stage3/stage3_setb.scn.20,Props/sm0060_Dish01G/sm0060_Dish01G.mesh,Props/sm0060_Dish01G/sm0060_Dish01G.mdf2,Jacks55thBirthday
FALSE,,,food003,TRUE,1,-1,-1,,7,d0bc9177-fafc-45aa-8b42-f7873ec4ff82,1d23933d-32dc-48a2-af5e-31bb5577674e,-35.245,-4.25,11.06816,0,-0.7071068,0,0.7071068,food003,natives/stm/scenes/birthday/stage3/stage3_setb.scn.20,Props/sm0060_Dish01G/sm0060_Dish01G.mesh,Props/sm0060_Dish01G/sm0060_Dish01G.mdf2,Jacks55thBirthday
FALSE,,,food003,TRUE,1,-1,-1,,7,188ba47e-19f8-43e0-8320-4d8451d14f04,234dfe70-0d8a-407c-a54d-812d1418cb4e,-16.93616,-4.331657,16.41768,0,-0.7071068,0,0.7071068,food003,natives/stm/scenes/birthday/stage3/stage3_setb.scn.20,Props/sm0060_Dish01G/sm0060_Dish01G.mesh,Props/sm0060_Dish01G/sm0060_Dish01G.mdf2,Jacks55thBirthday
FALSE,,,food003,TRUE,1,-1,-1,,7,95599d27-87e7-4781-a225-a97df8adbc20,b0317c97-398e-41c8-8add-80c1b5f20a0d,9.018019,8.873721,1.034554,0,0.7071068,0,0.7071068,food003,natives/stm/scenes/birthday/stage3/stage3_setb.scn.20,Props/sm0060_Dish01G/sm0060_Dish01G.mesh,Props/sm0060_Dish01G/sm0060_Dish01G.mdf2,Jacks55thBirthday
FALSE,,,food003,TRUE,1,-1,-1,,7,0b4d1650-a3e7-479e-ade2-36609e914670,91037c38-2cd5-4fa8-aa57-bfdb95f9269c,22.76557,4.797599,12.65037,0,0.8660254,0,-0.5,food003,natives/stm/scenes/birthday/stage3/stage3_setb.scn.20,Props/sm0060_Dish01G/sm0060_Dish01G.mesh,Props/sm0060_Dish01G/sm0060_Dish01G.mdf2,Jacks55thBirthday
FALSE,,,food003,TRUE,1,-1,-1,,7,c5edb8ce-5b7d-4f91-9ac0-2ad30aadb445,e975312c-09c9-4324-ba81-810630acb459,-23.41398,0.8124638,-3.037795,0,0.7071068,0,0.7071068,food003,natives/stm/scenes/birthday/stage3/stage3_setb.scn.20,Props/sm0060_Dish01G/sm0060_Dish01G.mesh,Props/sm0060_Dish01G/sm0060_Dish01G.mdf2,Jacks55thBirthday
FALSE,,,food003,TRUE,1,-1,-1,,7,e9c72e86-80e9-483b-8745-9d7717fdb348,08fdd17f-a6cf-47a2-a042-c455de937e8e,-11.71925,0.9810677,-1.440414,0,0,0,1,food003,natives/stm/scenes/birthday/stage3/stage3_setb.scn.20,Props/sm0060_Dish01G/sm0060_Dish01G.mesh,Props/sm0060_Dish01G/sm0060_Dish01G.mdf2,Jacks55thBirthday
FALSE,,,food004,TRUE,1,-1,-1,,7,d09fe457-d9b8-4726-ab1c-49ac69a507f6,ed1c55cc-2261-4d1a-a8d2-de91482997d1,1.65853,-6.00427,12.73674,0,0,0,1,food004,natives/stm/scenes/birthday/stage1/stage1_setb.scn.20,Props/sm0769_FoodBottle01/sm0769_FoodBottle01.mesh,Props/sm0769_FoodBottle01/sm0769_FoodBottle01.mdf2,Jacks55thBirthday
FALSE,,,food004,TRUE,1,-1,-1,,7,88224b9f-bf3a-410b-9bf5-cc9b56b0738d,2639499c-b8bb-08f5-0fe0-3f00708f0f7b,1.772188,-6.00427,12.45502,0,0,0,1,food004,natives/stm/scenes/birthday/stage1/stage1_setb.scn.20,Props/sm0769_FoodBottle01/sm0769_FoodBottle01.mesh,Props/sm0769_FoodBottle01/sm0769_FoodBottle01.mdf2,Jacks55thBirthday
FALSE,,,food004,TRUE,1,-1,-1,,7,28bb74dd-72e0-4709-8c51-2178075e5dc2,9fc40a49-b35e-4d61-aad6-83fa09000002,85.4531,-0.6190118,-13.47419,0,-0.532205,0,0.8466156,beer,natives/stm/scenes/birthday/stage2/stage2_setb.scn.20,Props/sm0769_FoodBottle01/sm0769_FoodBottle01.mesh,Props/sm0769_FoodBottle01/sm0769_FoodBottle01.mdf2,Jacks55thBirthday
FALSE,,,food004,TRUE,1,-1,-1,,7,47a90d95-cb07-4151-ab40-273a62ae4291,67375523-e29a-4e48-b6cb-43c52318e84c,56.89106,2.651071,6.667601,0,0.9024675,0,0.4307579,beer,natives/stm/scenes/birthday/stage2/stage2_setb.scn.20,Props/sm0769_FoodBottle01/sm0769_FoodBottle01.mesh,Props/sm0769_FoodBottle01/sm0769_FoodBottle01.mdf2,Jacks55thBirthday
FALSE,,,food004,TRUE,1,-1,-1,,7,a628bcf1-efe3-4e4f-bf97-8e1ab30473ce,c2a68e82-bd8a-473d-9f55-f6613b0eac37,62.03604,-0.2566519,10.42653,0,-0.532205,0,0.8466156,beer,natives/stm/scenes/birthday/stage2/stage2_setb.scn.20,Props/sm0769_FoodBottle01/sm0769_FoodBottle01.mesh,Props/sm0769_FoodBottle01/sm0769_FoodBottle01.mdf2,Jacks55thBirthday
FALSE,,,food004,TRUE,1,-1,-1,,7,03599f91-9271-4fb3-87f3-bc9ac232022b,ef6edc07-65b4-4e5d-8ffa-6374dbf6d493,13.0798,9.187454,9.268925,0,-0.7071068,0,0.7071068,food004,natives/stm/scenes/birthday/stage3/stage3_seta.scn.20,Props/sm0769_FoodBottle01/sm0769_FoodBottle01.mesh,Props/sm0769_FoodBottle01/sm0769_FoodBottle01.mdf2,Jacks55thBirthday
FALSE,,,food004,TRUE,1,-1,-1,,7,b5681d2f-29fd-48d2-b5ee-48ae77d46c52,6ac45a21-f65e-473d-ac21-0a9b4278c2a4,16.00816,4.788858,8.147511,0,1,0,-4.37E-08,food004,natives/stm/scenes/birthday/stage3/stage3_seta.scn.20,Props/sm0769_FoodBottle01/sm0769_FoodBottle01.mesh,Props/sm0769_FoodBottle01/sm0769_FoodBottle01.mdf2,Jacks55thBirthday
FALSE,,,food004,TRUE,1,-1,-1,,7,fe11517b-cbf3-408a-8309-dd5fb20d621f,2860ca59-dabc-445c-bd8e-1415b173679d,-20.7456,0.5999967,-3.662311,0,1,0,-4.37E-08,food004,natives/stm/scenes/birthday/stage3/stage3_seta.scn.20,Props/sm0769_FoodBottle01/sm0769_FoodBottle01.mesh,Props/sm0769_FoodBottle01/sm0769_FoodBottle01.mdf2,Jacks55thBirthday
FALSE,,,food004,TRUE,1,-1,-1,,7,f1538fca-fcda-4797-960f-0b010961db05,1859ba97-5b65-4672-afdc-602ffa1e372b,20.65806,0.792376,3.579514,0,1,0,-4.37E-08,food004,natives/stm/scenes/birthday/stage3/stage3_seta.scn.20,Props/sm0769_FoodBottle01/sm0769_FoodBottle01.mesh,Props/sm0769_FoodBottle01/sm0769_FoodBottle01.mdf2,Jacks55thBirthday
FALSE,,,food004,TRUE,1,-1,-1,,7,6b45969e-6aed-42f5-83a7-45c7833450ed,ca7e0098-40b8-4433-bff0-3b59040a2012,36.8231,-0.9670342,-0.9638667,0,1,0,-4.37E-08,food004,natives/stm/scenes/birthday/stage3/stage3_seta.scn.20,Props/sm0769_FoodBottle01/sm0769_FoodBottle01.mesh,Props/sm0769_FoodBottle01/sm0769_FoodBottle01.mdf2,Jacks55thBirthday
FALSE,,,food004,TRUE,1,-1,-1,,7,4d62fce6-7ee9-4379-af34-0b1e33d000a9,5ac7b11e-cd3b-4225-a80a-71647ba4742c,85.27095,-0.6298161,-13.56928,-8.84E-09,0.8049558,-1.20E-08,0.5933347,beer5,natives/stm/scenes/birthday/stage2/stage2_seta.scn.20,Props/sm0769_FoodBottle01/sm0769_FoodBottle01.mesh,Props/sm0769_FoodBottle01/sm0769_FoodBottle01.mdf2,Jacks55thBirthday
FALSE,,,food004,TRUE,1,-1,-1,,7,3799fdf4-6834-46ea-997a-dd1593d498b0,740f2c8b-d57b-4d8e-9cbc-ca44c035d351,62.2351,-0.2591089,11.02767,0,0.6302465,0,0.7763951,beer4,natives/stm/scenes/birthday/stage2/stage2_seta.scn.20,Props/sm0769_FoodBottle01/sm0769_FoodBottle01.mesh,Props/sm0769_FoodBottle01/sm0769_FoodBottle01.mdf2,Jacks55thBirthday
FALSE,,,food004,TRUE,1,-1,-1,,7,370e9af2-266c-45b5-a55d-45ca7a16beb5,95f216d1-d1ae-4032-92d3-e535f65517f8,90.09678,-0.562243,6.220791,-1.26E-08,-0.5391282,8.03E-09,0.8422237,beer3,natives/stm/scenes/birthday/stage2/stage2_seta.scn.20,Props/sm0769_FoodBottle01/sm0769_FoodBottle01.mesh,Props/sm0769_FoodBottle01/sm0769_FoodBottle01.mdf2,Jacks55thBirthday
FALSE,,,food004,TRUE,1,-1,-1,,7,4b89b509-c67a-4c7c-8908-bab5686d0f51,80f35177-3196-4bbd-b742-4fa33106aba9,56.80085,2.651069,6.761443,0,0.42576,0,0.9048361,beer2,natives/stm/scenes/birthday/stage2/stage2_seta.scn.20,Props/sm0769_FoodBottle01/sm0769_FoodBottle01.mesh,Props/sm0769_FoodBottle01/sm0769_FoodBottle01.mdf2,Jacks55thBirthday
FALSE,,,food004,TRUE,1,-1,-1,,7,1181b72d-bfaf-4f62-a4b2-c481100ab1d4,9e663967-4515-4e14-bde4-a10d9dface3d,56.93025,2.65107,6.886288,0,0,0,1,beer,natives/stm/scenes/birthday/stage2/stage2_seta.scn.20,Props/sm0769_FoodBottle01/sm0769_FoodBottle01.mesh,Props/sm0769_FoodBottle01/sm0769_FoodBottle01.mdf2,Jacks55thBirthday
FALSE,,,food004,TRUE,1,-1,-1,,7,d5b4c865-7db4-466d-8260-6846f4418d6c,8b045ea9-e05c-4fdf-a19b-625f1adb1cad,-19.56829,-4.323113,-2.486665,0,0,0,1,food004,natives/stm/scenes/birthday/stage3/stage3_setb.scn.20,Props/sm0769_FoodBottle01/sm0769_FoodBottle01.mesh,Props/sm0769_FoodBottle01/sm0769_FoodBottle01.mdf2,Jacks55thBirthday
FALSE,,,food004,TRUE,1,-1,-1,,7,50ad5946-e8e4-4cd0-b633-f7574b7a645a,aca01c60-9056-45b5-b98e-0efc908bd851,-41.26454,-4.818636,11.56041,0,1,0,-4.37E-08,food004,natives/stm/scenes/birthday/stage3/stage3_setb.scn.20,Props/sm0769_FoodBottle01/sm0769_FoodBottle01.mesh,Props/sm0769_FoodBottle01/sm0769_FoodBottle01.mdf2,Jacks55thBirthday
FALSE,,,food004,TRUE,1,-1,-1,,7,f315ce8b-acfa-43dc-b8ff-eef1f1498aea,1e8b893b-1459-4bb9-aa67-4bddd4602cf7,-13.05581,4.898566,7.371189,0,0.7071068,0,0.7071068,food004,natives/stm/scenes/birthday/stage3/stage3_setb.scn.20,Props/sm0769_FoodBottle01/sm0769_FoodBottle01.mesh,Props/sm0769_FoodBottle01/sm0769_FoodBottle01.mdf2,Jacks55thBirthday
FALSE,,,food004,TRUE,1,-1,-1,,7,f1538fca-fcda-4797-960f-0b010961db05,1859ba97-5b65-4672-afdc-602ffa1e372b,20.65806,0.792376,3.579514,0,1,0,-4.37E-08,food004,natives/stm/scenes/birthday/stage3/stage3_setb.scn.20,Props/sm0769_FoodBottle01/sm0769_FoodBottle01.mesh,Props/sm0769_FoodBottle01/sm0769_FoodBottle01.mdf2,Jacks55thBirthday
FALSE,,,food004,TRUE,1,-1,-1,,7,5abdbdd1-ca14-4d4a-ad1a-b3e7a9360d70,55f1d6d4-cf76-4b58-a1eb-3bed47054127,20.95327,0.7923763,3.167038,0,0,0,1,food004,natives/stm/scenes/birthday/stage3/stage3_setb.scn.20,Props/sm0769_FoodBottle01/sm0769_FoodBottle01.mesh,Props/sm0769_FoodBottle01/sm0769_FoodBottle01.mdf2,Jacks55thBirthday
FALSE,,,food006,TRUE,1,-1,-1,,7,a3aa2127-fe79-4c90-9466-2e41590b897b,3e279b94-1009-482a-b722-e7b56f562c99,1.153021,0.8064682,8.155494,0,5.65E-08,0,1,food006,natives/stm/scenes/birthday/stage1/stage1_setb.scn.20,Props/sm1462_FoodBottle11B/sm1462_FoodBottle11B.mesh,Props/sm1462_FoodBottle11B/sm1462_FoodBottle11B.mdf2,Jacks55thBirthday
FALSE,,,food006,TRUE,1,-1,-1,,7,e8d369d3-29a9-4b65-8f1c-b948b719586b,9c3501a6-25de-065b-13b9-0de96a8f68ca,-2.644176,0.8137233,-2.939313,0,0,0,1,food006,natives/stm/scenes/birthday/stage1/stage1_setb.scn.20,Props/sm1462_FoodBottle11B/sm1462_FoodBottle11B.mesh,Props/sm1462_FoodBottle11B/sm1462_FoodBottle11B.mdf2,Jacks55thBirthday
FALSE,,,food006,TRUE,1,-1,-1,,7,c2528674-09a4-4a87-9549-cc4d24668f97,b2163cd7-60e5-4ab2-9d1c-d63b51f361e9,40.36975,0.2847631,24.87783,0,0.1948397,0,0.9808351,wine,natives/stm/scenes/birthday/stage2/stage2_setb.scn.20,Props/sm1462_FoodBottle11B/sm1462_FoodBottle11B.mesh,Props/sm1462_FoodBottle11B/sm1462_FoodBottle11B.mdf2,Jacks55thBirthday
FALSE,,,food006,TRUE,1,-1,-1,,7,7db94d85-7a50-4809-a610-018fe6aa9344,f472c184-0fe6-440c-aafa-46c757790f61,37.13163,4.812039,35.3926,0,0.7671144,0,0.6415103,wine,natives/stm/scenes/birthday/stage2/stage2_setb.scn.20,Props/sm1462_FoodBottle11B/sm1462_FoodBottle11B.mesh,Props/sm1462_FoodBottle11B/sm1462_FoodBottle11B.mdf2,Jacks55thBirthday
FALSE,,,food006,TRUE,1,-1,-1,,7,0a7aa1e2-9aeb-47dd-bf71-a1c689a94a16,6ecf0014-46a9-430a-a38b-31e7bf91c32b,87.41491,2.686153,3.418826,0,0.9993266,0,0.03669089,wine,natives/stm/scenes/birthday/stage2/stage2_setb.scn.20,Props/sm1462_FoodBottle11B/sm1462_FoodBottle11B.mesh,Props/sm1462_FoodBottle11B/sm1462_FoodBottle11B.mdf2,Jacks55thBirthday
FALSE,,,food006,TRUE,1,-1,-1,,7,e4d2f892-35f0-44c8-bf72-d54d8e759c76,aa4e9b29-1c2b-46bd-8b16-ef9c555d3a85,88.36131,2.686155,3.574296,0,0.9928647,0,0.1192468,wine,natives/stm/scenes/birthday/stage2/stage2_setb.scn.20,Props/sm1462_FoodBottle11B/sm1462_FoodBottle11B.mesh,Props/sm1462_FoodBottle11B/sm1462_FoodBottle11B.mdf2,Jacks55thBirthday
FALSE,,,food006,TRUE,1,-1,-1,,7,68ecae52-6474-423f-b7f9-d502ce1681a9,d4c72a51-b390-4d14-a9dc-f2fc4b7dd685,28.90866,4.464291,1.459726,-0.3367165,-0.6217894,-0.3367165,0.6217893,food006,natives/stm/scenes/birthday/stage3/stage3_seta.scn.20,Props/sm1462_FoodBottle11B/sm1462_FoodBottle11B.mesh,Props/sm1462_FoodBottle11B/sm1462_FoodBottle11B.mdf2,Jacks55thBirthday
FALSE,,,food006,TRUE,1,-1,-1,,7,598d20f8-dcd5-4f99-812a-09b69c511afa,99ad9b7e-89d4-4818-bc3f-a0a2a2193e99,-20.73287,0.5999954,-2.8325,0,0.7071068,0,0.7071068,food006,natives/stm/scenes/birthday/stage3/stage3_seta.scn.20,Props/sm1462_FoodBottle11B/sm1462_FoodBottle11B.mesh,Props/sm1462_FoodBottle11B/sm1462_FoodBottle11B.mdf2,Jacks55thBirthday
FALSE,,,food006,TRUE,1,-1,-1,,7,4fb13075-3a75-4afc-8eb5-cdaea7c332a1,1970afa6-eb3a-4869-b10b-312669972f2e,9.462109,1.392211,0.8172602,0,0.7071068,0,0.7071068,food006,natives/stm/scenes/birthday/stage3/stage3_seta.scn.20,Props/sm1462_FoodBottle11B/sm1462_FoodBottle11B.mesh,Props/sm1462_FoodBottle11B/sm1462_FoodBottle11B.mdf2,Jacks55thBirthday
FALSE,,,food006,TRUE,1,-1,-1,,7,424ec55a-6665-436c-85b4-e2cc5b1b95cc,3a05193a-98c7-4a65-80cc-02fff1f2e54b,40.32622,4.894768,35.07333,0,0.4347472,0,0.9005525,wine4,natives/stm/scenes/birthday/stage2/stage2_seta.scn.20,Props/sm1462_FoodBottle11B/sm1462_FoodBottle11B.mesh,Props/sm1462_FoodBottle11B/sm1462_FoodBottle11B.mdf2,Jacks55thBirthday
FALSE,,,food006,TRUE,1,-1,-1,,7,b9d729b8-7714-4d66-876c-be75ca0d7bac,c93dc3e2-b49f-4e14-982b-e8214b993c89,84.54009,2.593017,3.152889,-1.43E-08,-0.2733748,4.07E-09,0.9619076,wine3,natives/stm/scenes/birthday/stage2/stage2_seta.scn.20,Props/sm1462_FoodBottle11B/sm1462_FoodBottle11B.mesh,Props/sm1462_FoodBottle11B/sm1462_FoodBottle11B.mdf2,Jacks55thBirthday
FALSE,,,food006,TRUE,1,-1,-1,,7,27592a7b-8f7b-46a1-94c1-686f23eac2fc,37f287d8-dce2-4af9-8ee4-2e310f8d5736,65.66024,-0.3203715,0.4718239,-0.4999136,-0.5000863,-0.4999137,0.5000863,wine2,natives/stm/scenes/birthday/stage2/stage2_seta.scn.20,Props/sm1462_FoodBottle11B/sm1462_FoodBottle11B.mesh,Props/sm1462_FoodBottle11B/sm1462_FoodBottle11B.mdf2,Jacks55thBirthday
FALSE,,,food006,TRUE,1,-1,-1,,7,4c55d2cf-7a58-4543-bc1a-3e662e890e51,b71d0105-c7c8-49be-8a8f-cf13c47bbdaf,65.65225,-0.3127702,0.9949155,-0.4999136,-0.4999137,-0.5000863,0.5000863,wine1,natives/stm/scenes/birthday/stage2/stage2_seta.scn.20,Props/sm1462_FoodBottle11B/sm1462_FoodBottle11B.mesh,Props/sm1462_FoodBottle11B/sm1462_FoodBottle11B.mdf2,Jacks55thBirthday
FALSE,,,food006,TRUE,1,-1,-1,,7,a9444271-ea11-4102-b875-b3aa74c325ac,ccd75be6-4391-479f-a8da-39abe5b7d17a,5.237963,1.011489,8.808617,0,-0.2049719,0,0.9787679,food006,natives/stm/scenes/birthday/stage1/stage1_seta.scn.20,Props/sm1462_FoodBottle11B/sm1462_FoodBottle11B.mesh,Props/sm1462_FoodBottle11B/sm1462_FoodBottle11B.mdf2,Jacks55thBirthday
FALSE,,,food006,TRUE,1,-1,-1,,7,ee27e59c-6dd4-4074-bf2e-9e84bdd1eebe,76e0fe05-919c-497d-baba-16bb56615fed,4.650025,1.011489,8.846947,0,0.1440658,0,0.9895681,food006,natives/stm/scenes/birthday/stage1/stage1_seta.scn.20,Props/sm1462_FoodBottle11B/sm1462_FoodBottle11B.mesh,Props/sm1462_FoodBottle11B/sm1462_FoodBottle11B.mdf2,Jacks55thBirthday
FALSE,,,food006,TRUE,1,-1,-1,,7,d6ccd10b-a9fb-4b37-989e-c91b64a30d6a,8dc4409a-e8a9-49ba-b60e-ade895ba313c,9.112562,0.6220269,6.792275,0,-0.5145329,0,0.8574706,food006,natives/stm/scenes/birthday/stage1/stage1_seta.scn.20,Props/sm1462_FoodBottle11B/sm1462_FoodBottle11B.mesh,Props/sm1462_FoodBottle11B/sm1462_FoodBottle11B.mdf2,Jacks55thBirthday
FALSE,,,food006,TRUE,1,-1,-1,,7,b74ed383-86bf-4545-8f3b-192227b8ed36,034b1d3a-0327-42c2-9b83-a49614ae658e,12.20871,7.306368,11.85761,0,0.8451387,0,0.534547,food006,natives/stm/scenes/birthday/stage1/stage1_seta.scn.20,Props/sm1462_FoodBottle11B/sm1462_FoodBottle11B.mesh,Props/sm1462_FoodBottle11B/sm1462_FoodBottle11B.mdf2,Jacks55thBirthday
FALSE,,,food006,TRUE,1,-1,-1,,7,ce10799b-01c0-49d1-8d42-f1ac7e6fd7a4,baf611ee-0db7-04ef-11e7-450da3f9e705,12.43335,7.295971,11.55529,0,0.7431754,0,0.6690966,food006,natives/stm/scenes/birthday/stage1/stage1_seta.scn.20,Props/sm1462_FoodBottle11B/sm1462_FoodBottle11B.mesh,Props/sm1462_FoodBottle11B/sm1462_FoodBottle11B.mdf2,Jacks55thBirthday
FALSE,,,food006,TRUE,1,-1,-1,,7,16b1820a-4c27-44cb-a692-5b997eef1825,3106b02f-070b-4d84-b655-1a4f3bbfdb5a,-8.189597,-4.062021,15.34212,0,0.7071068,0,0.7071068,food006,natives/stm/scenes/birthday/stage3/stage3_setb.scn.20,Props/sm1462_FoodBottle11B/sm1462_FoodBottle11B.mesh,Props/sm1462_FoodBottle11B/sm1462_FoodBottle11B.mdf2,Jacks55thBirthday
FALSE,,,food006,TRUE,1,-1,-1,,7,3fa1d258-347e-4b17-9685-a6369a7f03a5,b081ceff-0b98-4305-a822-e0723df8926c,-41.81875,-4.788795,11.55452,0.2906562,0.9321463,0.2124773,0.03841524,food006,natives/stm/scenes/birthday/stage3/stage3_setb.scn.20,Props/sm1462_FoodBottle11B/sm1462_FoodBottle11B.mesh,Props/sm1462_FoodBottle11B/sm1462_FoodBottle11B.mdf2,Jacks55thBirthday
FALSE,,,food006,TRUE,1,-1,-1,,7,6c019ecc-806f-420f-9bc9-846fbc021e77,c02cd70f-b416-44ba-840e-968bc446d35c,-9.24044,4.899453,2.601092,0,0,0,1,food006,natives/stm/scenes/birthday/stage3/stage3_setb.scn.20,Props/sm1462_FoodBottle11B/sm1462_FoodBottle11B.mesh,Props/sm1462_FoodBottle11B/sm1462_FoodBottle11B.mdf2,Jacks55thBirthday
FALSE,,,food006,TRUE,1,-1,-1,,7,4fb13075-3a75-4afc-8eb5-cdaea7c332a1,1970afa6-eb3a-4869-b10b-312669972f2e,20.57558,0.7923765,3.166117,0,0,0,1,food006,natives/stm/scenes/birthday/stage3/stage3_setb.scn.20,Props/sm1462_FoodBottle11B/sm1462_FoodBottle11B.mesh,Props/sm1462_FoodBottle11B/sm1462_FoodBottle11B.mdf2,Jacks55thBirthday
FALSE,,,food007,TRUE,1,-1,-1,,7,4d01a73e-76d9-45b3-854a-2d6d6e42f755,c683e1c3-7cd3-41a0-b146-97c4beaa7276,89.93463,-0.5622388,6.065141,-4.25E-08,-0.7098187,-8.41E-08,0.7043844,daryu,natives/stm/scenes/birthday/stage2/stage2_setb.scn.20,Props/sm1462_FoodBottle11B/sm1462_FoodBottle11B.mesh,Props/sm1462_FoodBottle11B/sm1462_FoodBottle11B.mdf2,Jacks55thBirthday
FALSE,,,food007,TRUE,1,-1,-1,,7,8e5add00-7dcf-45e0-b6ff-19f3446e4ab9,ee934f91-f89a-4b05-963f-7f83d7a76215,40.1263,4.599998,18.67953,8.41E-08,0.7043844,-4.25E-08,0.7098187,daryu,natives/stm/scenes/birthday/stage2/stage2_setb.scn.20,Props/sm1462_FoodBottle11B/sm1462_FoodBottle11B.mesh,Props/sm1462_FoodBottle11B/sm1462_FoodBottle11B.mdf2,Jacks55thBirthday
FALSE,,,food007,TRUE,1,-1,-1,,7,02dced33-b6c2-4d1b-801f-c972747afb07,255a5098-b4e0-44a3-a8db-7c047e7e7eba,28.80805,4.352876,0.9148685,-0.4048995,-0.6129891,-0.134565,0.6649759,food007,natives/stm/scenes/birthday/stage3/stage3_seta.scn.20,Props/sm1462_FoodBottle11B/sm1462_FoodBottle11B.mesh,Props/sm1462_FoodBottle11B/sm1462_FoodBottle11B.mdf2,Jacks55thBirthday
FALSE,,,food007,TRUE,1,-1,-1,,7,f328c3df-19c2-4f7c-9802-1ad7218cfbe0,d186d98d-ee18-4b1d-b996-fc6493a76eed,11.00181,8.992955,10.89625,-1.58E-08,0.7071068,1.58E-08,0.7071068,food007,natives/stm/scenes/birthday/stage3/stage3_seta.scn.20,Props/sm1462_FoodBottle11B/sm1462_FoodBottle11B.mesh,Props/sm1462_FoodBottle11B/sm1462_FoodBottle11B.mdf2,Jacks55thBirthday
FALSE,,,food007,TRUE,1,-1,-1,,7,b6ebf14b-a98d-442e-a7e1-bb49453ee9bd,7bdb68cc-7ee2-486a-8a78-00c0d8dfe8fb,20.97779,4.639391,2.180141,-2.24E-08,0,0,1,food007,natives/stm/scenes/birthday/stage3/stage3_seta.scn.20,Props/sm1462_FoodBottle11B/sm1462_FoodBottle11B.mesh,Props/sm1462_FoodBottle11B/sm1462_FoodBottle11B.mdf2,Jacks55thBirthday
FALSE,,,food007,TRUE,1,-1,-1,,7,57e9aa1b-cdc2-452c-b1eb-0f491f3a026a,e08d460b-3b32-43d2-8162-e9cd4be4200c,-19.02737,1.665466,4.263774,-9.71E-24,1,-2.22E-16,-4.37E-08,food007,natives/stm/scenes/birthday/stage3/stage3_seta.scn.20,Props/sm1462_FoodBottle11B/sm1462_FoodBottle11B.mesh,Props/sm1462_FoodBottle11B/sm1462_FoodBottle11B.mdf2,Jacks55thBirthday
FALSE,,,food007,TRUE,1,-1,-1,,7,37d9f596-0106-4aed-bc9f-9002745e8ad2,468ce116-df97-4fde-8dbb-a6f364946bc7,9.483027,1.39221,3.142199,0,0.7071068,0,0.7071068,food007,natives/stm/scenes/birthday/stage3/stage3_seta.scn.20,Props/sm1462_FoodBottle11B/sm1462_FoodBottle11B.mesh,Props/sm1462_FoodBottle11B/sm1462_FoodBottle11B.mdf2,Jacks55thBirthday
FALSE,,,food007,TRUE,1,-1,-1,,7,80bb3590-4ded-4af5-9129-c028aa275811,22e3b818-5bea-4aca-804a-c07bdf3a1cd6,65.65693,-0.319076,0.7292087,-0.5000001,-0.5,-0.5,0.5,daryu,natives/stm/scenes/birthday/stage2/stage2_seta.scn.20,Props/sm1462_FoodBottle11B/sm1462_FoodBottle11B.mesh,Props/sm1462_FoodBottle11B/sm1462_FoodBottle11B.mdf2,Jacks55thBirthday
FALSE,,,food007,TRUE,1,-1,-1,,7,372df9cd-8675-4fbb-961f-26cb2284fcae,9a3a0600-16e9-4e59-83e0-85ec18db4097,-11.52776,-4.24771,6.231785,-4.47E-08,0,0,1,food007,natives/stm/scenes/birthday/stage3/stage3_setb.scn.20,Props/sm1462_FoodBottle11B/sm1462_FoodBottle11B.mesh,Props/sm1462_FoodBottle11B/sm1462_FoodBottle11B.mdf2,Jacks55thBirthday
FALSE,,,food007,TRUE,1,-1,-1,,7,a884497d-fc96-42dd-be51-68e91b68fbd6,7de484cc-8769-4c62-b9f9-f3e93f0c0273,-10.66954,-4.291562,6.000532,0,0,0,1,food007,natives/stm/scenes/birthday/stage3/stage3_setb.scn.20,Props/sm1462_FoodBottle11B/sm1462_FoodBottle11B.mesh,Props/sm1462_FoodBottle11B/sm1462_FoodBottle11B.mdf2,Jacks55thBirthday
FALSE,,,food007,TRUE,1,-1,-1,,7,dcad35e4-40b8-400c-91ee-3de6a5a650e0,d9f4d35f-87d9-409f-9917-87b15598c3e7,-32.21432,-4.384562,18.67967,-0.3443751,-0.6883181,-0.2691004,0.5789725,food007,natives/stm/scenes/birthday/stage3/stage3_setb.scn.20,Props/sm1462_FoodBottle11B/sm1462_FoodBottle11B.mesh,Props/sm1462_FoodBottle11B/sm1462_FoodBottle11B.mdf2,Jacks55thBirthday
FALSE,,,food007,TRUE,1,-1,-1,,7,61cb0aa0-94d8-49f0-a205-f9309e17f786,5d2cd286-a223-4690-adb1-4ef13e6aae98,-29.30154,-4.233752,18.1791,0,0.9581342,0,-0.2863195,food007,natives/stm/scenes/birthday/stage3/stage3_setb.scn.20,Props/sm1462_FoodBottle11B/sm1462_FoodBottle11B.mesh,Props/sm1462_FoodBottle11B/sm1462_FoodBottle11B.mdf2,Jacks55thBirthday
FALSE,,,food007,TRUE,1,-1,-1,,7,37d9f596-0106-4aed-bc9f-9002745e8ad2,468ce116-df97-4fde-8dbb-a6f364946bc7,9.490417,0.625309,2.546918,2.63E-09,0.7071068,-2.63E-09,0.7071068,food007,natives/stm/scenes/birthday/stage3/stage3_setb.scn.20,Props/sm1462_FoodBottle11B/sm1462_FoodBottle11B.mesh,Props/sm1462_FoodBottle11B/sm1462_FoodBottle11B.mdf2,Jacks55thBirthday
FALSE,,,food008,TRUE,1,-1,-1,,7,fc2b1c07-e5a1-4b93-863c-1fa4b6148ce9,72aa46cf-21e1-0319-2a67-abb37af92bae,13.53325,-6.211469,4.704834,0,0,0,1,food008,natives/stm/scenes/birthday/stage1/stage1_setb.scn.20,Props/sm0038_RottenFruit01A/sm0038_RottenFruit01A.mesh,Props/sm0038_RottenFruit01A/sm0038_RottenFruit01A.mdf2,Jacks55thBirthday
FALSE,,,food008,TRUE,1,-1,-1,,7,337aea15-da9d-45f0-810d-bce9731a8e41,767a0959-8a4f-416e-9303-d24e7676f7f9,80.91465,-1.060627,-6.978732,0,0.6491777,0,0.7606367,fruit,natives/stm/scenes/birthday/stage2/stage2_setb.scn.20,Props/sm0038_RottenFruit01A/sm0038_RottenFruit01A.mesh,Props/sm0038_RottenFruit01A/sm0038_RottenFruit01A.mdf2,Jacks55thBirthday
FALSE,,,food008,TRUE,1,-1,-1,,7,bdf90da6-51ee-4cf6-a1bf-ca6d9346642b,389f3917-5a5b-4f0b-9621-3bcd24c38066,80.93633,-1.05732,-6.511698,0,0,0,1,fruit,natives/stm/scenes/birthday/stage2/stage2_setb.scn.20,Props/sm0038_RottenFruit01A/sm0038_RottenFruit01A.mesh,Props/sm0038_RottenFruit01A/sm0038_RottenFruit01A.mdf2,Jacks55thBirthday
FALSE,,,food008,TRUE,1,-1,-1,,7,c1c5accf-c701-47f8-834e-64e5aa77d5c8,410dfa43-f155-49b5-8b62-50f4110aaed4,13.00017,8.889176,7.787353,0,-0.7071068,0,0.7071068,food008,natives/stm/scenes/birthday/stage3/stage3_seta.scn.20,Props/sm0038_RottenFruit01A/sm0038_RottenFruit01A.mesh,Props/sm0038_RottenFruit01A/sm0038_RottenFruit01A.mdf2,Jacks55thBirthday
FALSE,,,food008,TRUE,1,-1,-1,,7,61cf9138-fb34-4945-aa6d-1a37532bff45,6c6ab5a7-15fc-4db7-b640-54a15c079445,19.16456,0.9030638,6.397817,0,0,0,1,food008,natives/stm/scenes/birthday/stage3/stage3_seta.scn.20,Props/sm0038_RottenFruit01A/sm0038_RottenFruit01A.mesh,Props/sm0038_RottenFruit01A/sm0038_RottenFruit01A.mdf2,Jacks55thBirthday
FALSE,,,food008,TRUE,1,-1,-1,,7,8316157c-35be-4f14-8db9-de2c1799cef3,7b818254-c39c-45e0-928e-fa3db7855c4a,30.34168,-0.8440821,2.841131,0,0.7071068,0,0.7071068,food008,natives/stm/scenes/birthday/stage3/stage3_seta.scn.20,Props/sm0038_RottenFruit01A/sm0038_RottenFruit01A.mesh,Props/sm0038_RottenFruit01A/sm0038_RottenFruit01A.mdf2,Jacks55thBirthday
FALSE,,,food008,TRUE,1,-1,-1,,7,95a6f298-59c3-4b79-9190-39fc16df1d2f,1b27a850-9d83-03f3-3dcb-8debda32ba68,61.96562,-0.2566506,10.80575,0,0.7638991,0,0.6453357,fruit5,natives/stm/scenes/birthday/stage2/stage2_seta.scn.20,Props/sm0038_RottenFruit01A/sm0038_RottenFruit01A.mesh,Props/sm0038_RottenFruit01A/sm0038_RottenFruit01A.mdf2,Jacks55thBirthday
FALSE,,,food008,TRUE,1,-1,-1,,7,172ef869-0682-49ff-baa7-629957d98a48,99afa2a1-c2c2-0175-16fc-d68e9b342d0f,89.91819,-0.5622415,5.89359,0,0,0,1,fruit4,natives/stm/scenes/birthday/stage2/stage2_seta.scn.20,Props/sm0038_RottenFruit01A/sm0038_RottenFruit01A.mesh,Props/sm0038_RottenFruit01A/sm0038_RottenFruit01A.mdf2,Jacks55thBirthday
FALSE,,,food008,TRUE,1,-1,-1,,7,9f373282-4749-4196-a1d5-0dbfbc4161ed,b7478af6-0068-49b6-8860-bb76e8e827fa,85.33443,-0.6253209,-13.25532,0,0,0,1,fruit3,natives/stm/scenes/birthday/stage2/stage2_seta.scn.20,Props/sm0038_RottenFruit01A/sm0038_RottenFruit01A.mesh,Props/sm0038_RottenFruit01A/sm0038_RottenFruit01A.mdf2,Jacks55thBirthday
FALSE,,,food008,TRUE,1,-1,-1,,7,6ebd6c38-d673-413c-ae0e-87d80b6e78ea,800ba5c4-16d9-41cb-a9de-a5b2a0b39662,46.12413,5.18673,26.83557,0,-0.5282463,0,0.8490912,fruit2,natives/stm/scenes/birthday/stage2/stage2_seta.scn.20,Props/sm0038_RottenFruit01A/sm0038_RottenFruit01A.mesh,Props/sm0038_RottenFruit01A/sm0038_RottenFruit01A.mdf2,Jacks55thBirthday
FALSE,,,food008,TRUE,1,-1,-1,,7,bf153af9-4c2e-4ef9-b7ac-e238b9217e9e,5424da17-9eee-40d0-82e1-e2b982bdd994,57.12824,2.651071,6.460708,0,0,0,1,fruit,natives/stm/scenes/birthday/stage2/stage2_seta.scn.20,Props/sm0038_RottenFruit01A/sm0038_RottenFruit01A.mesh,Props/sm0038_RottenFruit01A/sm0038_RottenFruit01A.mdf2,Jacks55thBirthday
FALSE,,,food008,TRUE,1,-1,-1,,7,da849b29-b09f-409d-a53f-3928832e60ae,8c4e52a2-6ce3-4f91-a189-a8c6a2eb7480,-15.76205,-4.818637,19.49559,0,1,0,-4.37E-08,food008,natives/stm/scenes/birthday/stage3/stage3_setb.scn.20,Props/sm0038_RottenFruit01A/sm0038_RottenFruit01A.mesh,Props/sm0038_RottenFruit01A/sm0038_RottenFruit01A.mdf2,Jacks55thBirthday
FALSE,,,food008,TRUE,1,-1,-1,,7,39c4264c-912c-4a6c-ac76-d312b2006399,a9d5290b-f253-434c-92f1-f77c5550f850,-12.64072,4.540719,8.434799,0,0.7071068,0,0.7071068,food008,natives/stm/scenes/birthday/stage3/stage3_setb.scn.20,Props/sm0038_RottenFruit01A/sm0038_RottenFruit01A.mesh,Props/sm0038_RottenFruit01A/sm0038_RottenFruit01A.mdf2,Jacks55thBirthday
FALSE,,,food008,TRUE,1,-1,-1,,7,7eb96aa2-1660-468e-a6b0-3ee4b8b2954e,d0568273-af5f-4796-858c-697046ad906b,20.46077,5.165869,6.629377,0,-0.7071068,0,0.7071068,food008,natives/stm/scenes/birthday/stage3/stage3_setb.scn.20,Props/sm0038_RottenFruit01A/sm0038_RottenFruit01A.mesh,Props/sm0038_RottenFruit01A/sm0038_RottenFruit01A.mdf2,Jacks55thBirthday
FALSE,,,food008,TRUE,1,-1,-1,,7,cd6b823e-82b1-4498-821e-edd076446f66,19aa057c-de6a-4578-a228-fe42f09f26cb,-20.67178,0.5999963,-3.094291,0,0,0,1,food008,natives/stm/scenes/birthday/stage3/stage3_setb.scn.20,Props/sm0038_RottenFruit01A/sm0038_RottenFruit01A.mesh,Props/sm0038_RottenFruit01A/sm0038_RottenFruit01A.mdf2,Jacks55thBirthday
FALSE,,,food008,TRUE,1,-1,-1,,7,ede574d4-cedc-40c4-9ef7-3d0fc8bf078e,906b2936-9ce8-4bc5-9aba-bc36418a9570,12.6295,0.5999951,1.078133,0,-0.7071068,0,0.7071068,food008,natives/stm/scenes/birthday/stage3/stage3_setb.scn.20,Props/sm0038_RottenFruit01A/sm0038_RottenFruit01A.mesh,Props/sm0038_RottenFruit01A/sm0038_RottenFruit01A.mdf2,Jacks55thBirthday
FALSE,,,food008,TRUE,1,-1,-1,,7,61cf9138-fb34-4945-aa6d-1a37532bff45,6c6ab5a7-15fc-4db7-b640-54a15c079445,21.92266,0.9662225,9.3754,0,1,0,-4.37E-08,food008,natives/stm/scenes/birthday/stage3/stage3_setb.scn.20,Props/sm0038_RottenFruit01A/sm0038_RottenFruit01A.mesh,Props/sm0038_RottenFruit01A/sm0038_RottenFruit01A.mdf2,Jacks55thBirthday
FALSE,,,food008,TRUE,1,-1,-1,,7,0b82b1c1-32b5-4248-8cf7-e8e30ac40af7,c71bc351-c0fe-4982-bb24-b9d627fe9c43,39.40163,-0.8353246,-7.155303,0,0,0,1,food008,natives/stm/scenes/birthday/stage3/stage3_setb.scn.20,Props/sm0038_RottenFruit01A/sm0038_RottenFruit01A.mesh,Props/sm0038_RottenFruit01A/sm0038_RottenFruit01A.mdf2,Jacks55thBirthday
FALSE,,,food009,TRUE,1,-1,-1,,7,9a1518ce-5296-4243-92c5-3a46bcfb28ac,a51e97bd-fb78-455b-86f8-9e6d856a941d,12.66708,0.0490427,4.585609,0,0,0,1,food009,natives/stm/scenes/birthday/stage1/stage1_setb.scn.20,Props/sm9014_ForceFed01A/sm9014_ForceFed01A.mesh,Props/sm9014_ForceFed01A/sm9014_ForceFed01A.mdf2,Jacks55thBirthday
FALSE,,,food009,TRUE,1,-1,-1,,7,347acd24-dfa0-41ed-a316-994623e956fe,6dfa1d1f-24c3-081e-021d-2ac3ec0a9972,13.88936,-6.488067,24.33824,0,0,0,1,food009,natives/stm/scenes/birthday/stage1/stage1_setb.scn.20,Props/sm9014_ForceFed01A/sm9014_ForceFed01A.mesh,Props/sm9014_ForceFed01A/sm9014_ForceFed01A.mdf2,Jacks55thBirthday
FALSE,,,food009,TRUE,1,-1,-1,,7,e637eee8-cfe2-450d-9267-283f063a6e77,674beadd-8c5e-4763-9aea-7fcb473be0bf,85.27215,-0.6211604,-13.11168,0,0,0,1,chicken,natives/stm/scenes/birthday/stage2/stage2_setb.scn.20,Props/sm9014_ForceFed01A/sm9014_ForceFed01A.mesh,Props/sm9014_ForceFed01A/sm9014_ForceFed01A.mdf2,Jacks55thBirthday
FALSE,,,food009,TRUE,1,-1,-1,,7,49f99905-7347-44b2-aab1-74edc74017f5,e133d53c-965e-4a6f-ad97-cbc3871f08bb,46.13992,5.186736,26.1729,0,0,0,1,chicken,natives/stm/scenes/birthday/stage2/stage2_setb.scn.20,Props/sm9014_ForceFed01A/sm9014_ForceFed01A.mesh,Props/sm9014_ForceFed01A/sm9014_ForceFed01A.mdf2,Jacks55thBirthday
FALSE,,,food009,TRUE,1,-1,-1,,7,2bccd036-5991-4d80-a586-a26def7bdfe7,e291ab24-1143-4784-a428-69a7bb7e3725,46.12988,5.186736,26.63775,0,0,0,1,chicken,natives/stm/scenes/birthday/stage2/stage2_setb.scn.20,Props/sm9014_ForceFed01A/sm9014_ForceFed01A.mesh,Props/sm9014_ForceFed01A/sm9014_ForceFed01A.mdf2,Jacks55thBirthday
FALSE,,,food009,TRUE,1,-1,-1,,7,42f87605-41b4-414c-a5d3-a23825b985d3,32421d57-6fb9-4eab-bc50-2c5df9d6fc1b,57.13559,2.651073,6.475651,0,0,0,1,chicken,natives/stm/scenes/birthday/stage2/stage2_setb.scn.20,Props/sm9014_ForceFed01A/sm9014_ForceFed01A.mesh,Props/sm9014_ForceFed01A/sm9014_ForceFed01A.mdf2,Jacks55thBirthday
FALSE,,,food009,TRUE,1,-1,-1,,7,1a23e535-330a-4632-baa0-eb9563b34bb2,e1531dbb-eda6-4a16-a4bc-ed2889b6253a,84.54941,2.594862,3.308537,0,0,0,1,chicken,natives/stm/scenes/birthday/stage2/stage2_setb.scn.20,Props/sm9014_ForceFed01A/sm9014_ForceFed01A.mesh,Props/sm9014_ForceFed01A/sm9014_ForceFed01A.mdf2,Jacks55thBirthday
FALSE,,,food009,TRUE,1,-1,-1,,7,c0356c7c-2f4c-41d6-a26e-453eebd08b92,3cbc37b2-9171-4a58-9669-3e2ac2eebc70,7.930687,4.651752,-3.801641,0,0.7071068,0,0.7071068,food009,natives/stm/scenes/birthday/stage3/stage3_seta.scn.20,Props/sm9014_ForceFed01A/sm9014_ForceFed01A.mesh,Props/sm9014_ForceFed01A/sm9014_ForceFed01A.mdf2,Jacks55thBirthday
FALSE,,,food009,TRUE,1,-1,-1,,7,0ba00ca0-503c-4b0f-9177-09a52d079174,7a3f1dc8-e6eb-4fb8-861d-9d7c671a11a8,-12.59363,4.533866,8.340808,0,0.9238796,0,0.3826834,food009,natives/stm/scenes/birthday/stage3/stage3_seta.scn.20,Props/sm9014_ForceFed01A/sm9014_ForceFed01A.mesh,Props/sm9014_ForceFed01A/sm9014_ForceFed01A.mdf2,Jacks55thBirthday
FALSE,,,food009,TRUE,1,-1,-1,,7,f8583812-b090-4cd8-bc69-d4ab13362339,3b55b3b8-66b7-4c2d-909c-aa82dc9e72ad,20.46789,5.165868,7.346892,0,-0.7071068,0,0.7071068,food009,natives/stm/scenes/birthday/stage3/stage3_seta.scn.20,Props/sm9014_ForceFed01A/sm9014_ForceFed01A.mesh,Props/sm9014_ForceFed01A/sm9014_ForceFed01A.mdf2,Jacks55thBirthday
FALSE,,,food009,TRUE,1,-1,-1,,7,973d9846-1641-4051-a8ca-e577d3e27340,15e11aa8-34e3-417f-a2c1-5d4db2f7ca36,-20.29404,1.010483,25.45368,0,0.7071068,0,0.7071068,food009,natives/stm/scenes/birthday/stage3/stage3_seta.scn.20,Props/sm9014_ForceFed01A/sm9014_ForceFed01A.mesh,Props/sm9014_ForceFed01A/sm9014_ForceFed01A.mdf2,Jacks55thBirthday
FALSE,,,food009,TRUE,1,-1,-1,,7,6014cdde-d3ef-4c7b-94d8-81d492bd3f4b,4fef1328-55d4-4718-a905-8e10bd26193c,20.25184,0.7923744,3.087904,0,-0.7071068,0,0.7071068,food009,natives/stm/scenes/birthday/stage3/stage3_seta.scn.20,Props/sm9014_ForceFed01A/sm9014_ForceFed01A.mesh,Props/sm9014_ForceFed01A/sm9014_ForceFed01A.mdf2,Jacks55thBirthday
FALSE,,,food009,TRUE,1,-1,-1,,7,7cd1eb75-efd8-4d4e-b273-31de8dc3c2b2,7d5dfb09-81dd-4322-82c7-2edce5174cd2,67.9061,1.664956,-16.48164,0,0,0,1,chicken3,natives/stm/scenes/birthday/stage2/stage2_seta.scn.20,Props/sm9014_ForceFed01A/sm9014_ForceFed01A.mesh,Props/sm9014_ForceFed01A/sm9014_ForceFed01A.mdf2,Jacks55thBirthday
FALSE,,,food009,TRUE,1,-1,-1,,7,bd08915c-b6d1-4ade-a0f4-c3f8dde29bf2,8ba5a3a9-3e34-43f4-b07e-42b0f3cf3a7c,46.14307,5.186732,26.10258,0,0,0,1,chicken2,natives/stm/scenes/birthday/stage2/stage2_seta.scn.20,Props/sm9014_ForceFed01A/sm9014_ForceFed01A.mesh,Props/sm9014_ForceFed01A/sm9014_ForceFed01A.mdf2,Jacks55thBirthday
FALSE,,,food009,TRUE,1,-1,-1,,7,469e5557-76dd-4419-b9b2-147cff1465be,5c17c790-426c-4e19-8b08-03185a716af7,89.80048,-0.5622422,6.287532,0,0,0,1,chicken,natives/stm/scenes/birthday/stage2/stage2_seta.scn.20,Props/sm9014_ForceFed01A/sm9014_ForceFed01A.mesh,Props/sm9014_ForceFed01A/sm9014_ForceFed01A.mdf2,Jacks55thBirthday
FALSE,,,food009,TRUE,1,-1,-1,,7,c6103887-a283-455c-8cfe-acc0b962885f,3b45fa44-8c9b-4fe2-aa14-ada495a54083,-10.77909,0.8020006,-0.7089415,0,0,0,1,food009,natives/stm/scenes/birthday/stage1/stage1_seta.scn.20,Props/sm9014_ForceFed01A/sm9014_ForceFed01A.mesh,Props/sm9014_ForceFed01A/sm9014_ForceFed01A.mdf2,Jacks55thBirthday
FALSE,,,food009,TRUE,1,-1,-1,,7,be1dd7eb-b63e-4f35-98fb-49ca18fe07f4,ab265a5a-a881-456c-b9a7-caf9437eae91,1.261162,0.7954699,7.716321,0,0,0,1,food009,natives/stm/scenes/birthday/stage1/stage1_seta.scn.20,Props/sm9014_ForceFed01A/sm9014_ForceFed01A.mesh,Props/sm9014_ForceFed01A/sm9014_ForceFed01A.mdf2,Jacks55thBirthday
FALSE,,,food009,TRUE,1,-1,-1,,7,20d9fb86-0360-4cb3-8dd7-9cbc57872008,40667493-f121-4e5d-a025-48420e84cdc0,12.57732,0.05570489,4.645614,0,0,0,1,food009,natives/stm/scenes/birthday/stage1/stage1_seta.scn.20,Props/sm9014_ForceFed01A/sm9014_ForceFed01A.mesh,Props/sm9014_ForceFed01A/sm9014_ForceFed01A.mdf2,Jacks55thBirthday
FALSE,,,food009,TRUE,1,-1,-1,,7,29508472-059c-4283-a068-d0b074fdcf96,d4bbb513-61b4-4039-a507-4111e65a369d,8.855224,0.6220269,7.173479,0,0,0,1,food009,natives/stm/scenes/birthday/stage1/stage1_seta.scn.20,Props/sm9014_ForceFed01A/sm9014_ForceFed01A.mesh,Props/sm9014_ForceFed01A/sm9014_ForceFed01A.mdf2,Jacks55thBirthday
FALSE,,,food009,TRUE,1,-1,-1,,7,810ceafd-1a62-4737-9814-058ab2834d0f,b575c842-03e5-4c2a-b7b5-39db5a39f370,8.234663,7.30721,7.444254,0,0,0,1,food009,natives/stm/scenes/birthday/stage1/stage1_seta.scn.20,Props/sm9014_ForceFed01A/sm9014_ForceFed01A.mesh,Props/sm9014_ForceFed01A/sm9014_ForceFed01A.mdf2,Jacks55thBirthday
FALSE,,,food009,TRUE,1,-1,-1,,7,a51b81ea-8cab-4a9c-b151-64b54d740590,441e005d-9968-4277-8266-a477e0e68f1c,7.574058,7.30721,7.498292,0,0,0,1,food009,natives/stm/scenes/birthday/stage1/stage1_seta.scn.20,Props/sm9014_ForceFed01A/sm9014_ForceFed01A.mesh,Props/sm9014_ForceFed01A/sm9014_ForceFed01A.mdf2,Jacks55thBirthday
FALSE,,,food009,TRUE,1,-1,-1,,7,abdee8e0-2b25-4f86-bc18-44b1fff9fee6,bbb398eb-2155-411b-a693-b3bd8dfa2155,-9.826902,-4.291562,6.021413,0,0,0,1,food009,natives/stm/scenes/birthday/stage3/stage3_setb.scn.20,Props/sm9014_ForceFed01A/sm9014_ForceFed01A.mesh,Props/sm9014_ForceFed01A/sm9014_ForceFed01A.mdf2,Jacks55thBirthday
FALSE,,,food009,TRUE,1,-1,-1,,7,66654016-cdf1-4d46-a546-999219a247d4,434766ec-caaa-430b-a9c1-620ea7c1c28d,-13.84154,-4.405581,18.61073,0,-0.7071068,0,0.7071068,food009,natives/stm/scenes/birthday/stage3/stage3_setb.scn.20,Props/sm9014_ForceFed01A/sm9014_ForceFed01A.mesh,Props/sm9014_ForceFed01A/sm9014_ForceFed01A.mdf2,Jacks55thBirthday
FALSE,,,food009,TRUE,1,-1,-1,,7,880c4536-2432-4013-916e-72e0d4fda681,95356ab6-2cfb-4eda-b4bf-647259131fa6,-20.26051,1.010509,25.4059,0,0.7071068,0,0.7071068,food009,natives/stm/scenes/birthday/stage3/stage3_setb.scn.20,Props/sm9014_ForceFed01A/sm9014_ForceFed01A.mesh,Props/sm9014_ForceFed01A/sm9014_ForceFed01A.mdf2,Jacks55thBirthday
FALSE,,,food009,TRUE,1,-1,-1,,7,a6b6c35c-630b-4e92-ba67-24d89f75d2dd,997d66ef-6e71-49a1-854e-5c237f65f326,-20.38234,0.991215,1.0386,0,-0.7071068,0,0.7071068,food009,natives/stm/scenes/birthday/stage3/stage3_setb.scn.20,Props/sm9014_ForceFed01A/sm9014_ForceFed01A.mesh,Props/sm9014_ForceFed01A/sm9014_ForceFed01A.mdf2,Jacks55thBirthday
FALSE,,,food009,TRUE,1,-1,-1,,7,d14d76ce-f7aa-4b44-b3ca-5880412a21fc,5428d07a-96da-47c2-8706-8288bf49fcea,-20.38234,0.991215,1.570532,0,-0.7071068,0,0.7071068,food009,natives/stm/scenes/birthday/stage3/stage3_setb.scn.20,Props/sm9014_ForceFed01A/sm9014_ForceFed01A.mesh,Props/sm9014_ForceFed01A/sm9014_ForceFed01A.mdf2,Jacks55thBirthday
FALSE,,,food009,TRUE,1,-1,-1,,7,6014cdde-d3ef-4c7b-94d8-81d492bd3f4b,4fef1328-55d4-4718-a905-8e10bd26193c,20.25184,0.7923744,3.087904,0,0,0,1,food009,natives/stm/scenes/birthday/stage3/stage3_setb.scn.20,Props/sm9014_ForceFed01A/sm9014_ForceFed01A.mesh,Props/sm9014_ForceFed01A/sm9014_ForceFed01A.mdf2,Jacks55thBirthday
FALSE,,,food011,TRUE,1,-1,-1,,7,b8de29a9-9d6f-4baf-8191-eea5326af0c0,9bd90514-06af-00f9-00e5-97c0f3adf249,18.41776,7.283102,16.95822,0,0,0,1,food011,natives/stm/scenes/birthday/stage1/stage1_setb.scn.20,Props/sm1716_DirtyPot02A/sm1716_DirtyPot02A.mesh,Props/sm1716_DirtyPot02A/sm1716_DirtyPot02A.mdf2,Jacks55thBirthday
FALSE,,,food011,TRUE,1,-1,-1,,7,d165d75f-794b-4a89-96d1-34ef14ec7c4a,16e4d23e-e5d5-405b-aa88-e2250bdc426d,52.11045,0.2382519,34.5773,0,-0.7613574,0,0.6483324,stew,natives/stm/scenes/birthday/stage2/stage2_setb.scn.20,Props/sm1716_DirtyPot02A/sm1716_DirtyPot02A.mesh,Props/sm1716_DirtyPot02A/sm1716_DirtyPot02A.mdf2,Jacks55thBirthday
FALSE,,,food011,TRUE,1,-1,-1,,7,1594e535-e3d8-4e78-8a82-ebefad167a1f,cef8c970-0f52-4f6f-b18e-68869971b611,61.92865,-0.2566499,10.86111,0,0.9601226,0,-0.2795794,stew,natives/stm/scenes/birthday/stage2/stage2_setb.scn.20,Props/sm1716_DirtyPot02A/sm1716_DirtyPot02A.mesh,Props/sm1716_DirtyPot02A/sm1716_DirtyPot02A.mdf2,Jacks55thBirthday
FALSE,,,food011,TRUE,1,-1,-1,,7,db9b8c6f-b3b4-4c5e-9f07-62420d0dc461,10009e08-1db6-49dd-8c11-a30653b2e497,66.27113,-0.3440378,0.9229177,0,-0.4836694,0,0.8752508,stew,natives/stm/scenes/birthday/stage2/stage2_setb.scn.20,Props/sm1716_DirtyPot02A/sm1716_DirtyPot02A.mesh,Props/sm1716_DirtyPot02A/sm1716_DirtyPot02A.mdf2,Jacks55thBirthday
FALSE,,,food011,TRUE,1,-1,-1,,7,cc08e5a4-566e-432b-93eb-6fd7c43ed29b,019e2309-f649-4c7d-a375-96c0ad3e7856,-20.5014,0.9031295,24.32317,0,0.7071068,0,0.7071068,food011,natives/stm/scenes/birthday/stage3/stage3_seta.scn.20,Props/sm1716_DirtyPot02A/sm1716_DirtyPot02A.mesh,Props/sm1716_DirtyPot02A/sm1716_DirtyPot02A.mdf2,Jacks55thBirthday
FALSE,,,food011,TRUE,1,-1,-1,,7,153f1b25-5e72-4a63-aada-b4206c9a9563,46ad0cdf-2a75-490f-a6f2-d402ddbe6c47,-19.96001,1.170649,4.44614,0,1,0,-4.37E-08,food011,natives/stm/scenes/birthday/stage3/stage3_seta.scn.20,Props/sm1716_DirtyPot02A/sm1716_DirtyPot02A.mesh,Props/sm1716_DirtyPot02A/sm1716_DirtyPot02A.mdf2,Jacks55thBirthday
FALSE,,,food011,TRUE,1,-1,-1,,7,6a262bea-fb09-4e9f-a5a1-9aedca894aa5,d718642b-f4a3-46fc-8c9f-6e1bb1df21db,20.74558,1.077231,9.139421,0,1,0,-4.37E-08,food011,natives/stm/scenes/birthday/stage3/stage3_seta.scn.20,Props/sm1716_DirtyPot02A/sm1716_DirtyPot02A.mesh,Props/sm1716_DirtyPot02A/sm1716_DirtyPot02A.mdf2,Jacks55thBirthday
FALSE,,,food011,TRUE,1,-1,-1,,7,96510b25-8ae0-43d3-9ffe-342324840c01,6c7be147-8c80-48cc-90e6-685c69eecd6f,29.00576,1.66547,8.571296,0,0.2360892,0,0.9717314,food011,natives/stm/scenes/birthday/stage3/stage3_seta.scn.20,Props/sm1716_DirtyPot02A/sm1716_DirtyPot02A.mesh,Props/sm1716_DirtyPot02A/sm1716_DirtyPot02A.mdf2,Jacks55thBirthday
FALSE,,,food011,TRUE,1,-1,-1,,7,15d67b8c-d868-46ff-a751-546d5de8ac6c,70872852-ac62-40cf-bc05-db867ddbd4d3,40.72328,4.894765,35.23988,0,-0.5641472,0,0.8256742,stew2,natives/stm/scenes/birthday/stage2/stage2_seta.scn.20,Props/sm1716_DirtyPot02A/sm1716_DirtyPot02A.mesh,Props/sm1716_DirtyPot02A/sm1716_DirtyPot02A.mdf2,Jacks55thBirthday
FALSE,,,food011,TRUE,1,-1,-1,,7,0d6057a8-493c-4687-a209-6bbc562712b7,b4c1aae7-e805-47e6-b556-c0217116484b,87.51851,2.686154,3.476455,0,0.7752968,0,0.6315971,stew,natives/stm/scenes/birthday/stage2/stage2_seta.scn.20,Props/sm1716_DirtyPot02A/sm1716_DirtyPot02A.mesh,Props/sm1716_DirtyPot02A/sm1716_DirtyPot02A.mdf2,Jacks55thBirthday
FALSE,,,food011,TRUE,1,-1,-1,,7,51d650f3-c317-4625-bba5-ded06009f703,18eaea06-cda6-46d8-9471-de7186ff0244,-1.908755,-6.842694,16.1835,0,1,0,-4.37E-08,food011,natives/stm/scenes/birthday/stage3/stage3_setb.scn.20,Props/sm1716_DirtyPot02A/sm1716_DirtyPot02A.mesh,Props/sm1716_DirtyPot02A/sm1716_DirtyPot02A.mdf2,Jacks55thBirthday
FALSE,,,food011,TRUE,1,-1,-1,,7,7b851ad0-04d8-4a3c-94fe-d8406a8d298b,890720d0-1e8c-4c0d-909a-9c4913bc1b5d,28.31489,5.023278,14.74357,0,-0.8192214,0,0.5734773,food011,natives/stm/scenes/birthday/stage3/stage3_setb.scn.20,Props/sm1716_DirtyPot02A/sm1716_DirtyPot02A.mesh,Props/sm1716_DirtyPot02A/sm1716_DirtyPot02A.mdf2,Jacks55thBirthday
FALSE,,,food011,TRUE,1,-1,-1,,7,9b8f365d-a6e7-4b82-a4c2-a02d278edb8a,5d178385-3eb7-4946-9f89-26333a632b97,-10.20671,0.9810708,9.190613,0,1,0,-4.37E-08,food011,natives/stm/scenes/birthday/stage3/stage3_setb.scn.20,Props/sm1716_DirtyPot02A/sm1716_DirtyPot02A.mesh,Props/sm1716_DirtyPot02A/sm1716_DirtyPot02A.mdf2,Jacks55thBirthday
FALSE,,,food011,TRUE,1,-1,-1,,7,5870fde4-81a5-4840-b1e0-b8431971ce3c,b3e5115d-c7f1-4b50-8d92-9a31b1f92bcf,-20.44942,0.9031299,24.30999,0,0.6761338,0,0.7367789,food011,natives/stm/scenes/birthday/stage3/stage3_setb.scn.20,Props/sm1716_DirtyPot02A/sm1716_DirtyPot02A.mesh,Props/sm1716_DirtyPot02A/sm1716_DirtyPot02A.mdf2,Jacks55thBirthday
FALSE,,,food011,TRUE,1,-1,-1,,7,844dbd48-2611-4a2a-81f5-7179e6423d36,15ff8ba5-b509-4c95-be8c-9209b8c11456,-23.29369,0.8031144,-6.432062,0,0.6761338,0,0.7367789,food011,natives/stm/scenes/birthday/stage3/stage3_setb.scn.20,Props/sm1716_DirtyPot02A/sm1716_DirtyPot02A.mesh,Props/sm1716_DirtyPot02A/sm1716_DirtyPot02A.mdf2,Jacks55thBirthday
FALSE,,,food011,TRUE,1,-1,-1,,7,6a262bea-fb09-4e9f-a5a1-9aedca894aa5,d718642b-f4a3-46fc-8c9f-6e1bb1df21db,30.37752,-0.8440798,2.050596,0,0.7071068,0,0.7071068,food011,natives/stm/scenes/birthday/stage3/stage3_setb.scn.20,Props/sm1716_DirtyPot02A/sm1716_DirtyPot02A.mesh,Props/sm1716_DirtyPot02A/sm1716_DirtyPot02A.mdf2,Jacks55thBirthday
FALSE,,,food014,TRUE,1,-1,-1,,7,140b34fc-356b-4195-875e-01e17cfccfc7,dece1848-b6ad-4f64-937c-d60e327c3bfc,7.646297,7.310436,7.329252,0,-0.4187726,0,0.9080911,food014,natives/stm/scenes/birthday/stage1/stage1_setb.scn.20,Props/sm2502_Cake01B/sm2502_Cake01B.mesh,Props/sm2502_Cake01B/sm2502_Cake01B.mdf2,Jacks55thBirthday
FALSE,,,food014,TRUE,1,-1,-1,,7,b2abcade-e5d4-4f96-971e-29bfb6af7d25,0267dbbf-9df4-4eab-92cb-a916ab374fc5,-2.541278,0.815475,-4.082454,0,-0.4187726,0,0.9080911,food014,natives/stm/scenes/birthday/stage1/stage1_setb.scn.20,Props/sm2502_Cake01B/sm2502_Cake01B.mesh,Props/sm2502_Cake01B/sm2502_Cake01B.mdf2,Jacks55thBirthday
FALSE,,,food014,TRUE,1,-1,-1,,7,7c8038eb-4971-4fe9-88d3-12f1475e6cda,6ae5d0cf-582a-0dcb-0423-956ce10a62d9,0.01878548,0.02274513,-0.03254128,0,0,0,1,food014,natives/stm/scenes/birthday/stage3/copyasset/c03_rightareab1fmorgue/c03_rightareab1fmorgue.scn.20,Props/sm2502_Cake01B/sm2502_Cake01B.mesh,Props/sm2502_Cake01B/sm2502_Cake01B.mdf2,Jacks55thBirthday
FALSE,,,food014,TRUE,1,-1,-1,,7,2edf2263-ce82-4219-adf0-0ef94048aeab,05cbce54-c072-4907-bb71-1f740fc6eb55,87.85003,2.686154,3.736467,0,0.6928618,0,0.7210704,cake,natives/stm/scenes/birthday/stage2/stage2_setb.scn.20,Props/sm2502_Cake01B/sm2502_Cake01B.mesh,Props/sm2502_Cake01B/sm2502_Cake01B.mdf2,Jacks55thBirthday
FALSE,,,food014,TRUE,1,-1,-1,,7,1e285f79-a9d6-42b7-98bd-7e07d78647ee,f200415a-fc07-4677-8d46-981f58b27b58,41.05127,0.2000054,30.12347,0,0.6928618,0,0.7210704,cake,natives/stm/scenes/birthday/stage2/stage2_setb.scn.20,Props/sm2502_Cake01B/sm2502_Cake01B.mesh,Props/sm2502_Cake01B/sm2502_Cake01B.mdf2,Jacks55thBirthday
FALSE,,,food014,TRUE,1,-1,-1,,7,0cd678bb-1068-4ed6-bec0-02987e19f571,78b1cd36-d7d6-4334-83d5-3b1f4e7c3986,-12.8044,4.792242,5.730718,0,0.7071068,0,0.7071068,food014,natives/stm/scenes/birthday/stage3/stage3_seta.scn.20,Props/sm2502_Cake01B/sm2502_Cake01B.mesh,Props/sm2502_Cake01B/sm2502_Cake01B.mdf2,Jacks55thBirthday
FALSE,,,food014,TRUE,1,-1,-1,,7,014aeac4-d3d7-44f0-b7f6-f8806f50586e,facb7193-2749-4ec5-8dcb-4914e9db68f5,10.13158,4.696309,7.465474,0,0.7071068,0,0.7071068,food014,natives/stm/scenes/birthday/stage3/stage3_seta.scn.20,Props/sm2502_Cake01B/sm2502_Cake01B.mesh,Props/sm2502_Cake01B/sm2502_Cake01B.mdf2,Jacks55thBirthday
FALSE,,,food014,TRUE,1,-1,-1,,7,fc45d688-40fb-41bd-9880-2f46c5ba635d,868531c8-9490-4c3f-8770-2c0879ba1293,20.51173,5.16587,8.863023,0,-0.7071068,0,0.7071068,food014,natives/stm/scenes/birthday/stage3/stage3_seta.scn.20,Props/sm2502_Cake01B/sm2502_Cake01B.mesh,Props/sm2502_Cake01B/sm2502_Cake01B.mdf2,Jacks55thBirthday
FALSE,,,food014,TRUE,1,-1,-1,,7,b3833e36-4d56-445e-bd82-e52088d5d058,0150a0b4-8ceb-465f-b1df-a891d91fa28f,-9.490857,1.168128,-2.40934,0,-0.5054165,0,0.8628755,food014,natives/stm/scenes/birthday/stage3/stage3_seta.scn.20,Props/sm2502_Cake01B/sm2502_Cake01B.mesh,Props/sm2502_Cake01B/sm2502_Cake01B.mdf2,Jacks55thBirthday
FALSE,,,food014,TRUE,1,-1,-1,,7,418fd05e-0cd5-4d47-9e49-b442d16c5d0a,cbf31d76-de57-4a9f-b244-f0be062b93d1,32.47245,0.897564,12.20483,0,-0.7071068,0,0.7071068,food014,natives/stm/scenes/birthday/stage3/stage3_seta.scn.20,Props/sm2502_Cake01B/sm2502_Cake01B.mesh,Props/sm2502_Cake01B/sm2502_Cake01B.mdf2,Jacks55thBirthday
FALSE,,,food014,TRUE,1,-1,-1,,7,8886021f-18cb-4d31-9752-478a35549a32,af640eff-b6f4-43fc-a8de-b5164d2ae650,-10.22696,-4.267759,5.383782,0,-0.350567,0,0.9365376,food014,natives/stm/scenes/birthday/stage3/stage3_setb.scn.20,Props/sm2502_Cake01B/sm2502_Cake01B.mesh,Props/sm2502_Cake01B/sm2502_Cake01B.mdf2,Jacks55thBirthday
FALSE,,,food014,TRUE,1,-1,-1,,7,7f2513f6-1925-45b5-b370-3984122a08bc,54da5ad8-ff52-4f99-9803-1892ee5c90d0,-11.24744,-4.267758,5.447278,0,-0.350567,0,0.9365376,food014,natives/stm/scenes/birthday/stage3/stage3_setb.scn.20,Props/sm2502_Cake01B/sm2502_Cake01B.mesh,Props/sm2502_Cake01B/sm2502_Cake01B.mdf2,Jacks55thBirthday
FALSE,,,food014,TRUE,1,-1,-1,,7,402d1f13-7fc5-425a-9d3c-ba2a5c6fdd33,f8c22707-7695-4b3d-80e2-44218119935c,-11.71326,5.010619,1.273047,0,1,0,-4.37E-08,food014,natives/stm/scenes/birthday/stage3/stage3_setb.scn.20,Props/sm2502_Cake01B/sm2502_Cake01B.mesh,Props/sm2502_Cake01B/sm2502_Cake01B.mdf2,Jacks55thBirthday
FALSE,,,food014,TRUE,1,-1,-1,,7,1da2b6a2-212c-4d18-9a6f-378e69ad683b,54aa0d58-3b59-470a-ba6e-630e43790cac,8.963394,9.634629,0.8084661,0,0.3153069,0,0.9489897,food014,natives/stm/scenes/birthday/stage3/stage3_setb.scn.20,Props/sm2502_Cake01B/sm2502_Cake01B.mesh,Props/sm2502_Cake01B/sm2502_Cake01B.mdf2,Jacks55thBirthday
FALSE,,,food014,TRUE,1,-1,-1,,7,29e3652e-7cb0-46c9-8812-516c5e07da5d,f9ba758b-8c10-4de7-8804-c0521e39d7ec,11.20866,4.876076,13.35133,0,0.9659258,0,0.258819,food014,natives/stm/scenes/birthday/stage3/stage3_setb.scn.20,Props/sm2502_Cake01B/sm2502_Cake01B.mesh,Props/sm2502_Cake01B/sm2502_Cake01B.mdf2,Jacks55thBirthday
FALSE,,,food014,TRUE,1,-1,-1,,7,b41a9f7b-6ba3-4709-9a48-7d21205c2cef,c82107bb-5950-4042-8b4c-c7b884422791,20.54969,5.168308,7.583134,0,0.8660254,0,-0.5,food014,natives/stm/scenes/birthday/stage3/stage3_setb.scn.20,Props/sm2502_Cake01B/sm2502_Cake01B.mesh,Props/sm2502_Cake01B/sm2502_Cake01B.mdf2,Jacks55thBirthday
FALSE,,,food014,TRUE,1,-1,-1,,7,668ed9bd-1f6c-4f93-ad34-d851df9ceb1c,6e9e9f60-b87d-43e8-adbf-a13fd1ce1cc7,-23.24073,1.32409,3.37687,0,0.5895397,0,0.8077394,food014,natives/stm/scenes/birthday/stage3/stage3_setb.scn.20,Props/sm2502_Cake01B/sm2502_Cake01B.mesh,Props/sm2502_Cake01B/sm2502_Cake01B.mdf2,Jacks55thBirthday
FALSE,,,food018,TRUE,1,-1,-1,,7,d323a651-0599-44d9-b2f3-4ff1e4fa9c76,4c09a72f-618b-4e32-b930-581955ef8a64,11.1253,-6.757695,4.588547,0,0,0,1,food018,natives/stm/scenes/birthday/stage1/stage1_setb.scn.20,Props/sm9033_BadFood01A/sm9033_BadFood01A.mesh,Props/sm9033_BadFood01A/sm9033_BadFood01A.mdf2,Jacks55thBirthday
FALSE,,,food018,TRUE,1,-1,-1,,7,0233fac8-d4ef-454f-a54d-613f5fb6387b,159233e8-ce6c-4f7f-9c4b-8354fbb4f768,47.1823,-0.2029487,20.82542,0,0.567585,0,0.8233148,garbage,natives/stm/scenes/birthday/stage2/stage2_setb.scn.20,Props/sm9033_BadFood01A/sm9033_BadFood01A.mesh,Props/sm9033_BadFood01A/sm9033_BadFood01A.mdf2,Jacks55thBirthday
FALSE,,,food018,TRUE,1,-1,-1,,7,bd23af1d-81d0-4e3d-87f6-02ecdee8496f,ef3cea33-22df-05aa-23b2-398e00649228,-0.05821612,0.392025,-4.21,0,0,0,1,food018,natives/stm/scenes/birthday/stage1/stage1_seta.scn.20,Props/sm9033_BadFood01A/sm9033_BadFood01A.mesh,Props/sm9033_BadFood01A/sm9033_BadFood01A.mdf2,Jacks55thBirthday
FALSE,,,food018,TRUE,1,-1,-1,,7,602f0746-1da1-4052-b18d-9596b045948c,82fb76e5-3d1a-4af5-bffb-e48e762968a5,-9.970662,-5.237717,10.27476,0,0.9659258,0,-0.258819,food018,natives/stm/scenes/birthday/stage3/stage3_setb.scn.20,Props/sm9033_BadFood01A/sm9033_BadFood01A.mesh,Props/sm9033_BadFood01A/sm9033_BadFood01A.mdf2,Jacks55thBirthday
FALSE,,,food018,TRUE,1,-1,-1,,7,4f8a18be-8347-4cd6-93a1-24dd652bf1f9,da21621c-cb62-4920-88d7-4fc2382d75c6,-6.507605,-5.196424,16.78371,0,0.7071068,0,0.7071068,food018,natives/stm/scenes/birthday/stage3/stage3_setb.scn.20,Props/sm9033_BadFood01A/sm9033_BadFood01A.mesh,Props/sm9033_BadFood01A/sm9033_BadFood01A.mdf2,Jacks55thBirthday
FALSE,,,food018,TRUE,1,-1,-1,,7,2870112e-57dc-43ab-a9c1-1e64caef6b87,c9c5a7dc-b874-462d-98d0-9d3d71904695,-3.212882,-6.76317,12.64952,0,1,0,-4.37E-08,food018,natives/stm/scenes/birthday/stage3/stage3_setb.scn.20,Props/sm9033_BadFood01A/sm9033_BadFood01A.mesh,Props/sm9033_BadFood01A/sm9033_BadFood01A.mdf2,Jacks55thBirthday
FALSE,,,food018,TRUE,1,-1,-1,,7,ec0cef27-2863-4858-9fad-5213953e895b,1ab0764b-fc84-408a-a08f-07931fae6fd3,-13.29078,5.176733,-0.5726897,0,0.7071068,0,0.7071068,food018,natives/stm/scenes/birthday/stage3/stage3_setb.scn.20,Props/sm9033_BadFood01A/sm9033_BadFood01A.mesh,Props/sm9033_BadFood01A/sm9033_BadFood01A.mdf2,Jacks55thBirthday
FALSE,,,food018,TRUE,1,-1,-1,,7,d4332596-ce0c-45ff-9481-7e9aa214fd06,ce1554ef-9aaa-48ed-9f52-ca226fe68029,28.85427,4.40702,1.392758,0,-0.7071068,0,0.7071068,food018,natives/stm/scenes/birthday/stage3/stage3_setb.scn.20,Props/sm9033_BadFood01A/sm9033_BadFood01A.mesh,Props/sm9033_BadFood01A/sm9033_BadFood01A.mdf2,Jacks55thBirthday
FALSE,,,food018,TRUE,1,-1,-1,,7,29614343-e5d9-45f6-bc26-2f58a8b7d10f,0bfeacd5-e02e-4b08-8ba5-b91cdb056d04,10.04294,4.701691,7.571468,0,0.1275471,0,0.9918325,food018,natives/stm/scenes/birthday/stage3/stage3_setb.scn.20,Props/sm9033_BadFood01A/sm9033_BadFood01A.mesh,Props/sm9033_BadFood01A/sm9033_BadFood01A.mdf2,Jacks55thBirthday
FALSE,,,food019,TRUE,1,-1,-1,,7,9d572462-f6a9-48e4-985f-c5c052e428e7,aec71ef9-1c48-0d99-28bc-86eebad0ee4f,45.0345,-1.240169,-3.163721,0,0,0,1,food019,natives/stm/scenes/birthday/stage3/stage3_setb.scn.20,Props/sm9014_ForceFed01A/sm9014_ForceFed01A.mesh,Props/sm9014_ForceFed01A/sm9014_ForceFed01A.mdf2,Jacks55thBirthday
FALSE,,,Herb,TRUE,1,-1,-1,Normal,3,eade4d4f-b3cc-4e2f-b2e8-b468e12e3fa5,ac02345c-459b-4ef5-b11f-b3126463c095,1.924374,-0.6523533,18.94116,0,0,0,1,sm1800_Herb00A_Get,natives/stm/leveldesign/itemset/chapter3/gardenarea/normal.scn.20,Props/sm1800_Herb00A/sm1800_Herb00A.mesh,Props/sm1800_Herb00A/sm1800_Herb00A.mdf2,
FALSE,,,Herb,TRUE,1,-1,-1,Normal,3,16491efa-f219-4335-88f1-be58c2f2fdae,e398768e-aea3-0121-3b27-059ca659668c,22.24799,0.5262469,14.43555,-0.03036464,0.008391245,-0.1076505,0.9936896,sm1800_Herb00A_Get,natives/stm/leveldesign/itemset/chapter3/gardenarea/normal.scn.20,Props/sm1800_Herb00A/sm1800_Herb00A.mesh,Props/sm1800_Herb00A/sm1800_Herb00A.mdf2,
FALSE,,,Herb,TRUE,1,-1,-1,Madhouse,3,3cd1c2fe-4551-46b4-9cdc-0998b5cc8ff9,c900aa8a-19eb-04a0-2f0a-b25cd16714db,38.48785,-2.08511,78.55884,0,0,0,1,sm1800_Herb00A_Get,natives/stm/leveldesign/itemset/chapter3/greenhouse/hard.scn.20,Props/sm1800_Herb00A/sm1800_Herb00A.mesh,Props/sm1800_Herb00A/sm1800_Herb00A.mdf2,
FALSE,,,Herb,TRUE,1,-1,-1,Madhouse,3,06edfa65-f645-4936-a85a-4b946b4f30fa,f33c9211-aaff-0b22-1b8c-f0500fe4abd8,14.66486,1.839296,79.58909,0,0,0,1,sm1800_Herb00A_Get,natives/stm/leveldesign/itemset/chapter3/greenhouse/hard.scn.20,Props/sm1800_Herb00A/sm1800_Herb00A.mesh,Props/sm1800_Herb00A/sm1800_Herb00A.mdf2,
FALSE,,,Herb,TRUE,1,-1,-1,Madhouse,3,ccd62cb7-3f3a-4a3d-8036-d684288e19da,390744c3-6380-0829-33e0-6d404c2582f8,14.93311,1.842713,79.24568,0,0,0,1,sm1800_Herb00A_Get,natives/stm/leveldesign/itemset/chapter3/greenhouse/hard.scn.20,Props/sm1800_Herb00A/sm1800_Herb00A.mesh,Props/sm1800_Herb00A/sm1800_Herb00A.mdf2,
FALSE,,,Herb,TRUE,1,-1,-1,Madhouse,3,7e36291a-3b98-4678-a75a-cadbfaa30e66,8be7416e-6722-046c-148c-711f9e089544,-23.28651,0.4020418,-7.760836,0.02326765,0.05401938,-0.06904067,0.9958785,sm1800_Herb00A_Get,natives/stm/leveldesign/itemset/chapter3/mainhouse_east/hard.scn.20,Props/sm1800_Herb00A/sm1800_Herb00A.mesh,Props/sm1800_Herb00A/sm1800_Herb00A.mdf2,
FALSE,,,Herb,TRUE,1,-1,-1,Madhouse,3,a7d0ed81-5db9-4ba6-944a-8c3f8c283eae,520185f5-0103-09b2-279c-37fbe883a58c,-1.971614,-6.576904,-3.686119,0,0,0,1,sm1800_Herb00A_Get,natives/stm/leveldesign/itemset/chapter3/mainhouse_east/hard.scn.20,Props/sm1800_Herb00A/sm1800_Herb00A.mesh,Props/sm1800_Herb00A/sm1800_Herb00A.mdf2,
FALSE,,,Herb,TRUE,1,-1,-1,Madhouse,3,a39c553e-713f-4376-87a6-36a9725fab74,564d3d4a-2d85-0162-3470-8d6d16f43056,46.06307,4.662277,24.68745,0,0,0,1,sm1800_Herb00A_Get,natives/stm/leveldesign/itemset/chapter3/lucasarea/hard.scn.20,Props/sm1800_Herb00A/sm1800_Herb00A.mesh,Props/sm1800_Herb00A/sm1800_Herb00A.mdf2,
FALSE,,,Herb,TRUE,1,-1,-1,Madhouse,3,a84605fa-5772-4bc6-92fb-f59e5880b6b6,5d976d8e-0bc8-09d2-212d-4e5a3c2b2d94,56.85764,-0.574173,27.19807,0,0,0,1,sm1800_Herb00A_Get,natives/stm/leveldesign/itemset/chapter3/lucasarea/hard.scn.20,Props/sm1800_Herb00A/sm1800_Herb00A.mesh,Props/sm1800_Herb00A/sm1800_Herb00A.mdf2,
FALSE,,,Herb,TRUE,1,-1,-1,Normal,3,c6b245f0-1c74-00c2-1980-32153efdb527,279f5c1f-c2a9-00d6-17d2-27bd581c7175,-0.1223456,0.02623884,0.1438017,-0.6416169,-0.5209069,0.02152311,0.5626016,sm1800_Herb00A_Get,natives/stm/leveldesign/itemset/chapter3/oldhouse/normal.scn.20,Props/sm1800_Herb00A/sm1800_Herb00A.mesh,Props/sm1800_Herb00A/sm1800_Herb00A.mdf2,
FALSE,,,Herb,TRUE,1,-1,-1,Normal,3,ddf438d2-fc69-4337-a653-74ff2eba4fb0,282550a6-a0d3-0123-1585-cf3b4a11d492,-60.95395,-1.872379,92.73181,0,0,0,1,sm1800_Herb00A_Get,natives/stm/leveldesign/itemset/chapter3/oldhouse/normal.scn.20,Props/sm1800_Herb00A/sm1800_Herb00A.mesh,Props/sm1800_Herb00A/sm1800_Herb00A.mdf2,
FALSE,,,Herb,TRUE,1,-1,-1,Normal,3,aa17f690-8061-4e89-8d36-9652c940901b,286009e0-8ce3-4a91-9dd2-442957c98675,-3.400401,-2.328546,87.49411,-0.5060231,0,0,0.8625199,_sm1800_Herb00A_Get,natives/stm/leveldesign/itemset/chapter3/oldhouse/normal.scn.20,Props/sm1800_Herb00A/sm1800_Herb00A.mesh,Props/sm1800_Herb00A/sm1800_Herb00A.mdf2,
FALSE,,,Herb,TRUE,1,-1,-1,Madhouse,3,87487ba4-9748-43c1-b3a6-de3666a67f3c,729913d0-cbf2-01d5-0070-65f2020de41e,-42.72803,-2.441726,105.0207,0,0,0,1,sm1800_Herb00A_Get,natives/stm/leveldesign/itemset/chapter3/oldhouse/hard.scn.20,Props/sm1800_Herb00A/sm1800_Herb00A.mesh,Props/sm1800_Herb00A/sm1800_Herb00A.mdf2,
FALSE,,,Herb,TRUE,1,-1,-1,Madhouse,3,69ae6ee2-542d-437d-a4ca-1d776234024f,9c7f0696-0897-0169-171c-a6b3069f996d,-16.31107,-2.92841,95.26921,0,0,0,1,sm1800_Herb00A_Get,natives/stm/leveldesign/itemset/chapter3/oldhouse/hard.scn.20,Props/sm1800_Herb00A/sm1800_Herb00A.mesh,Props/sm1800_Herb00A/sm1800_Herb00A.mdf2,
FALSE,,,Herb,TRUE,1,-1,-1,,3,1d378167-6612-4ef4-8cbc-55c532bc0c28,70d782bb-b6c0-0a27-3d65-cb187a525bb4,-11.2692,5.604553,-1.408332,-3.46E-09,0.9995437,-1.37E-09,0.03020419,sm1857_InventoryExpansionItem_Get,natives/stm/leveldesign/itemset/chapter3/mainhouse_east/mainhouse_east.scn.20,Props/sm1857_InventoryExpansionItem/sm1857_InventoryExpansionItem.mesh,Props/sm1857_InventoryExpansionItem/sm1857_InventoryExpansionItem.mdf2,
FALSE,,,Herb,TRUE,1,-1,-1,Madhouse,3,7fc32481-665d-43c1-9c7b-f4dc9b7ab945,8a124cf5-3ae7-01d5-2fad-4f18ffd12267,1.901011,-0.6855712,18.94319,0,0,0,1,sm1800_Herb00A_Get,natives/stm/leveldesign/itemset/chapter3/gardenarea/hard.scn.20,Props/sm1800_Herb00A/sm1800_Herb00A.mesh,Props/sm1800_Herb00A/sm1800_Herb00A.mdf2,
FALSE,,,Herb,TRUE,1,-1,-1,Normal,3,33b6c785-c4ea-4b3e-82ed-8e9d19316b25,3694c7c6-605d-4ef4-b867-d4be73a8e4f7,40.3997,-2.956964,74.73942,-0.0738478,0,0,0.9972695,_sm1800_Herb00A_Get,natives/stm/leveldesign/itemset/chapter3/greenhouse/normal.scn.20,Props/sm1800_Herb00A/sm1800_Herb00A.mesh,Props/sm1800_Herb00A/sm1800_Herb00A.mdf2,
FALSE,,,Herb,TRUE,1,-1,-1,Normal,3,7db248c8-80f2-4c34-8e17-89ca5372b715,ba037682-db49-49b3-9c47-8dad7e00474b,14.66486,1.839296,79.58909,0,0,0,1,_sm1800_Herb00A_Get,natives/stm/leveldesign/itemset/chapter3/greenhouse/normal.scn.20,Props/sm1800_Herb00A/sm1800_Herb00A.mesh,Props/sm1800_Herb00A/sm1800_Herb00A.mdf2,
FALSE,,,GimmickKnife,TRUE,1,-1,-1,,7,05ee8f07-6656-49e8-bbe3-f4ccec20a3b6,5715231e-eb06-4d92-9afe-edeb08c42dc1,0,0,0,0,0,0,1,wp2170_Knife01A_Event,natives/stm/animation/ingame/c07/event_c07_1.scn.20,Weapon/wp2170_Knife01A/wp2170_Knife01A.mesh,Weapon/wp2170_Knife01A/wp2170.mdf2,Bedroom
FALSE,,,Herb,TRUE,1,-1,-1,Normal,3,1079754b-cfa0-4909-8899-88595e3a83b8,a7064853-3aba-4ff5-8917-88ef69118da4,14.93311,1.842713,79.24568,0,0,0,1,_sm1800_Herb00A_Get,natives/stm/leveldesign/itemset/chapter3/greenhouse/normal.scn.20,Props/sm1800_Herb00A/sm1800_Herb00A.mesh,Props/sm1800_Herb00A/sm1800_Herb00A.mdf2,
FALSE,,,Herb,TRUE,1,-1,-1,Madhouse,3,a6228a49-b25d-4932-82d7-415f031584d6,53f3e23d-eee7-0b26-3101-fa9b67be1ff4,110.4674,-2.498329,81.35278,0,0.8285796,0,0.5598714,sm1800_Herb00A_Get,natives/stm/leveldesign/itemset/chapter3/boatshed/hard.scn.20,Props/sm1800_Herb00A/sm1800_Herb00A.mesh,Props/sm1800_Herb00A/sm1800_Herb00A.mdf2,
FALSE,,,Herb,TRUE,1,-1,-1,Madhouse,3,6f853f50-2a78-4bd2-bcf1-478aa95f357c,9a545724-76c2-09c6-0f27-fc4ecdf4ae5e,110.3111,-2.504035,81.2145,0,0,0,1,sm1800_Herb00A_Get,natives/stm/leveldesign/itemset/chapter3/boatshed/hard.scn.20,Props/sm1800_Herb00A/sm1800_Herb00A.mesh,Props/sm1800_Herb00A/sm1800_Herb00A.mdf2,
FALSE,,,Herb,TRUE,1,-1,-1,Madhouse,3,17dcbd91-f8d6-4054-91bc-b6372b40f23f,e20dd5e5-a46c-0240-226a-0df34feb691d,27.50845,0.5767894,14.50906,0,0,0,1,sm1800_Herb00A_Get,natives/stm/leveldesign/itemset/chapter3/mainhouse_west/hard.scn.20,Props/sm1800_Herb00A/sm1800_Herb00A.mesh,Props/sm1800_Herb00A/sm1800_Herb00A.mdf2,
FALSE,,,Herb,TRUE,1,-1,-1,Madhouse,3,fb57ffae-83dc-4359-9297-42791f7713e7,0e8697da-df66-014d-2141-f9bd7bdc88c5,28.21668,4.160587,15.09622,0,0,0,1,sm1800_Herb00A_Get,natives/stm/leveldesign/itemset/chapter3/mainhouse_west/hard.scn.20,Props/sm1800_Herb00A/sm1800_Herb00A.mesh,Props/sm1800_Herb00A/sm1800_Herb00A.mdf2,
FALSE,,,Herb,TRUE,1,-1,-1,Normal,3,6b89bc84-b9ed-488a-bae9-68a687ae27cc,a47ab608-40ae-4c3f-ad26-58ae79f5ac7a,51.27953,5.072939,30.60602,0,0,0,1,_sm1800_Herb00A_Get,natives/stm/leveldesign/itemset/chapter3/lucasarea/normal.scn.20,Props/sm1800_Herb00A/sm1800_Herb00A.mesh,Props/sm1800_Herb00A/sm1800_Herb00A.mdf2,
FALSE,,,Herb,TRUE,1,-1,-1,Normal,3,778362f0-8883-44e6-a1b4-608770987bdd,967115b4-ec32-43ac-ba67-ce45286d1dae,107.0471,-2.909811,74.6744,0.4736939,-0.2626323,0.4125707,0.7324096,sm1800_Herb00A_Get,natives/stm/leveldesign/itemset/chapter3/boatshed/normal.scn.20,Props/sm1800_Herb00A/sm1800_Herb00A.mesh,Props/sm1800_Herb00A/sm1800_Herb00A.mdf2,
FALSE,,,Herb,TRUE,1,-1,-1,Madhouse,3,b5a22513-bf0b-4f1b-88bc-dce5340447b8,40734d67-e3b1-0d0f-3b6a-672150afdc9a,-9.461762,1.1973,2.925538,0,0,0,1,sm1800_Herb00A_Get,natives/stm/leveldesign/itemset/chapter3/mainhouse_hall/hard.scn.20,Props/sm1800_Herb00A/sm1800_Herb00A.mesh,Props/sm1800_Herb00A/sm1800_Herb00A.mdf2,
FALSE,,,Herb,TRUE,1,-1,-1,Normal,3,c514fd47-209e-4331-bdce-179685a0f0ce,30c59533-7c24-0125-0e18-ac52e10b6bec,4.74109,0.7973038,6.48011,0,0,0,1,sm1800_Herb00A_Get,natives/stm/leveldesign/itemset/chapter3/mainhouse_hall/normal.scn.20,Props/sm1800_Herb00A/sm1800_Herb00A.mesh,Props/sm1800_Herb00A/sm1800_Herb00A.mdf2,
FALSE,,,Herb,TRUE,1,-1,-1,,3,f51cc27b-07ea-42e8-908b-a0c21e3ff800,00cdaa0f-5b50-00fc-235d-1b067a946322,0.1131973,-0.0846293,-0.06372929,-0.5930407,0.02366646,0.01744279,0.8046358,sm1800_Herb00A_Get,natives/stm/environment/scene/chapter3/c03_mainhouse1fwash.scn.20,Props/sm1800_Herb00A/sm1800_Herb00A.mesh,Props/sm1800_Herb00A/sm1800_Herb00A.mdf2,
FALSE,,,Herb,TRUE,1,-1,-1,Normal,3,2a523e48-d97c-48fd-9612-144f9056f8b0,df83563c-85c6-0ae9-25c4-af8bf4fd6392,70.64217,2.55836,3.66784,-0.6459033,-0.3566496,0.1981991,0.6452342,_sm1800_Herb00A_Get,natives/stm/leveldesign/itemset/chapter3/cowshed/normal.scn.20,Props/sm1800_Herb00A/sm1800_Herb00A.mesh,Props/sm1800_Herb00A/sm1800_Herb00A.mdf2,
FALSE,,,Herb,TRUE,1,-1,-1,Normal,3,23ebf39f-5b58-49b0-9512-95d44419d6e2,d63a9beb-07e2-0ba4-26c4-2e1020b24dc0,87.9092,-0.9747612,-2.563017,0,0,0,1,_sm1800_Herb00A_Get,natives/stm/leveldesign/itemset/chapter3/cowshed/normal.scn.20,Props/sm1800_Herb00A/sm1800_Herb00A.mesh,Props/sm1800_Herb00A/sm1800_Herb00A.mdf2,
FALSE,,,Herb,TRUE,1,-1,-1,Normal,3,e1c6e6e4-c009-4972-88b8-520ca5de8bda,14178e90-9cb3-0b66-3b6e-e9c8c17510f8,9.23792,0.02401865,0.3690942,0,0,0,1,sm1800_Herb00A_Get,natives/stm/leveldesign/itemset/chapter3/mainhouse_west/normal.scn.20,Props/sm1800_Herb00A/sm1800_Herb00A.mesh,Props/sm1800_Herb00A/sm1800_Herb00A.mdf2,
FALSE,,,Herb,TRUE,1,-1,-1,Normal,3,ee1ddf5f-6a3e-4a53-b27d-ca2ac20dbbaa,7f1dedb6-c257-4030-baaa-e44ac3ef9d13,21.11776,0.5390167,6.891929,-0.1336838,0.1366833,-0.575871,0.7948704,_sm1800_Herb00A_Get,natives/stm/leveldesign/itemset/chapter3/mainhouse_west/normal.scn.20,Props/sm1800_Herb00A/sm1800_Herb00A.mesh,Props/sm1800_Herb00A/sm1800_Herb00A.mdf2,
FALSE,,,Herb,TRUE,1,-1,-1,Normal,3,556878d0-a5d9-4b47-aefe-b12e7fce4c3b,a0b910a4-f963-0953-1d28-0aea1b65d719,6.582178,4.033641,15.34511,0,0,0,1,sm1800_Herb00A_Get,natives/stm/leveldesign/itemset/chapter3/mainhouse_west/normal.scn.20,Props/sm1800_Herb00A/sm1800_Herb00A.mesh,Props/sm1800_Herb00A/sm1800_Herb00A.mdf2,
FALSE,,,Herb,TRUE,1,-1,-1,Normal,3,7c48e6be-29cc-4a87-a4d2-3188d23e98b2,979fa21d-cb88-4395-a897-90b792e7e1b9,12.4147,4.972555,2.641917,0,0.09622408,0,0.9953597,_sm1800_Herb00A_Get,natives/stm/leveldesign/itemset/chapter3/mainhouse_west/normal.scn.20,Props/sm1800_Herb00A/sm1800_Herb00A.mesh,Props/sm1800_Herb00A/sm1800_Herb00A.mdf2,
FALSE,,,Herb,TRUE,1,-1,-1,Normal,3,52072bc0-b890-4241-a91c-6ea25100477c,4d60ec73-2d58-4815-ab64-397d1379ce6a,-9.493905,4.573372,1.595898,0,0,0,1,_sm1800_Herb00A_Get,natives/stm/leveldesign/itemset/chapter3/mainhouse_east/normal.scn.20,Props/sm1800_Herb00A/sm1800_Herb00A.mesh,Props/sm1800_Herb00A/sm1800_Herb00A.mdf2,
FALSE,,,GreenHouseKey,TRUE,1,-1,-1,,7,cb53b6ff-5326-412c-8a6c-cadd9825e0d0,a45c3ebd-380c-0aba-3c1d-a03a66114776,9.592878,0.635352,2.012471,0.7138714,0.5057704,0.4155687,0.2487858,sm2620_GreenHouseKey01A_Get,natives/stm/scenes/imd/copyscene/itemset_c03/0/mainhouse_west.scn.20,Props/sm2620_GreenHouseKey01A/sm2620_GreenHouseKey01A.mesh,Props/sm2620_GreenHouseKey01A/sm2620_GreenHouseKey01A.mdf2,EthanMustDie
FALSE,,,Grenadebomb,TRUE,1,-1,-1,,8,5dc89fe8-b7b4-4f4b-85a6-3e5aa47a0140,bb617f1e-309a-0fb9-1c89-743728ddc0ae,0,0,0,0,0,0,1,wp3000_Grenadebomb_Get,natives/stm/ch8/scenes/residentweapons.scn.20,CH8/Weapon/wp3000_Grenadebomb/wp3000_Grenadebomb.mesh,CH8/Weapon/wp3000_Grenadebomb/wp3000_Grenadebomb.mdf2,NotAHero
FALSE,,,Grenadebomb,TRUE,1,-1,-1,,8,3c575da2-2afa-4dd4-b618-6a7680ce535b,91c823e4-4ed3-04f7-37a5-db00598c4167,0,0,0,0,0,0,1,wp3000_Grenadebomb_Item,natives/stm/ch8/scenes/residentweapons.scn.20,CH8/Weapon/wp3000_Grenadebomb/wp3000_Grenadebomb.mesh,CH8/Weapon/wp3000_Grenadebomb/wp3000_Grenadebomb.mdf2,NotAHero
FALSE,,,Grenadebomb,TRUE,1,-1,-1,Normal,8,01d3028a-7ec5-4661-95d9-db1f3bf9bf94,9a15b251-6787-44f9-96f1-5787fbcdca97,15.62527,-83.74614,-208.8454,0,0,0,1,wp3000_Grenadebomb_Get,natives/stm/ch8/leveldesign/itemset/chapter8/c08_storage01/normal.scn.20,CH8/Weapon/wp3000_Grenadebomb/wp3000_Grenadebomb.mesh,CH8/Weapon/wp3000_Grenadebomb/wp3000_Grenadebomb.mdf2,NotAHero
FALSE,,,Grenadebomb,TRUE,1,-1,-1,Madhouse,8,bed86eb9-45b3-4f6f-adee-b4c5ca669467,48a52857-669f-4fac-8620-608142b7847f,-46.73817,-89.92465,-213.4621,0.6355863,-0.5583118,-0.01154352,0.5330899,wp3000_Grenadebomb_Get,natives/stm/ch8/leveldesign/itemset/chapter8/c08_storage05/hard.scn.20,CH8/Weapon/wp3000_Grenadebomb/wp3000_Grenadebomb.mesh,CH8/Weapon/wp3000_Grenadebomb/wp3000_Grenadebomb.mdf2,NotAHero
FALSE,,,Grenadebomb,TRUE,1,-1,-1,,8,7ef63140-1a76-496e-be45-de9cfe8ff367,985fd1b6-9d58-099c-276a-94f172283289,0,1.239433,0,0,0.9474938,0,-0.3197741,wp3000_Grenadebomb_Get,natives/stm/ch8/environment/scene/chapter8/c08_labopassage03.scn.20,CH8/Weapon/wp3000_Grenadebomb/wp3000_Grenadebomb.mesh,CH8/Weapon/wp3000_Grenadebomb/wp3000_Grenadebomb.mdf2,NotAHero
FALSE,,,Grenadebomb,TRUE,1,-1,-1,,8,dd812d9e-0e1d-4fa6-a34f-4c9ea6db4d60,3b28cd68-8933-0f54-3a60-06f32a7c8c8e,-0.1232758,1.238571,0,0,0,0,1,wp3000_Grenadebomb_Get,natives/stm/ch8/environment/scene/chapter8/c08_labopassage03.scn.20,CH8/Weapon/wp3000_Grenadebomb/wp3000_Grenadebomb.mesh,CH8/Weapon/wp3000_Grenadebomb/wp3000_Grenadebomb.mdf2,NotAHero
FALSE,,,Grenadebomb,TRUE,1,-1,-1,Normal,8,adbd2259-9334-46aa-ac3e-0406b36c8ecb,4b14c2af-141a-0658-3511-4e6b3fcb4f25,76.78378,-72.6061,-189.3454,0.3006545,0.4767806,-0.4405892,0.6986904,wp3000_Grenadebomb_Get,natives/stm/ch8/leveldesign/itemset/chapter8/c08_mine01/normal.scn.20,CH8/Weapon/wp3000_Grenadebomb/wp3000_Grenadebomb.mesh,CH8/Weapon/wp3000_Grenadebomb/wp3000_Grenadebomb.mdf2,NotAHero
FALSE,,,Grenadebomb,TRUE,1,-1,-1,,8,698ec2ac-c015-450e-a9cf-0abf261c0d7b,8f27225a-473b-05fc-30e0-40d2aabbcc95,0,0,0,0,0,0,1,wp3000_Grenadebomb_Get,natives/stm/ch8/scenes/itemset_resident.scn.20,CH8/Weapon/wp3000_Grenadebomb/wp3000_Grenadebomb.mesh,CH8/Weapon/wp3000_Grenadebomb/wp3000_Grenadebomb.mdf2,NotAHero
FALSE,,,Grenadebomb,TRUE,1,-1,-1,Normal,8,50a28b6a-9de7-4998-a80f-304802027e1f,b60b6b9c-1ac9-096a-3120-7a258ea5bff1,12.20331,-70.18148,-82.52961,0.1070747,-0.5509215,0.8209723,-0.1050002,wp3000_Grenadebomb_Get,natives/stm/ch8/leveldesign/itemset/chapter8/c08_miningpassage04/normal.scn.20,CH8/Weapon/wp3000_Grenadebomb/wp3000_Grenadebomb.mesh,CH8/Weapon/wp3000_Grenadebomb/wp3000_Grenadebomb.mdf2,NotAHero
FALSE,,,Grenadebomb,TRUE,1,-1,-1,Madhouse,8,8693a109-b31a-4c67-95dc-599ec276d4ec,0b421947-9556-4cd7-9d5f-00a8b6ea14fd,17.11591,-68.12122,-99.87354,0,0,0,1,wp3000_Grenadebomb_Get,natives/stm/ch8/leveldesign/itemset/chapter8/c08_miningdome01/hard.scn.20,CH8/Weapon/wp3000_Grenadebomb/wp3000_Grenadebomb.mesh,CH8/Weapon/wp3000_Grenadebomb/wp3000_Grenadebomb.mdf2,NotAHero
FALSE,,,Grenadebomb,TRUE,1,-1,-1,Normal,8,be6b9542-6b82-40b1-98c2-506ea38f8364,58c275b4-ecac-0043-01ed-1a032f28428a,-16.25404,-43.69281,-176.8212,0,0,0,1,wp3000_Grenadebomb_Get,natives/stm/ch8/leveldesign/itemset/chapter8/c08_cave03/normal.scn.20,CH8/Weapon/wp3000_Grenadebomb/wp3000_Grenadebomb.mesh,CH8/Weapon/wp3000_Grenadebomb/wp3000_Grenadebomb.mdf2,NotAHero
FALSE,,,Grenadebomb,TRUE,1,-1,-1,Madhouse,8,bcbd87a1-7ed6-4b5d-a992-795165c937cd,87dad56d-1580-4d19-bff7-0d389b93ce64,12.20331,-70.18148,-82.52961,0.1070747,-0.5509215,0.8209723,-0.1050002,wp3000_Grenadebomb_Get,natives/stm/ch8/leveldesign/itemset/chapter8/c08_miningpassage04/hard.scn.20,CH8/Weapon/wp3000_Grenadebomb/wp3000_Grenadebomb.mesh,CH8/Weapon/wp3000_Grenadebomb/wp3000_Grenadebomb.mdf2,NotAHero
FALSE,,,Grenadebomb,TRUE,1,-1,-1,Madhouse,8,b707e7c3-aff6-4ff8-964e-b67c56fd60b1,0d2d1386-9108-4d29-99bf-8c22fce33187,12.10073,-70.18278,-82.57602,0.7084399,-0.4158064,0.002340187,0.570274,wp3000_Grenadebomb_Get,natives/stm/ch8/leveldesign/itemset/chapter8/c08_miningpassage04/hard.scn.20,CH8/Weapon/wp3000_Grenadebomb/wp3000_Grenadebomb.mesh,CH8/Weapon/wp3000_Grenadebomb/wp3000_Grenadebomb.mdf2,NotAHero
FALSE,,,Grenadebomb,TRUE,1,-1,-1,Madhouse,8,01ec4e87-546d-46a8-a041-ce6305c44869,e745ae71-d343-065a-396e-840e89638987,-23.58337,-40.26047,-185.2927,0.7099667,-0.2888775,0.227898,0.6004673,wp3000_Grenadebomb_Get,natives/stm/ch8/leveldesign/itemset/chapter8/c08_cavepassage05/hard.scn.20,CH8/Weapon/wp3000_Grenadebomb/wp3000_Grenadebomb.mesh,CH8/Weapon/wp3000_Grenadebomb/wp3000_Grenadebomb.mdf2,NotAHero
FALSE,,,Grenadebomb,TRUE,1,-1,-1,Madhouse,8,6dd7363b-178d-4082-8bfc-58fcc8c4b38b,8b7ed6cd-90a3-0070-12d3-129144637265,-23.48023,-40.26132,-185.3102,0,0,0,1,wp3000_Grenadebomb_Get,natives/stm/ch8/leveldesign/itemset/chapter8/c08_cavepassage05/hard.scn.20,CH8/Weapon/wp3000_Grenadebomb/wp3000_Grenadebomb.mesh,CH8/Weapon/wp3000_Grenadebomb/wp3000_Grenadebomb.mdf2,NotAHero
FALSE,,,Grenadebomb,TRUE,1,-1,-1,Madhouse,8,7999eaf7-a509-440a-8e0f-cce0b8b5999c,608c515c-c36c-40d0-9bcc-edb86e2c97b9,75.57677,-73.30373,-181.3305,0.07814045,-0.6623719,0.7344893,0.1252318,wp3000_Grenadebomb_Get,natives/stm/ch8/leveldesign/itemset/chapter8/c08_shieldmachine_entra/hard.scn.20,CH8/Weapon/wp3000_Grenadebomb/wp3000_Grenadebomb.mesh,CH8/Weapon/wp3000_Grenadebomb/wp3000_Grenadebomb.mdf2,NotAHero
FALSE,,,Grenadebomb,TRUE,1,-1,-1,Normal,8,ae4b35e2-ea63-41b4-b874-ec47c91af496,e83875b6-2930-4deb-abe5-4d5972973e83,50.0104,-68.17583,-73.03432,0,0,0.5355915,0.8444772,wp3000_Grenadebomb_Get,natives/stm/ch8/leveldesign/itemset/chapter8/c08_miningtunnel01/normal.scn.20,CH8/Weapon/wp3000_Grenadebomb/wp3000_Grenadebomb.mesh,CH8/Weapon/wp3000_Grenadebomb/wp3000_Grenadebomb.mdf2,NotAHero
FALSE,,,Grenadebomb,TRUE,1,-1,-1,Normal,8,6bda04a1-d5ec-4d07-9bbb-1ce083ae1577,6ea14bc8-a8a1-495d-94cd-0a1c42a79e1f,50.17005,-68.17198,-73.01431,0,0,0,1,wp3000_Grenadebomb_Get,natives/stm/ch8/leveldesign/itemset/chapter8/c08_miningtunnel01/normal.scn.20,CH8/Weapon/wp3000_Grenadebomb/wp3000_Grenadebomb.mesh,CH8/Weapon/wp3000_Grenadebomb/wp3000_Grenadebomb.mdf2,NotAHero
FALSE,,,Grenadebomb,TRUE,1,-1,-1,Madhouse,8,87687934-68b4-4051-8c4b-bf6f97ccbb74,61c199c2-ef9a-00a3-1564-f5021b6b7a9a,50.0104,-68.17583,-73.03432,0,0,0.5355915,0.8444772,wp3000_Grenadebomb_Get,natives/stm/ch8/leveldesign/itemset/chapter8/c08_miningtunnel01/hard.scn.20,CH8/Weapon/wp3000_Grenadebomb/wp3000_Grenadebomb.mesh,CH8/Weapon/wp3000_Grenadebomb/wp3000_Grenadebomb.mdf2,NotAHero
FALSE,,,Grenadebomb,TRUE,1,-1,-1,Normal,8,60976dd9-d064-4345-99d7-23f63929dd9c,863e8d2f-574a-03b7-00f8-699bb58e1c72,75.57677,-73.30373,-181.3305,0.07814045,-0.6623719,0.7344893,0.1252318,wp3000_Grenadebomb_Get,natives/stm/ch8/leveldesign/itemset/chapter8/c08_shieldmachine_entra/normal.scn.20,CH8/Weapon/wp3000_Grenadebomb/wp3000_Grenadebomb.mesh,CH8/Weapon/wp3000_Grenadebomb/wp3000_Grenadebomb.mdf2,NotAHero
FALSE,,,Herb,TRUE,1,-1,-1,Normal,3,3f8bea82-d7c0-4868-babc-f3de7266e2e2,ca5a82f6-8b7a-0a7c-096a-481a16cd79c0,-24.82907,-4.166566,-3.427066,-0.5510461,0.4271392,-0.2732268,0.6627573,sm1800_Herb00A_Get,natives/stm/leveldesign/itemset/chapter3/mainhouse_east/normal.scn.20,Props/sm1800_Herb00A/sm1800_Herb00A.mesh,Props/sm1800_Herb00A/sm1800_Herb00A.mdf2,
FALSE,,,GrenadeLauncher,TRUE,1,-1,-1,,7,4d8af410-11ce-4cf3-92e8-b6d06a7ce1f5,4f59be0d-6c1a-0ab6-26e4-435304ef9ff1,-11.76919,5.04833,1.363329,0.3693491,0.369349,0.602977,0.6029772,wp1110_PortableCannon_Get,natives/stm/scenes/birthday/stage3/stage3_seta.scn.20,Weapon/wp1110_PortableCannon/wp1110_PortableCannon.mesh,Weapon/wp1110_PortableCannon/wp1110.mdf2,Jacks55thBirthday
FALSE,,,Herb,TRUE,1,-1,-1,Normal,3,733170df-a2c3-4093-bfd7-81df84e3c903,f19289f8-75bf-4736-b867-315727ebc474,-19.81451,-5.031177,9.142914,-0.6568065,0.04257672,-0.2832067,0.6975574,_sm1800_Herb00A_Get,natives/stm/leveldesign/itemset/chapter3/mainhouse_east/normal.scn.20,Props/sm1800_Herb00A/sm1800_Herb00A.mesh,Props/sm1800_Herb00A/sm1800_Herb00A.mdf2,
FALSE,,,GrenadeLauncher,TRUE,1,-1,-1,,7,539cb9eb-c96d-406d-8c09-d474116e0d5e,a9dcc683-f095-4c2f-936b-077740d56a94,0,0,0,0,0,0,1,wp1110_PortableCannon_Get,natives/stm/scenes/imd/randomitemboxset_imd.scn.20,Weapon/wp1110_PortableCannon/wp1110_PortableCannon.mesh,Weapon/wp1110_PortableCannon/wp1110.mdf2,EthanMustDie
FALSE,,,GrenadeLauncher,TRUE,1,-1,-1,,7,4716c354-0385-4e49-b792-12002320a839,45c58949-7e51-080c-039e-e7834db3d63d,-6.43715,4.854108,5.023351,0.6863737,0.6863736,0.1699743,0.1699743,wp1110_PortableCannon_Get,natives/stm/scenes/birthday/stage3/stage3_setb.scn.20,Weapon/wp1110_PortableCannon/wp1110_PortableCannon.mesh,Weapon/wp1110_PortableCannon/wp1110.mdf2,Jacks55thBirthday
FALSE,,,Herb,TRUE,1,-1,-1,Normal,3,dc92fab3-24ce-4f8e-9f7f-c54ba3d2918a,bf442d7c-caca-4dca-8b19-5fa28a63af73,-14.17169,-4.991761,14.97911,-0.09975684,-0.1377522,-0.2510839,0.952906,_sm1800_Herb00A_Get,natives/stm/leveldesign/itemset/chapter3/mainhouse_east/normal.scn.20,Props/sm1800_Herb00A/sm1800_Herb00A.mesh,Props/sm1800_Herb00A/sm1800_Herb00A.mdf2,
FALSE,,,Herb,TRUE,1,-1,-1,Normal,3,831ee340-66bd-45a8-918b-60c894b20344,95f2d85a-de4d-47c7-9e1c-b3a2d72d8131,-2.083841,-7.019099,-0.7720957,0.1306575,0.07227454,0.05150551,0.9874473,sm1800_Herb00A_Get,natives/stm/leveldesign/itemset/chapter3/mainhouse_east/normal.scn.20,Props/sm1800_Herb00A/sm1800_Herb00A.mesh,Props/sm1800_Herb00A/sm1800_Herb00A.mdf2,
FALSE,,,Herb,TRUE,1,-1,-1,Normal,3,5dd09d11-ed4c-4c67-9308-23bdf4ca1f54,e29feb51-25cf-46b9-96c1-cede290dec1a,-23.28651,0.4020418,-7.760836,0.02326765,0.05401938,-0.06904067,0.9958785,_sm1800_Herb00A_Get,natives/stm/leveldesign/itemset/chapter3/mainhouse_east/normal.scn.20,Props/sm1800_Herb00A/sm1800_Herb00A.mesh,Props/sm1800_Herb00A/sm1800_Herb00A.mdf2,
FALSE,,,Herb,TRUE,1,-1,-1,,3,c55742d9-eb59-48fb-8dab-05361bc455b6,133d85f2-02d5-4e45-8291-14b493f072ee,-0.2641068,0.999998,-0.01074409,0,0,0,1,sm1800_Herb00A_Get,natives/stm/environment/scene/chapter3/c03_gh2fhallway01.scn.20,Props/sm1800_Herb00A/sm1800_Herb00A.mesh,Props/sm1800_Herb00A/sm1800_Herb00A.mdf2,
FALSE,,,Herb,TRUE,1,-1,-1,Madhouse,3,87366ea1-db58-457f-92ac-e4d343bc8a5c,72e706d5-87e2-076b-217a-5f172717117e,75.6697,-0.7838567,3.576103,0,0,0.1415001,0.9899383,sm1800_Herb00A_Get,natives/stm/leveldesign/itemset/chapter3/cowshed/hard.scn.20,Props/sm1800_Herb00A/sm1800_Herb00A.mesh,Props/sm1800_Herb00A/sm1800_Herb00A.mdf2,
FALSE,,,Herb,TRUE,1,-1,-1,Madhouse,3,bc3c9218-7fda-4f0a-acaf-5912517d24c9,49edfa6c-2360-0d1e-1f79-e2d635d6bfeb,89.31571,1.894757,3.438466,0,0,0,1,sm1800_Herb00A_Get,natives/stm/leveldesign/itemset/chapter3/cowshed/hard.scn.20,Props/sm1800_Herb00A/sm1800_Herb00A.mesh,Props/sm1800_Herb00A/sm1800_Herb00A.mdf2,
FALSE,,,Herb,TRUE,1,-1,-1,,3,6d9874ee-67da-4779-8e2c-8c673efcafe4,00787732-b708-03aa-3ff5-12ba7612f878,-0.8188266,-1.932122,97.38799,3.72E-09,0.8104488,2.63E-10,0.5858094,sm1857_InventoryExpansionItem_Get,natives/stm/leveldesign/itemset/chapter3/oldhouse/oldhouse.scn.20,Props/sm1857_InventoryExpansionItem/sm1857_InventoryExpansionItem.mesh,Props/sm1857_InventoryExpansionItem/sm1857_InventoryExpansionItem.mdf2,
FALSE,,,Knife,FALSE,1,-1,-1,,3,70389707-ef4d-0a5e-0cc1-56dd7f2d4e75,01396798-73c2-4b37-bf4d-0ef0d82a9883,0,0,0,0,0,0,1,wp1190_Knife_Event,natives/stm/environment/scene/chapter3/c03_mainhouse1fgaragehallway.scn.20,Weapon/wp1190_Knife/wp1190_Knife.mesh,Weapon/wp1190_Knife/wp1190.mdf2,
FALSE,,,Knife,FALSE,1,-1,-1,,3,011c8363-978a-40f3-af1e-5e0dda1aa10a,416e6247-e50c-4f3d-97b1-631c924fb8ad,0,0,0,0,0,0,1,wp1190_Knife_Event,natives/stm/animation/ingame/c03/event_c03_1.scn.20,Weapon/wp1190_Knife/wp1190_Knife.mesh,Weapon/wp1190_Knife/wp1190.mdf2,
FALSE,,,Knife,FALSE,1,-1,-1,,3,a45784ab-3dc7-4b76-80f2-048ed13b972b,f7b062de-6f29-4b2a-afe3-b3e80d514ff7,0,0,0,0,0,0,1,wp1190_Knife_Event,natives/stm/animation/ingame/c03/event_c03_5.scn.20,Weapon/wp1190_Knife/wp1190_Knife.mesh,Weapon/wp1190_Knife/wp1190.mdf2,
FALSE,,,Knife,TRUE,1,-1,-1,,3,3cd7748b-9052-4868-8964-098ab2967dd4,1ed5b1e1-e771-48bb-8504-19224705d53e,25.2646,1.42691,-2.951014,-0.5725304,0.6415733,0.3398896,-0.3808776,wp1190_Knife_Get,natives/stm/leveldesign/itemset/chapter3/mainhouse_west/mainhouse_west.scn.20,Weapon/wp1190_Knife/wp1190_Knife.mesh,Weapon/wp1190_Knife/wp1190.mdf2,
FALSE,,,Lantern,TRUE,1,-1,-1,,3,c179511b-34ad-478e-a7ea-d0a85c5de3e5,e47552e2-0c4a-0a80-34e1-ad4b379d8ac4,27.06223,-5.129916,69.894,-6.18E-08,0.7277608,-6.18E-08,0.6858311,wp2080_Lantern_Get,natives/stm/scenes/chapter/chapter3/enemy_c03_3.scn.20,Weapon/wp2080_Lantern/wp2080_Lantern.mesh,Weapon/wp2080_Lantern/wp2080_IDS.mdf2,
FALSE,,,LucasCardKey,TRUE,1,-1,-1,,3,ccf47d14-a937-43c4-9b87-f35b07d14034,7e1977f9-9205-42a3-bbde-765ccf0ae2b3,10.1204,-10.63206,13.18054,-5.43E-08,0.7337524,-0.679417,-5.82E-08,sm2080_CardKey01A_DetailSearchItem,natives/stm/environment/scene/chapter3/c03_mainhouse2fkids02.scn.20,Props/sm2080_CardKey01A/sm2080_CardKey01A.mesh,Props/sm2080_CardKey01A/sm2080_CardKey01A_IDS.mdf2,
FALSE,,,LucasCardKey,TRUE,1,-1,-1,,3,896dd0bb-f3ee-41bf-b4a0-0b28e99da94c,c68de70f-5ec2-02df-14c6-a64530830646,10.09481,9.372042,13.18054,-5.43E-08,0.7337524,-0.679417,-5.82E-08,sm2080_CardKey01A_DetailSearchItem,natives/stm/leveldesign/itemset/chapter3/mainhouse_west/mainhouse_west.scn.20,Props/sm2080_CardKey01A/sm2080_CardKey01A.mesh,Props/sm2080_CardKey01A/sm2080_CardKey01A_IDS.mdf2,
FALSE,,,LucasCardKey2,TRUE,1,-1,-1,,3,077f9206-19e7-4937-994b-cd13a80dabd4,638bfd42-3ce8-01b8-373a-380cfb15930a,-40.59561,-4.284823,10.34779,-0.01277833,-0.4973347,-0.007326335,0.8674337,sm2439_CardKey01B_DetailSearchItem,natives/stm/leveldesign/itemset/chapter3/mainhouse_east/mainhouse_east.scn.20,Props/sm2439_CardKey01B/sm2439_CardKey01B.mesh,Props/sm2439_CardKey01B/sm2439_CardKey01B.mdf2,
FALSE,,,Magnum,TRUE,1,-1,-1,,3,87007bf8-48b7-052c-1065-2fcb385ee0a4,4d136d77-df9a-41dd-adc3-fccb773c8942,0,0,0,0,0,0,1,wp1140_Magnum_Get,natives/stm/environment/scene/chapter3/c03_trailerhouse.scn.20,Weapon/wp1140_Magnum/wp1140_Magnum.mesh,Weapon/wp1140_Magnum/wp1140.mdf2,
FALSE,,,MagnumBullet,TRUE,6,-1,-1,Madhouse,3,b583d0c3-9be0-4629-94fd-642fd90e8475,7e01eae6-4403-0366-28ea-3a3abdee3681,18.8683,1.675831,79.48262,0,-0.7522942,0,0.6588273,wp1141_MagnumBullet_Get,natives/stm/leveldesign/itemset/chapter3/greenhouse/hard.scn.20,Weapon/wp1141_MagnumBullet/wp1141_MagnumBullet.mesh,Weapon/wp1141_MagnumBullet/wp1141.mdf2,
FALSE,,,MagnumBullet,TRUE,2,-1,-1,Madhouse,3,672ae945-c460-4d29-9af2-a1dcd7e119ae,aca8d360-1b83-0866-26e5-ffc9b301ab5a,25.71754,-1.926222,65.64379,0,0,0,1,wp1141_MagnumBullet_Get,natives/stm/leveldesign/itemset/chapter3/greenhouse/hard.scn.20,Weapon/wp1141_MagnumBullet/wp1141_MagnumBullet.mesh,Weapon/wp1141_MagnumBullet/wp1141.mdf2,
FALSE,,,MagnumBullet,TRUE,2,-1,-1,Normal,3,173319b6-c7b3-4a0a-b1cf-215c45ecbe22,dcb12393-1850-0f45-0dd8-7f49210c0cd6,-16.6633,-2.817489,84.37639,0,0,0,1,wp1141_MagnumBullet_Get,natives/stm/leveldesign/itemset/chapter3/oldhouse/normal.scn.20,Weapon/wp1141_MagnumBullet/wp1141_MagnumBullet.mesh,Weapon/wp1141_MagnumBullet/wp1141.mdf2,
FALSE,,,MagnumBullet,TRUE,2,-1,-1,Madhouse,3,e6f9b6ba-ec87-4063-84f1-91e67ce49fbd,2d7b8c9f-3364-052c-38e6-cff318042d49,104.7009,-3.524951,79.90108,0,0,0,1,wp1141_MagnumBullet_Get,natives/stm/leveldesign/itemset/chapter3/boatshed/hard.scn.20,Weapon/wp1141_MagnumBullet/wp1141_MagnumBullet.mesh,Weapon/wp1141_MagnumBullet/wp1141.mdf2,
FALSE,,,MagnumBullet,TRUE,2,-1,-1,Normal,3,6ee75eea-600b-409c-b457-b7d8b9639d76,a56564cf-bfe8-05d3-0840-e9cddd832f82,45.47901,4.0089,32.83964,0,0,0,1,wp1141_MagnumBullet_Get,natives/stm/leveldesign/itemset/chapter3/lucasarea/normal.scn.20,Weapon/wp1141_MagnumBullet/wp1141_MagnumBullet.mesh,Weapon/wp1141_MagnumBullet/wp1141.mdf2,
FALSE,,,MagnumBullet,TRUE,1,-1,-1,Normal,3,0b378de0-43e3-4817-b82b-69462705dabc,c0b5b7c5-9c00-0d58-043c-375343e56848,79.30845,-2.868562,83.8255,0,0,0,1,wp1141_MagnumBullet_Get,natives/stm/leveldesign/itemset/chapter3/boatshed/normal.scn.20,Weapon/wp1141_MagnumBullet/wp1141_MagnumBullet.mesh,Weapon/wp1141_MagnumBullet/wp1141.mdf2,
FALSE,,,MagnumBullet,TRUE,3,3,3,,3,abb03a3a-a10b-4dca-9385-6274ca2e004a,6032001f-7ee8-0885-2f92-3c61aeceb2be,19.53271,-1.127363,35.86881,-0.002393478,0.9956541,0.0891805,-0.02672202,wp1141_MagnumBullet_Get,natives/stm/leveldesign/itemset/chapter3/gardenarea/gardenarea.scn.20,Weapon/wp1141_MagnumBullet/wp1141_MagnumBullet.mesh,Weapon/wp1141_MagnumBullet/wp1141.mdf2,
FALSE,,,MagnumBullet,TRUE,2,-1,-1,Normal,3,0144e2ee-7f10-45a5-bb01-5946a86fc537,cac6d8cb-a0f3-00ea-0716-0753cc8f77c3,80.86642,-1.515153,-14.06336,0,0,0,1,wp1141_MagnumBullet_Get,natives/stm/leveldesign/itemset/chapter3/cowshed/normal.scn.20,Weapon/wp1141_MagnumBullet/wp1141_MagnumBullet.mesh,Weapon/wp1141_MagnumBullet/wp1141.mdf2,
FALSE,,,MagnumBullet,TRUE,2,-1,-1,Madhouse,3,7ade7f65-1bf7-4bb0-918e-a47b9f59307d,b15c4540-c414-0eff-2d99-fa6efbb98289,56.80222,-1.478233,6.177271,0,0.9050657,0,0.4252719,wp1141_MagnumBullet_Get,natives/stm/leveldesign/itemset/chapter3/cowshed/hard.scn.20,Weapon/wp1141_MagnumBullet/wp1141_MagnumBullet.mesh,Weapon/wp1141_MagnumBullet/wp1141.mdf2,
FALSE,,,HandCutOff,TRUE,1,-1,-1,,7,13d8e6d2-5b92-48be-8c4c-49e7a331e27a,5fe7aa4b-2add-43cb-98a9-02c6098c446e,3.6006,0.0367,13.1847,-0.5919955,0.09348784,0.7979916,-0.06333104,sm1649_EthanLHand_DetailSearchItem,natives/stm/scenes/birthday/stage1/copyasset/c01_corridor02/c01_corridor02.scn.20,Props/sm1649_EthanLHand/sm1649_EthanLHand.mesh,Props/sm1649_EthanLHand/sm1649_EthanLHand_IDS.mdf2,Jacks55thBirthday
FALSE,,,MasterKey,TRUE,1,-1,-1,,3,96da0bd0-1a8b-4c35-bc02-695da693e8d4,92a4436d-c764-41cd-ab13-4697077fc329,-0.204507,1.027066,-0.8982047,-0.2512434,-0.1605576,0.8043063,0.5139936,sm1787_DiamondDoorKey01A_DetailSearchItem,natives/stm/environment/scene/chapter3/c03_rightareab1fstoreroom.scn.20,Props/sm1787_DiamondDoorKey01A/sm1787_DiamondDoorKey01A.mesh,Props/sm1787_DiamondDoorKey01A/sm1787_DiamondDoorKey01A_IDS.mdf2,
FALSE,,,Handgun_Albert_C,TRUE,1,-1,-1,,8,901b25b2-7a74-4dd5-838a-1ce509f9c9b0,92e3b5e9-189a-022c-131c-c57c8198f253,0,0,0,0,0,0,1,wp1340_ChrisHandgun_Item,natives/stm/ch8/scenes/residentweapons.scn.20,CH8/Weapon/wp1340_ChrisHandgun/wp1340_ChrisHandgun.mesh,CH8/Weapon/wp1340_ChrisHandgun/wp1340_ChrisHandgun.mdf2,NotAHero
FALSE,,,Handgun_Albert_C,TRUE,1,-1,-1,Madhouse,8,657c34ee-070b-469b-895f-817a2a8ad420,b7f8e3fb-079e-0586-1cb3-cbf1f29eb592,103.0903,-75.62254,-216.1765,0.6983157,0.6983159,0.1111535,0.1111534,wp1340_ChrisHandgun_Get,natives/stm/ch8/leveldesign/itemset/chapter8/c08_train01/hard.scn.20,CH8/Weapon/wp1340_ChrisHandgun/wp1340_ChrisHandgun.mesh,CH8/Weapon/wp1340_ChrisHandgun/wp1340_ChrisHandgun.mdf2,NotAHero
FALSE,,,Handgun_Albert_Reward,TRUE,1,-1,-1,,7,5d4c5614-5c72-46cb-aea0-ecf20ce2c93f,a9d0f158-7d48-4016-b137-b921dc6f6c27,0,0,0,0,0,0,1,wp1340_ChrisHandgun_Reward_Get,natives/stm/scenes/imd/randomitemboxset_imd.scn.20,Weapon/wp1340_ChrisHandgun/wp1340_ChrisHandgun.mesh,Weapon/wp1340_ChrisHandgun/wp1340_ChrisHandgun.mdf2,EthanMustDie
FALSE,,,MasterKey,TRUE,1,-1,-1,,3,24512acb-965b-462c-941e-375f9d62bd5e,47f8238a-6967-045c-169a-257968ac45ad,-0.1879515,1.027066,-0.8982047,-0.2512433,-0.1605577,0.8043062,0.5139938,sm1787_DiamondDoorKey01A_DetailSearchItem,natives/stm/environment/scene/chapter3/c03_rightareab1fstoreroom.scn.20,Props/sm1787_DiamondDoorKey01A/sm1787_DiamondDoorKey01A.mesh,Props/sm1787_DiamondDoorKey01A/sm1787_DiamondDoorKey01A_IDS.mdf2,
FALSE,,,MasterKey,TRUE,1,-1,-1,,3,751cff95-a933-48ad-8ffa-6f96e25f8959,16b5f6d4-560f-0add-0d7e-7db0179171aa,0.02065139,1.1,-0.848382,0,0,0,1,sm1787_DiamondDoorKey01A_DetailSearchItem,natives/stm/environment/scene/chapter3/c03_rightareab1fstoreroom.scn.20,Props/sm1787_DiamondDoorKey01A/sm1787_DiamondDoorKey01A.mesh,Props/sm1787_DiamondDoorKey01A/sm1787_DiamondDoorKey01A_IDS.mdf2,
FALSE,,,MorgueKey,TRUE,1,-1,-1,Madhouse,3,4fcc3365-45cb-0da5-3cd2-544fd3319b14,7c978e96-37bc-40c5-ba7c-f920dca094ee,0.0120632,0.239439,0.002435312,0.5016115,0.0370668,-0.579718,0.6410453,sm1732_FatherKey01A_DetailSearchItem,natives/stm/leveldesign/itemset/chapter3/mainhouse_hall/hard.scn.20,Props/sm1732_FatherKey01A/sm1732_FatherKey01A.mesh,Props/sm1732_FatherKey01A/sm1732_FatherKey01A_IDS.mdf2,
FALSE,,,Handgun_G17,TRUE,1,-1,-1,,7,6805e4a4-2a25-496c-ad01-3ddc0f878c4f,8b37499d-70cd-4340-a5e7-711c167bf8d6,0,0,0,0,0,0,1,wp1210_Handgun_Get,natives/stm/scenes/imd/randomitemboxset_imd.scn.20,Weapon/wp1210_Handgun/wp1210_Handgun.mesh,Weapon/wp1210_Handgun/wp1210.mdf2,EthanMustDie
FALSE,,,MorgueKey,TRUE,1,-1,-1,Normal,3,0a9fec5f-e71a-473f-8ec7-c574fc650563,39c451ac-956d-0a5f-0869-681bf3f40a99,-16.15285,-3.796473,16.48675,-0.3746457,-0.2407552,-0.5337762,0.7188606,sm1732_FatherKey01A_DetailSearchItem,natives/stm/leveldesign/itemset/chapter3/mainhouse_east/normal.scn.20,Props/sm1732_FatherKey01A/sm1732_FatherKey01A.mesh,Props/sm1732_FatherKey01A/sm1732_FatherKey01A_IDS.mdf2,
FALSE,,,PendulumClock,TRUE,1,-1,-1,,3,7a0710fd-6939-02b3-1a5b-229ce8cf7e77,733bc67a-c0eb-4c23-9ba8-01b478c8efb3,0,0,0,0,0,0,1,sm2245_Pendulum01A_DetailSearchItem,natives/stm/environment/scene/chapter3/c03_mainhousehall.scn.20,Props/sm2245_Pendulum01A/sm2245_Pendulum01A.mesh,Props/sm2245_Pendulum01A/sm2245_Pendulum01A.mdf2,
FALSE,,,Handgun_M19,TRUE,1,-1,-1,,7,22fff656-ab42-443d-9cb2-c428e89d6ed9,36250cfc-7dda-4074-9f7a-6f4afe06b131,0,0,0,0,0,0,1,wp1010_Handgun_Get,natives/stm/scenes/imd/randomitemboxset_imd.scn.20,Weapon/wp1010_Handgun/wp1010_Handgun.mesh,Weapon/wp1010_Handgun/wp1010.mdf2,EthanMustDie
FALSE,,,PowerUpCoin01A,TRUE,1,-1,-1,Madhouse,3,f244e480-71ce-0179-3f29-f5aef5d572b7,2ef8ec81-abcf-4eeb-9e59-d405a58b5edb,0.0009323535,0.1768036,-0.004562499,0.6544088,-0.1698041,0.1958741,0.7103162,sm2479_PowerUpCoin01A_Get,natives/stm/leveldesign/itemset/chapter3/mainhouse_hall/hard.scn.20,Props/sm2479_PowerUpCoin01A/sm2479_PowerUpCoin01A.mesh,Props/sm2479_PowerUpCoin01A/sm2479_PowerUpCoin01A.mdf2,
FALSE,,,Handgun_MPM,TRUE,1,-1,-1,,7,ff1327c2-f44c-46d8-8351-6196ced7a95b,4ad1b145-3915-4ac7-ab2a-8aa99cafdf24,0,0,0,0,0,0,1,wp1240_MiaHandgun_Get,natives/stm/scenes/imd/randomitemboxset_imd.scn.20,Weapon/wp1240_MiaHandgun/wp1240_MiaHandgun.mesh,Weapon/wp1240_MiaHandgun/wp1240.mdf2,EthanMustDie
FALSE,,,PowerUpCoin01B,TRUE,1,-1,-1,Madhouse,3,473357f4-4397-03f0-3666-e22b9480bcd7,44a4031f-9db5-4f22-8806-d058289619dc,0.0009323535,0.1768036,-0.004562499,0.654409,-0.1698044,0.1958742,0.7103159,sm2480_PowerUpCoin01B_Get,natives/stm/leveldesign/itemset/chapter3/mainhouse_hall/hard.scn.20,Props/sm2480_PowerUpCoin01B/sm2480_PowerUpCoin01B.mesh,Props/sm2480_PowerUpCoin01B/sm2480_PowerUpCoin01B.mdf2,
FALSE,,,Quill,TRUE,1,-1,-1,,3,d78e1ba2-c314-4fcc-bda9-ddc8cf50dea7,9814cfed-3ec9-4282-b986-ba1ff74d2da2,0,0,-0.1,0,0,0,1,sm1762_Quillpen_Get,natives/stm/environment/scene/chapter3/c03_leftarea1fpuzzleroom1.scn.20,Props/sm1762_Quillpen/sm1762_Quillpen.mesh,Props/sm1762_Quillpen/sm1762_Quillpen_IDS.mdf2,
FALSE,,,RemedyL,TRUE,1,-1,-1,Madhouse,3,b56ce35c-9626-4120-afde-3ffcebb4fa2a,6ec7fc07-7c6e-0d29-2d3f-7c35c57d93bd,38.32332,1.747568,77.029,0,0,0,1,sm1853_AntisepticSolutionStrong_Get,natives/stm/leveldesign/itemset/chapter3/greenhouse/hard.scn.20,Props/sm1853_AntisepticSolutionStrong/sm1853_AntisepticSolutionStrong.mesh,Props/sm1853_AntisepticSolutionStrong/sm1853_AntisepticSolutionStrong.mdf2,
FALSE,,,RemedyL,TRUE,1,-1,-1,,3,5d3fc5fd-4193-482a-837d-96bdaee90924,934be9f5-0678-04ce-0dab-67dd3f78e82b,15.33548,0,8.114552,0,0,0,1,sm1853_AntisepticSolutionStrong_Get,natives/stm/scenes/chapter/chapter3/c03_soft_1.scn.20,Props/sm1853_AntisepticSolutionStrong/sm1853_AntisepticSolutionStrong.mesh,Props/sm1853_AntisepticSolutionStrong/sm1853_AntisepticSolutionStrong.mdf2,
FALSE,,,HandgunBullet,TRUE,5,-1,-1,,7,f0418185-ef0e-4fc0-9147-5cb8e371c550,99bf7220-5769-4ff9-899b-7b6f760a6140,13.11627,0.7994182,10.46517,0,0.4127897,0,0.9108264,wp1011_HandgunBullet_Get,natives/stm/scenes/birthday/stage1/stage1_setb.scn.20,Weapon/wp1011_HandgunBullet/wp1011_HandgunBullet.mesh,Weapon/wp1011_HandgunBullet/wp1011.mdf2,Jacks55thBirthday
FALSE,,,HandgunBullet,TRUE,5,-1,-1,,7,2fc2b736-5a69-4442-ac3e-32489bf4066d,370e30fb-04bd-497c-b699-3ee90061961b,-0.8535089,-6.025865,14.49447,0,0.4127897,0,0.9108264,wp1011_HandgunBullet_Get,natives/stm/scenes/birthday/stage1/stage1_setb.scn.20,Weapon/wp1011_HandgunBullet/wp1011_HandgunBullet.mesh,Weapon/wp1011_HandgunBullet/wp1011.mdf2,Jacks55thBirthday
FALSE,,,HandgunBullet,TRUE,5,-1,-1,,7,422172af-feab-4cb8-9bca-da0fc014ea1c,ce05231d-6bf5-48d5-9b9d-2a70efe5f70a,15.57023,-6.103733,16.29918,0,0.4127897,0,0.9108264,wp1011_HandgunBullet_Get,natives/stm/scenes/birthday/stage1/stage1_setb.scn.20,Weapon/wp1011_HandgunBullet/wp1011_HandgunBullet.mesh,Weapon/wp1011_HandgunBullet/wp1011.mdf2,Jacks55thBirthday
FALSE,,,HandgunBullet,TRUE,10,-1,-1,,7,92e9b75b-0a12-4aae-9673-087d5c34d008,fa64b1af-14bc-48d6-9b86-877649672339,-8.533632,-6.543406,21.17629,0,0.4127897,0,0.9108264,wp1011_HandgunBullet_Get,natives/stm/scenes/birthday/stage1/stage1_setb.scn.20,Weapon/wp1011_HandgunBullet/wp1011_HandgunBullet.mesh,Weapon/wp1011_HandgunBullet/wp1011.mdf2,Jacks55thBirthday
FALSE,,,HandgunBullet,TRUE,10,-1,-1,,7,381f5b3f-0571-4cf9-abea-4944647ba148,a3ffc569-8b41-4571-b944-53c39313b73c,12.3124,7.313148,11.8119,0,0.4127897,0,0.9108264,wp1011_HandgunBullet_Get,natives/stm/scenes/birthday/stage1/stage1_setb.scn.20,Weapon/wp1011_HandgunBullet/wp1011_HandgunBullet.mesh,Weapon/wp1011_HandgunBullet/wp1011.mdf2,Jacks55thBirthday
FALSE,,,HandgunBullet,TRUE,30,-1,-1,,7,4dfe385b-728f-4e7a-804d-1261a7e69bce,4c6da8a2-6a05-00bc-347f-07cdd9523e9c,18.11619,1.42297,8.469674,0,0.4127897,0,0.9108264,wp1011_HandgunBullet_Get,natives/stm/scenes/birthday/stage1/stage1_setb.scn.20,Weapon/wp1011_HandgunBullet/wp1011_HandgunBullet.mesh,Weapon/wp1011_HandgunBullet/wp1011.mdf2,Jacks55thBirthday
FALSE,,,RemedyM,TRUE,1,-1,-1,Madhouse,3,032bff85-10d5-4f7d-946a-ec533c13d9cc,187d7482-10e8-0ea9-000e-0575dbb0f84c,1.338376,-4.206257,13.491,0,0,0,1,sm1852_AntisepticSolutionMedium_Get,natives/stm/leveldesign/itemset/chapter3/mainhouse_east/hard.scn.20,Props/sm1852_AntisepticSolutionMedium/sm1852_AntisepticSolutionMedium.mesh,Props/sm1852_AntisepticSolutionMedium/sm1852_AntisepticSolutionMedium.mdf2,
FALSE,,,RemedyM,TRUE,1,-1,-1,Normal,3,c3ca528d-7208-4bf9-bcaf-79bb5309deda,7a03b3e7-d428-031c-2a15-0e02ee785f86,-42.61093,-2.43664,105.065,0,0,0,1,_sm1852_AntisepticSolutionMedium_Get,natives/stm/leveldesign/itemset/chapter3/oldhouse/normal.scn.20,Props/sm1852_AntisepticSolutionMedium/sm1852_AntisepticSolutionMedium.mesh,Props/sm1852_AntisepticSolutionMedium/sm1852_AntisepticSolutionMedium.mdf2,
FALSE,,,RemedyM,TRUE,1,-1,-1,Normal,3,9491c5ba-7ef3-4f22-96b4-1324f1d30c2f,14dc8413-747a-4daa-b5cd-edcd72df796f,39.39052,-2.809023,74.56354,-0.05009412,0.5164191,-0.03304275,0.8542307,_sm1852_AntisepticSolutionMedium_Get,natives/stm/leveldesign/itemset/chapter3/greenhouse/normal.scn.20,Props/sm1852_AntisepticSolutionMedium/sm1852_AntisepticSolutionMedium.mesh,Props/sm1852_AntisepticSolutionMedium/sm1852_AntisepticSolutionMedium.mdf2,
FALSE,,,RemedyM,TRUE,1,-1,-1,Madhouse,3,8c11fc25-21e7-45e6-8b32-06f145e36a3e,97477722-21da-0432-1f56-efd7a2404bbe,131.8038,0.4967818,82.78104,0,0,0,1,sm1852_AntisepticSolutionMedium_Get,natives/stm/leveldesign/itemset/chapter3/boatshed/hard.scn.20,Props/sm1852_AntisepticSolutionMedium/sm1852_AntisepticSolutionMedium.mesh,Props/sm1852_AntisepticSolutionMedium/sm1852_AntisepticSolutionMedium.mdf2,
FALSE,,,RemedyM,TRUE,1,-1,-1,Normal,3,759239c3-9828-4bb9-b53c-708db0398472,e6e29955-c54f-479a-b109-e76e8805744b,131.7982,0.4961581,82.77419,0,0,0,1,sm1852_AntisepticSolutionMedium_Get,natives/stm/leveldesign/itemset/chapter3/boatshed/normal.scn.20,Props/sm1852_AntisepticSolutionMedium/sm1852_AntisepticSolutionMedium.mesh,Props/sm1852_AntisepticSolutionMedium/sm1852_AntisepticSolutionMedium.mdf2,
FALSE,,,RemedyM,TRUE,1,-1,-1,Normal,3,d406d766-ced5-484f-9f46-5092dae1f367,6dcf360c-68f5-00aa-09fc-272b6790723b,-6.89575,-7.414931,13.75917,0,0,0,1,sm1852_AntisepticSolutionMedium_Get,natives/stm/leveldesign/itemset/chapter3/mainhouse_east/normal.scn.20,Props/sm1852_AntisepticSolutionMedium/sm1852_AntisepticSolutionMedium.mesh,Props/sm1852_AntisepticSolutionMedium/sm1852_AntisepticSolutionMedium.mdf2,
FALSE,,,RemedyM,TRUE,1,-1,-1,Madhouse,3,e69660b7-1415-4352-b340-70a633a539a0,fdc0ebb0-1428-0286-2724-9980d4061820,59.63477,3.322807,10.87164,0,0,0,1,sm1852_AntisepticSolutionMedium_Get,natives/stm/leveldesign/itemset/chapter3/cowshed/hard.scn.20,Props/sm1852_AntisepticSolutionMedium/sm1852_AntisepticSolutionMedium.mesh,Props/sm1852_AntisepticSolutionMedium/sm1852_AntisepticSolutionMedium.mdf2,
FALSE,,,RepairKit,TRUE,1,-1,-1,Madhouse,3,e407097d-8b1f-4b5f-bf51-adab698170c1,be885f96-ddc2-035f-3a4d-5786311a0f10,-4.624886,-1.717351,12.56068,0,0,0,1,sm2290_RepairKit01A_DetailSearchItem,natives/stm/leveldesign/itemset/chapter3/mainhouse_hall/hard.scn.20,Props/sm2290_RepairKit01A/sm2290_RepairKit01A.mesh,Props/sm2290_RepairKit01A/sm2290_RepairKit01A.mdf2,
FALSE,,,RepairKit,TRUE,1,-1,-1,,3,5e6490f0-17f6-0ba5-1fdb-5d70e2ac3b2b,994f6215-cf5e-0e83-1b6c-64de36175950,0.008594513,0.01968956,-0.09608459,0.06915541,-0.4268292,-0.02109504,0.9014374,sm2290_RepairKit01A_DetailSearchItem,natives/stm/environment/scene/chapter3/c03_leftarea2froom2.scn.20,Props/sm2290_RepairKit01A/sm2290_RepairKit01A.mesh,Props/sm2290_RepairKit01A/sm2290_RepairKit01A.mdf2,
FALSE,,,SaveTape,TRUE,1,-1,-1,Madhouse,3,38f11178-6065-45c2-8754-453ae5ffe43b,89e219b4-ae00-005a-2a39-09e5d23e4475,18.87366,1.653912,78.63893,0,-0.4375414,0,0.8991983,sm9281_CassetteTape02A_Get,natives/stm/leveldesign/itemset/chapter3/greenhouse/hard.scn.20,Props/sm9281_CassetteTape02A/sm9281_CassetteTape02A.mesh,Props/sm9281_CassetteTape02A/sm9281_CassetteTape02A.mdf2,
FALSE,,,SaveTape,TRUE,1,-1,-1,Madhouse,3,4763a26b-663e-475b-9f5d-73c37f597a83,f670aaa7-a85b-02c3-3230-3f1c4898dacd,19.03633,1.651721,78.64877,0,-0.4439088,0,0.896072,sm9281_CassetteTape02A_Get,natives/stm/leveldesign/itemset/chapter3/greenhouse/hard.scn.20,Props/sm9281_CassetteTape02A/sm9281_CassetteTape02A.mesh,Props/sm9281_CassetteTape02A/sm9281_CassetteTape02A.mdf2,
FALSE,,,SaveTape,TRUE,1,-1,-1,Madhouse,3,9e6d08ac-fb0e-411b-b6dd-c9eaf9f54d90,2f7e0060-356b-0483-1bb0-8535ce34edde,18.92465,1.656146,78.7593,0,0,0,1,sm9281_CassetteTape02A_Get,natives/stm/leveldesign/itemset/chapter3/greenhouse/hard.scn.20,Props/sm9281_CassetteTape02A/sm9281_CassetteTape02A.mesh,Props/sm9281_CassetteTape02A/sm9281_CassetteTape02A.mdf2,
FALSE,,,SaveTape,TRUE,1,-1,-1,Madhouse,3,c9c4db8f-44a0-47c0-a79b-15b37c7b858f,78d7d343-8ac5-0258-0af6-596c4bba25c1,-13.95897,-4.571788,17.7081,-0.1979076,0.001810196,0.08667836,0.9763792,sm9281_CassetteTape02A_Get,natives/stm/leveldesign/itemset/chapter3/mainhouse_east/hard.scn.20,Props/sm9281_CassetteTape02A/sm9281_CassetteTape02A.mesh,Props/sm9281_CassetteTape02A/sm9281_CassetteTape02A.mdf2,
FALSE,,,SaveTape,TRUE,1,-1,-1,Madhouse,3,7a7650a0-db24-438f-b9d0-5a5d5ada34d6,cb65586c-1541-0617-14bd-16826d1b9498,-20.44987,0.9000971,24.16701,3.14E-09,-0.5394058,2.01E-09,0.842046,sm9281_CassetteTape02A_Get,natives/stm/leveldesign/itemset/chapter3/mainhouse_east/hard.scn.20,Props/sm9281_CassetteTape02A/sm9281_CassetteTape02A.mesh,Props/sm9281_CassetteTape02A/sm9281_CassetteTape02A.mdf2,
FALSE,,,SaveTape,TRUE,1,-1,-1,Madhouse,3,5b765647-a6fb-4d2a-b95f-45cc6c23d21e,ea655e8b-689e-08b2-1432-09135be27250,-20.35605,0.9031307,24.2736,0,0.4847859,0,0.8746328,sm9281_CassetteTape02A_Get,natives/stm/leveldesign/itemset/chapter3/mainhouse_east/hard.scn.20,Props/sm9281_CassetteTape02A/sm9281_CassetteTape02A.mesh,Props/sm9281_CassetteTape02A/sm9281_CassetteTape02A.mdf2,
FALSE,,,SaveTape,TRUE,1,-1,-1,Madhouse,3,a833f002-0c5f-4943-bc21-6df843d16b84,1920f8ce-c23a-0cdb-114c-21277410cbca,34.45343,0.4922576,29.28397,0,0,0,1,sm9281_CassetteTape02A_Get,natives/stm/leveldesign/itemset/chapter3/lucasarea/hard.scn.20,Props/sm9281_CassetteTape02A/sm9281_CassetteTape02A.mesh,Props/sm9281_CassetteTape02A/sm9281_CassetteTape02A.mdf2,
FALSE,,,SaveTape,TRUE,1,-1,-1,Madhouse,3,60470dd7-6c0f-4873-b0ef-5935467d8290,d154051b-a26a-0deb-1d82-15ea71bc22de,-1.137222,-2.071162,97.32894,0,-0.4882495,0,0.8727041,sm9281_CassetteTape02A_Get,natives/stm/leveldesign/itemset/chapter3/oldhouse/hard.scn.20,Props/sm9281_CassetteTape02A/sm9281_CassetteTape02A.mesh,Props/sm9281_CassetteTape02A/sm9281_CassetteTape02A.mdf2,
FALSE,,,HandgunBullet,TRUE,10,-1,-1,,7,3e6a9272-9495-44b5-963e-299206d95e16,3ff9028b-8c1f-0a73-220c-3c3e786dfb44,-4.648896,0.004823029,5.22007,0.01030881,-0.7070318,0.01030881,0.7070315,wp1011_HandgunBullet_Get,natives/stm/scenes/birthday/stage3/copyasset/c03_mainhouse1fliving/c03_mainhouse1fliving.scn.20,Weapon/wp1011_HandgunBullet/wp1011_HandgunBullet.mesh,Weapon/wp1011_HandgunBullet/wp1011.mdf2,Jacks55thBirthday
FALSE,,,SaveTape,TRUE,1,-1,-1,Madhouse,3,8bd85959-f36d-45fa-b064-886f260e6385,3acb5195-3d08-0062-1d09-c4b011cfc3cb,-1.323837,-2.070572,97.43251,0,0.9398623,0,-0.3415535,sm9281_CassetteTape02A_Get,natives/stm/leveldesign/itemset/chapter3/oldhouse/hard.scn.20,Props/sm9281_CassetteTape02A/sm9281_CassetteTape02A.mesh,Props/sm9281_CassetteTape02A/sm9281_CassetteTape02A.mdf2,
FALSE,,,SaveTape,TRUE,1,-1,-1,Madhouse,3,7b0015c4-64fc-4a0b-b846-df59b62f79ac,ca131d08-aa99-0f93-152b-938681eed9e2,20.84724,-0.4545149,38.11266,0,-0.6273928,0,0.778703,sm9281_CassetteTape02A_Get,natives/stm/leveldesign/itemset/chapter3/gardenarea/hard.scn.20,Props/sm9281_CassetteTape02A/sm9281_CassetteTape02A.mesh,Props/sm9281_CassetteTape02A/sm9281_CassetteTape02A.mdf2,
FALSE,,,SaveTape,TRUE,1,-1,-1,Madhouse,3,90bcd1b9-4b0a-4344-b00c-6a3134b51195,9451c1c4-ced2-44f5-adbf-1c1b21834b89,20.72551,-0.4522914,38.17748,-3.28E-08,0.2438893,4.05E-08,0.9698031,_sm9281_CassetteTape02A_Get,natives/stm/leveldesign/itemset/chapter3/gardenarea/hard.scn.20,Props/sm9281_CassetteTape02A/sm9281_CassetteTape02A.mesh,Props/sm9281_CassetteTape02A/sm9281_CassetteTape02A.mdf2,
FALSE,,,SaveTape,TRUE,1,-1,-1,Madhouse,3,e22bb405-ba0d-4d65-8c43-a500c2d632d4,5338bcc9-7468-08fd-212e-e9dff517929a,20.80722,-0.4524918,38.25834,-1.96E-08,-0.04789774,4.83E-08,0.9988523,_sm9281_CassetteTape02A_Get,natives/stm/leveldesign/itemset/chapter3/gardenarea/hard.scn.20,Props/sm9281_CassetteTape02A/sm9281_CassetteTape02A.mesh,Props/sm9281_CassetteTape02A/sm9281_CassetteTape02A.mdf2,
FALSE,,,SaveTape,TRUE,1,-1,-1,Madhouse,3,c6046089-1cba-48ef-b713-11b62e72a203,77176845-d2df-0d77-1a7e-5d6919b3024d,112.3505,-2.612405,80.1143,0,0.3732849,0,0.9277167,sm9281_CassetteTape02A_Get,natives/stm/leveldesign/itemset/chapter3/boatshed/hard.scn.20,Props/sm9281_CassetteTape02A/sm9281_CassetteTape02A.mesh,Props/sm9281_CassetteTape02A/sm9281_CassetteTape02A.mdf2,
FALSE,,,SaveTape,TRUE,1,-1,-1,Madhouse,3,0bb219b9-cf23-4857-851f-10b19d8e575c,baa11175-0146-0dcf-2872-5c6eaa4ff712,8.738721,4.500413,-4.491816,0,0,0,1,sm9281_CassetteTape02A_Get,natives/stm/leveldesign/itemset/chapter3/mainhouse_west/hard.scn.20,Props/sm9281_CassetteTape02A/sm9281_CassetteTape02A.mesh,Props/sm9281_CassetteTape02A/sm9281_CassetteTape02A.mdf2,
FALSE,,,SaveTape,TRUE,1,-1,-1,Madhouse,3,812107b6-0ca4-415c-a36b-473da2d8bff0,30320f7a-c2c1-04c4-0e06-0be295191fbe,22.83128,4.7976,12.576,0,0,0,1,sm9281_CassetteTape02A_Get,natives/stm/leveldesign/itemset/chapter3/mainhouse_west/hard.scn.20,Props/sm9281_CassetteTape02A/sm9281_CassetteTape02A.mesh,Props/sm9281_CassetteTape02A/sm9281_CassetteTape02A.mdf2,
FALSE,,,SaveTape,TRUE,1,-1,-1,Madhouse,3,7d15906d-5a2a-4b83-9b5a-eb83fb0975ea,cc0698a1-944f-0e1b-3637-a75cccc8d5a4,32.20003,0.9282724,11.5154,0.02432957,-0.6713648,-0.0268256,0.7402416,sm9281_CassetteTape02A_Get,natives/stm/leveldesign/itemset/chapter3/mainhouse_west/hard.scn.20,Props/sm9281_CassetteTape02A/sm9281_CassetteTape02A.mesh,Props/sm9281_CassetteTape02A/sm9281_CassetteTape02A.mdf2,
FALSE,,,SaveTape,TRUE,1,-1,-1,Madhouse,3,c8550969-2f53-482c-89b9-ebb6fcc4ab69,794601a5-e136-0db4-24d4-a769cb050b27,32.35355,0.9012646,11.54067,0,0.9982758,0,-0.05869763,sm9281_CassetteTape02A_Get,natives/stm/leveldesign/itemset/chapter3/mainhouse_west/hard.scn.20,Props/sm9281_CassetteTape02A/sm9281_CassetteTape02A.mesh,Props/sm9281_CassetteTape02A/sm9281_CassetteTape02A.mdf2,
FALSE,,,SaveTape,TRUE,1,-1,-1,Madhouse,3,24d30e1f-1618-4a48-94f7-5916c3de5e6b,95c006d3-d87d-0fd0-399a-15c9f41ffe25,86.29949,-0.5438833,4.037826,0,0,0,1,sm9281_CassetteTape02A_Get,natives/stm/leveldesign/itemset/chapter3/cowshed/hard.scn.20,Props/sm9281_CassetteTape02A/sm9281_CassetteTape02A.mesh,Props/sm9281_CassetteTape02A/sm9281_CassetteTape02A.mdf2,
FALSE,,,SaveTape,TRUE,1,-1,-1,Madhouse,3,c0da55c5-ced4-49d5-85cc-2ccff55dd569,71c95d09-00b1-0c4d-28a1-6010c29c7527,87.65096,2.686155,3.482163,0,0.305528,0,0.9521831,sm9281_CassetteTape02A_Get,natives/stm/leveldesign/itemset/chapter3/cowshed/hard.scn.20,Props/sm9281_CassetteTape02A/sm9281_CassetteTape02A.mesh,Props/sm9281_CassetteTape02A/sm9281_CassetteTape02A.mdf2,
FALSE,,,ScrewFinger,TRUE,1,-1,-1,,3,100cc9be-c71a-07c9-0769-f1272c92b1ae,d6eea2e1-9198-41ea-a068-1018b17383e7,0,0,0,0,0,0,1,sm1811_TatooDollFinger_DetailSearchItem,natives/stm/environment/scene/chapter3/c03_leftarea1fpuzzleroom1.scn.20,Props/sm1811_TatooDollFinger/sm1811_TatooDollFinger.mesh,Props/sm1811_TatooDollFinger/sm1811_TatooDollFinger.mdf2,
FALSE,,,SerumComplete,TRUE,1,-1,-1,,3,db624b52-0f74-4898-b298-4d5340c53a8e,09041fce-5cdd-4c16-8e9a-0ef4d9c23208,110.5116,-8.497892,77.91897,0,0,0,1,sm0382_DybbukMedicine_Item,natives/stm/leveldesign/itemset/chapter3/boatshed/boatshed.scn.20,Props/sm0382_DybbukMedicine/sm0382_DybbukMedicine.mesh,Props/sm0382_DybbukMedicine/sm0382_DybbukMedicine.mdf2,
FALSE,,,SerumComplete,TRUE,1,-1,-1,,3,eeb6a998-cf2f-48bc-bcb9-21385d806c54,2a3636cb-e726-499c-83ca-c2b6fff3c89f,110.677,-8.497893,77.82658,0,0,0,1,sm0382_DybbukMedicine_Item,natives/stm/leveldesign/itemset/chapter3/boatshed/boatshed.scn.20,Props/sm0382_DybbukMedicine/sm0382_DybbukMedicine.mesh,Props/sm0382_DybbukMedicine/sm0382_DybbukMedicine.mdf2,
FALSE,,,SerumMaterialA,TRUE,1,-1,-1,,3,1c01c49f-81fa-0d1c-2312-fd50eafe79a3,919944c1-2395-431c-bc31-3548623ce466,-0.1208307,1.097576,0.4552788,0,0,0,1,sm0379_MedicineMaterialA_DetailSearch,natives/stm/environment/scene/chapter3/c03_oldhouse1fstairs01.scn.20,Props/sm0379_MedicineMaterialA/sm0379_MedicineMaterialA.mesh,Props/sm0379_MedicineMaterialA/sm0379_MedicineMaterialA.mdf2,
FALSE,,,SerumMaterialB,TRUE,1,-1,-1,,3,89e0718a-9f23-0ba7-2ec6-0affca6c028b,81c91993-a3ba-4ff8-9ee4-ed732901e5eb,0,0.2,0,0,0,0,1,sm0380_MedicineMaterialB_DetailSearchItem,natives/stm/environment/scene/chapter3/c03_leftarea1fmonitorroom.scn.20,Props/sm0380_MedicineMaterialB/sm0380_MedicineMaterialB.mesh,Props/sm0380_MedicineMaterialB/sm0380_MedicineMaterialB_IDS.mdf2,
FALSE,,,Shotgun_DB,TRUE,1,-1,-1,,3,73fce2c5-6b93-047d-24be-ced1b2904df2,b6067fb9-a418-4b87-97ba-6e923da3baf6,0,0.4,0.2288213,-0.1491412,0.6677635,0.1886118,0.7044675,wp1030_Shotgun_Get,natives/stm/environment/scene/chapter3/c03_mainhousehall.scn.20,Weapon/wp1030_shotgun/wp1030_shotgun.mesh,Weapon/wp1030_shotgun/wp1030.mdf2,
FALSE,,,Shotgun_M37,TRUE,1,-1,-1,,3,a5594b78-dd67-47f9-b730-cc618d6d82c6,2b63062f-2235-4702-8a69-177c205f0f87,0,0.4,0.2009342,-0.1403401,0.6347748,0.1952489,0.734332,wp1230_PumpShotgun_Get,natives/stm/environment/scene/chapter3/c03_mainhousehall.scn.20,Weapon/wp1230_PumpShotgun/wp1230_PumpShotgun.mesh,Weapon/wp1230_PumpShotgun/wp1230.mdf2,
FALSE,,,ShotgunBullet,TRUE,4,-1,-1,Normal,3,85b1035e-52ae-4c4a-9eb1-4a422a76dee3,de6a7b7c-3f0d-0857-2999-3431bbd3f097,17.68888,-2.11626,39.54804,0,0,0,1,_wp1031_ShotgunBullet_Get,natives/stm/leveldesign/itemset/chapter3/gardenarea/normal.scn.20,Weapon/wp1031_ShotgunBullet/wp1031_ShotgunBullet.mesh,Weapon/wp1031_ShotgunBullet/wp1031.mdf2,
FALSE,,,ShotgunBullet,TRUE,8,-1,-1,Madhouse,3,d704d4e0-f15c-488f-9ddc-b4d85d5ec05b,8cdfacc2-9cff-0c92-2af4-caabccfbee2f,34.00303,-1.865801,78.24824,0,0,0,1,wp1031_ShotgunBullet_Get,natives/stm/leveldesign/itemset/chapter3/greenhouse/hard.scn.20,Weapon/wp1031_ShotgunBullet/wp1031_ShotgunBullet.mesh,Weapon/wp1031_ShotgunBullet/wp1031.mdf2,
FALSE,,,ShotgunBullet,TRUE,6,-1,-1,Madhouse,3,346c7dd2-7dca-4fe4-b4c3-de1d85288d1a,6fb705f0-1069-0bf9-03eb-a06e148da36e,-20.07856,1.169308,4.399277,0,0,0,1,wp1031_ShotgunBullet_Get,natives/stm/leveldesign/itemset/chapter3/mainhouse_east/hard.scn.20,Weapon/wp1031_ShotgunBullet/wp1031_ShotgunBullet.mesh,Weapon/wp1031_ShotgunBullet/wp1031.mdf2,
FALSE,,,ShotgunBullet,TRUE,4,-1,-1,Madhouse,3,ee25de3c-23b0-4c8b-bba1-622fcaa2c3d4,b5fea61e-4e13-0896-0c89-1c5c5b07eda0,-18.98615,-4.109539,-0.5582774,0,-0.7071068,0,0.7071068,wp1031_ShotgunBullet_Get,natives/stm/leveldesign/itemset/chapter3/mainhouse_east/hard.scn.20,Weapon/wp1031_ShotgunBullet/wp1031_ShotgunBullet.mesh,Weapon/wp1031_ShotgunBullet/wp1031.mdf2,
FALSE,,,ShotgunBullet,TRUE,4,-1,-1,Madhouse,3,8ce062b4-eccf-4911-a3cd-d91cbfaef199,d73b1a96-816c-0d0c-14e5-a76f2e0bdfed,-37.8055,-5.178805,11.91378,1.49E-08,0.05004526,7.46E-10,0.9987469,wp1031_ShotgunBullet_Get,natives/stm/leveldesign/itemset/chapter3/mainhouse_east/hard.scn.20,Weapon/wp1031_ShotgunBullet/wp1031_ShotgunBullet.mesh,Weapon/wp1031_ShotgunBullet/wp1031.mdf2,
FALSE,,,ShotgunBullet,TRUE,4,-1,-1,Madhouse,3,0ceac666-7809-4c4c-80d3-2b285dc59ecd,5731be44-15aa-0851-37fb-555bcc60b0b9,-15.92601,-4.295088,15.00502,-0.5948614,-0.3596304,-0.2753643,0.6640635,wp1031_ShotgunBullet_Get,natives/stm/leveldesign/itemset/chapter3/mainhouse_east/hard.scn.20,Weapon/wp1031_ShotgunBullet/wp1031_ShotgunBullet.mesh,Weapon/wp1031_ShotgunBullet/wp1031.mdf2,
FALSE,,,ShotgunBullet,TRUE,4,-1,-1,Madhouse,3,176b05a2-c4eb-4549-abc8-bd4c9647e5bf,4cb07d80-a948-0154-1ce0-c33f07e2cbcb,58.93437,-0.6032802,19.98896,0,0,0,1,wp1031_ShotgunBullet_Get,natives/stm/leveldesign/itemset/chapter3/lucasarea/hard.scn.20,Weapon/wp1031_ShotgunBullet/wp1031_ShotgunBullet.mesh,Weapon/wp1031_ShotgunBullet/wp1031.mdf2,
FALSE,,,ShotgunBullet,TRUE,2,-1,-1,Madhouse,3,e028290c-5c22-40b7-b821-c6c53f2973c4,bbf3512e-3181-04aa-0f09-b8b6ae8c5db0,37.00099,4.418833,36.62215,0,-0.6081005,0,0.7938601,wp1031_ShotgunBullet_Get,natives/stm/leveldesign/itemset/chapter3/lucasarea/hard.scn.20,Weapon/wp1031_ShotgunBullet/wp1031_ShotgunBullet.mesh,Weapon/wp1031_ShotgunBullet/wp1031.mdf2,
FALSE,,,ShotgunBullet,TRUE,4,-1,-1,Normal,3,b5787fd0-9b37-4e3d-adea-1a8fa82b200d,a94389d6-a586-4ee0-af37-b8d830f0f716,-35.87647,-2.027535,82.60102,0,0,0,1,_wp1031_ShotgunBullet_Get,natives/stm/leveldesign/itemset/chapter3/oldhouse/normal.scn.20,Weapon/wp1031_ShotgunBullet/wp1031_ShotgunBullet.mesh,Weapon/wp1031_ShotgunBullet/wp1031.mdf2,
FALSE,,,ShotgunBullet,TRUE,2,-1,-1,Madhouse,3,ce9a9d14-6f1d-4a9e-aa7e-82729eccc271,9541e536-02be-0e83-1d56-fc010f69ec05,-20.16028,-2.960001,81.12921,0,0,0,1,wp1031_ShotgunBullet_Get,natives/stm/leveldesign/itemset/chapter3/oldhouse/hard.scn.20,Weapon/wp1031_ShotgunBullet/wp1031_ShotgunBullet.mesh,Weapon/wp1031_ShotgunBullet/wp1031.mdf2,
FALSE,,,ShotgunBullet,TRUE,6,-1,-1,Madhouse,3,5b7b6785-62b5-4d33-8af0-d99b645b52b5,00a01fa7-0f16-092e-3dd8-a7e8f5fe7cc1,130.1903,-3.805275,84.16066,0,1,0,-4.37E-08,wp1031_ShotgunBullet_Get,natives/stm/leveldesign/itemset/chapter3/boatshed/hard.scn.20,Weapon/wp1031_ShotgunBullet/wp1031_ShotgunBullet.mesh,Weapon/wp1031_ShotgunBullet/wp1031.mdf2,
FALSE,,,ShotgunBullet,TRUE,6,-1,-1,Madhouse,3,661787f3-85be-4873-b10b-2d11ac9aa8e9,3dccffd1-e81d-0c6e-0623-53623d3f869d,131.8111,0.4957657,82.31233,0,-0.7071068,0,0.7071068,wp1031_ShotgunBullet_Get,natives/stm/leveldesign/itemset/chapter3/boatshed/hard.scn.20,Weapon/wp1031_ShotgunBullet/wp1031_ShotgunBullet.mesh,Weapon/wp1031_ShotgunBullet/wp1031.mdf2,
FALSE,,,ShotgunBullet,TRUE,12,-1,-1,Madhouse,3,4cba0daf-0e19-4309-a78b-b542bea3c9f6,1761758d-63ba-0714-10a3-cb312f06e782,106.8723,-2.985516,74.70346,-0.3398098,0.1945822,0.07208078,0.9173175,wp1031_ShotgunBullet_Get,natives/stm/leveldesign/itemset/chapter3/boatshed/hard.scn.20,Weapon/wp1031_ShotgunBullet/wp1031_ShotgunBullet.mesh,Weapon/wp1031_ShotgunBullet/wp1031.mdf2,
FALSE,,,ShotgunBullet,TRUE,4,-1,-1,Madhouse,3,ef07ecb3-5b97-459a-986a-533c20ecd2ee,b4dc9491-3634-0187-2f42-2d4fb149fc9a,14.69616,3.988219,-0.5562883,0,0.8010057,0,0.5986567,wp1031_ShotgunBullet_Get,natives/stm/leveldesign/itemset/chapter3/mainhouse_west/hard.scn.20,Weapon/wp1031_ShotgunBullet/wp1031_ShotgunBullet.mesh,Weapon/wp1031_ShotgunBullet/wp1031.mdf2,
FALSE,,,ShotgunBullet,TRUE,2,-1,-1,Madhouse,3,4e290141-9f73-4029-8a6a-a6ff9ecc416a,15f27963-f2d0-0434-3d42-d88c0f696f1e,11.18107,4.871116,6.161341,0,-0.3354697,0,0.942051,wp1031_ShotgunBullet_Get,natives/stm/leveldesign/itemset/chapter3/mainhouse_west/hard.scn.20,Weapon/wp1031_ShotgunBullet/wp1031_ShotgunBullet.mesh,Weapon/wp1031_ShotgunBullet/wp1031.mdf2,
FALSE,,,ShotgunBullet,TRUE,6,-1,-1,Normal,3,62d90ad3-ae20-4220-afb6-dfd94f78bc01,5c7d1735-50fd-4f20-a64c-710d3a6c2eb7,31.80531,0.4150808,40.86318,0,-0.09746197,0,0.9952393,wp1031_ShotgunBullet_Get,natives/stm/leveldesign/itemset/chapter3/boatshed/normal.scn.20,Weapon/wp1031_ShotgunBullet/wp1031_ShotgunBullet.mesh,Weapon/wp1031_ShotgunBullet/wp1031.mdf2,
FALSE,,,ShotgunBullet,TRUE,10,-1,-1,Normal,3,116c12a4-f0e9-4d94-bf55-84017bfafa5f,61e16d4b-16a4-49aa-9984-b09277153991,130.1991,-3.80792,84.16904,4.16E-08,0.9996194,-7.43E-08,0.02758651,wp1031_ShotgunBullet_Get,natives/stm/leveldesign/itemset/chapter3/boatshed/normal.scn.20,Weapon/wp1031_ShotgunBullet/wp1031_ShotgunBullet.mesh,Weapon/wp1031_ShotgunBullet/wp1031.mdf2,
FALSE,,,ShotgunBullet,TRUE,10,-1,-1,Normal,3,e6f3ceb2-d13f-4822-b05c-da4e228a8576,defdb80c-4a05-4df6-a9d0-18ae58ba9954,108.8241,-2.810357,73.45402,-5.52E-08,0.3214101,-6.48E-08,0.9469401,wp1031_ShotgunBullet_Get,natives/stm/leveldesign/itemset/chapter3/boatshed/normal.scn.20,Weapon/wp1031_ShotgunBullet/wp1031_ShotgunBullet.mesh,Weapon/wp1031_ShotgunBullet/wp1031.mdf2,
FALSE,,,ShotgunBullet,TRUE,10,-1,-1,Normal,3,f585c33f-a7e4-406b-874f-a36cbda8315c,472cbc47-9737-4a3b-9ad7-40513646cd4e,131.8089,0.5000449,82.3115,-5.60E-08,-0.6852385,6.64E-08,0.7283188,wp1031_ShotgunBullet_Get,natives/stm/leveldesign/itemset/chapter3/boatshed/normal.scn.20,Weapon/wp1031_ShotgunBullet/wp1031_ShotgunBullet.mesh,Weapon/wp1031_ShotgunBullet/wp1031.mdf2,
FALSE,,,ShotgunBullet,TRUE,8,-1,-1,,3,acb20802-02e5-4901-a6a8-70a3a39a6b72,f7d0b53a-4f2b-45fb-ba40-fd06b42fca4e,-0.2092896,0.9986545,-0.0533371,-2.00E-08,-0.2937908,7.45E-08,0.9558697,wp1031_ShotgunBullet_Get,natives/stm/environment/scene/chapter3/c03_gh1froom02.scn.20,Weapon/wp1031_ShotgunBullet/wp1031_ShotgunBullet.mesh,Weapon/wp1031_ShotgunBullet/wp1031.mdf2,
FALSE,,,ShotgunBullet,TRUE,3,-1,-1,Normal,3,734eb62d-d18b-4379-8f55-cf2833178e40,e6c25ef6-99bf-43e7-aeb3-c03cd6aa6be9,84.13881,-1.515159,-6.738953,0,-0.4134924,0,0.9105075,_wp1031_ShotgunBullet_Get,natives/stm/leveldesign/itemset/chapter3/cowshed/normal.scn.20,Weapon/wp1031_ShotgunBullet/wp1031_ShotgunBullet.mesh,Weapon/wp1031_ShotgunBullet/wp1031.mdf2,
FALSE,,,ShotgunBullet,TRUE,3,-1,-1,Normal,3,7b02e28d-79a4-492c-a3af-53dbf4a8f50a,ce01957f-7230-4540-ac67-8708381d9794,89.27979,1.960963,3.498008,0,-0.4134924,0,0.9105075,_wp1031_ShotgunBullet_Get,natives/stm/leveldesign/itemset/chapter3/cowshed/normal.scn.20,Weapon/wp1031_ShotgunBullet/wp1031_ShotgunBullet.mesh,Weapon/wp1031_ShotgunBullet/wp1031.mdf2,
FALSE,,,ShotgunBullet,TRUE,2,-1,-1,Normal,3,f5cf6a76-94c5-4b67-88c3-e3c1f6433ba2,567f4a88-259d-4a0c-aae8-226c4ae26f5c,62.16518,-1.266696,11.789,0.5089319,0.636866,0.3140075,-0.4866101,_wp1031_ShotgunBullet_Get,natives/stm/leveldesign/itemset/chapter3/cowshed/normal.scn.20,Weapon/wp1031_ShotgunBullet/wp1031_ShotgunBullet.mesh,Weapon/wp1031_ShotgunBullet/wp1031.mdf2,
FALSE,,,ShotgunBullet,TRUE,1,-1,-1,Normal,3,7f4578cc-14fc-4b87-a675-2c40119a2068,249e00ee-795f-0f9a-115d-5233803f0e1c,29.56971,2.7378,4.822222,-0.0432457,0.9980146,0.04326792,0.01498255,_wp1031_ShotgunBullet_Get,natives/stm/leveldesign/itemset/chapter3/mainhouse_west/normal.scn.20,Weapon/wp1031_ShotgunBullet/wp1031_ShotgunBullet.mesh,Weapon/wp1031_ShotgunBullet/wp1031.mdf2,
FALSE,,,ShotgunBullet,TRUE,3,-1,-1,Normal,3,cc877c51-eecb-45ae-b069-44d74c826651,975c0473-8368-01b3-0741-3aa4dd274825,7.39512,4.025312,1.782662,0.5229082,0.5103144,-0.4768565,0.4886247,wp1031_ShotgunBullet_Get,natives/stm/leveldesign/itemset/chapter3/mainhouse_west/normal.scn.20,Weapon/wp1031_ShotgunBullet/wp1031_ShotgunBullet.mesh,Weapon/wp1031_ShotgunBullet/wp1031.mdf2,
FALSE,,,ShotgunBullet,TRUE,2,-1,-1,Normal,3,0154c27d-fab2-4c00-b2d9-768f15a1d8b6,be2bdd38-f2f4-4d9d-b696-e90b79f57627,9.894611,4.719836,7.670326,-0.6647739,0.1109259,0.1387753,0.7256119,_wp1031_ShotgunBullet_Get,natives/stm/leveldesign/itemset/chapter3/mainhouse_west/normal.scn.20,Weapon/wp1031_ShotgunBullet/wp1031_ShotgunBullet.mesh,Weapon/wp1031_ShotgunBullet/wp1031.mdf2,
FALSE,,,ShotgunBullet,TRUE,2,-1,-1,Normal,3,f11c8a01-2f89-4d4b-a425-ddb6f3549ab2,a409486c-c2d4-46d3-9999-f876fbde19d8,-6.728188,4.009535,2.9463,0,-0.2813707,0,0.9595991,wp1031_ShotgunBullet_Get,natives/stm/leveldesign/itemset/chapter3/mainhouse_east/normal.scn.20,Weapon/wp1031_ShotgunBullet/wp1031_ShotgunBullet.mesh,Weapon/wp1031_ShotgunBullet/wp1031.mdf2,
FALSE,,,ShotgunBullet,TRUE,2,-1,-1,Normal,3,f3ce63cd-3db3-4dfa-a9a9-1c4beecf6602,4b92ec9b-7606-4334-9a62-cadb0c5ff65b,-19.70368,-4.279036,-2.475724,-0.6189298,0.2841152,0.2563691,0.6859149,_wp1031_ShotgunBullet_Get,natives/stm/leveldesign/itemset/chapter3/mainhouse_east/normal.scn.20,Weapon/wp1031_ShotgunBullet/wp1031_ShotgunBullet.mesh,Weapon/wp1031_ShotgunBullet/wp1031.mdf2,
FALSE,,,ShotgunBullet,TRUE,2,-1,-1,Normal,3,3d01a03e-09e5-4c25-a11a-cab1c0afff04,05b77ba0-4a15-45c0-9a9e-84753a05dcf0,-6.772729,-7.298065,22.69476,-3.94E-08,0.9181608,-3.94E-08,-0.396208,wp1031_ShotgunBullet_Get,natives/stm/leveldesign/itemset/chapter3/mainhouse_east/normal.scn.20,Weapon/wp1031_ShotgunBullet/wp1031_ShotgunBullet.mesh,Weapon/wp1031_ShotgunBullet/wp1031.mdf2,
FALSE,,,ShotgunBullet,TRUE,2,-1,-1,Normal,3,70b5f820-e1e8-4820-9b25-1bc7f3c3f5a3,bae994ce-3511-45ba-a87b-0e9dd2113279,-2.081771,-6.06512,-1.072912,6.72E-09,-0.5485708,7.54E-08,0.8361042,wp1031_ShotgunBullet_Get,natives/stm/leveldesign/itemset/chapter3/mainhouse_east/normal.scn.20,Weapon/wp1031_ShotgunBullet/wp1031_ShotgunBullet.mesh,Weapon/wp1031_ShotgunBullet/wp1031.mdf2,
FALSE,,,ShotgunBullet,TRUE,2,-1,-1,Normal,3,941614cf-daa0-4b4c-bcc6-3ac81b2d4e72,85615b06-96b4-4680-b396-b666be471b0e,-15.15203,0.4800067,-4.654517,-7.66E-08,0.9999009,-7.66E-08,0.01407857,_wp1031_ShotgunBullet_Get,natives/stm/leveldesign/itemset/chapter3/mainhouse_east/normal.scn.20,Weapon/wp1031_ShotgunBullet/wp1031_ShotgunBullet.mesh,Weapon/wp1031_ShotgunBullet/wp1031.mdf2,
FALSE,,,ShotgunBullet,TRUE,3,-1,-1,Normal,3,9e1030b2-ee00-4254-a1fd-1f18487ad50e,bd6053b1-735f-4fbe-9976-153e441934df,-20.34529,1.211343,4.528785,-0.6781048,0,0,0.7349652,wp1031_ShotgunBullet_Get,natives/stm/leveldesign/itemset/chapter3/mainhouse_east/normal.scn.20,Weapon/wp1031_ShotgunBullet/wp1031_ShotgunBullet.mesh,Weapon/wp1031_ShotgunBullet/wp1031.mdf2,
FALSE,,,ShotgunBullet,TRUE,6,-1,-1,Madhouse,3,d504d891-ae0a-440c-b83e-92f07eae1687,8edfa0b3-c3a9-0011-0f16-ec83ef0b38f3,89.76289,-0.5622437,6.67436,0,-0.2863687,0,0.9581195,wp1031_ShotgunBullet_Get,natives/stm/leveldesign/itemset/chapter3/cowshed/hard.scn.20,Weapon/wp1031_ShotgunBullet/wp1031_ShotgunBullet.mesh,Weapon/wp1031_ShotgunBullet/wp1031.mdf2,
FALSE,,,ShotgunBullet,TRUE,6,-1,-1,Madhouse,3,fc6a1ad8-30a6-46ea-9eb3-b7ac4add3e92,a7b162fa-5d05-02f7-299b-c9dfdb7810e6,84.48033,2.58524,3.053662,0,0.4804133,0,0.8770422,wp1031_ShotgunBullet_Get,natives/stm/leveldesign/itemset/chapter3/cowshed/hard.scn.20,Weapon/wp1031_ShotgunBullet/wp1031_ShotgunBullet.mesh,Weapon/wp1031_ShotgunBullet/wp1031.mdf2,
FALSE,,,SilhouettePazzlePiece,TRUE,1,-1,-1,,3,71417782-8c02-4be1-88d2-735fc79e7940,3f170eb1-7477-49d4-bc9f-409173b138fe,-0.0001142213,0.316,-0.3542,0,0,0,1,sm9092_ShadowPiece02_DetailSearchItem,natives/stm/environment/scene/chapter3/c03_mainhouse2fbath.scn.20,Props/sm9092_ShadowPiece02/sm9092_ShadowPiece02.mesh,Props/sm9092_ShadowPiece02/sm9092_ShadowPiece02_IDS.mdf2,
FALSE,,,SilhouettePazzlePieceOldHouse,TRUE,1,-1,-1,,3,41a59cb8-7613-4d4b-a530-58aebfe0e1c8,6b0958b5-f1ea-0daf-22ca-3f60c050dd9a,-53.63349,-3.918695,75.36659,0.9513706,-0.1195948,0.2508044,0.1329971,sm9069_ShadowPiece01_Get,natives/stm/leveldesign/itemset/chapter3/oldhouse/oldhouse.scn.20,Props/sm9069_ShadowPiece01/sm9069_ShadowPiece01.mesh,Props/sm9069_ShadowPiece01/sm9069_ShadowPiece01_IDS.mdf2,
FALSE,,,SkinnyDoll,TRUE,1,-1,-1,,3,eb411316-be6e-4fe5-9cc1-0b9fa4a29022,7b24d817-36c3-4558-84ca-6031e942b1af,0.03745828,0.2567692,0.08616743,-0.153965,0.01549188,-0.2404433,0.9582493,sm1816_StrawDoll_DetailSearchItem,natives/stm/environment/scene/chapter3/c03_leftarea1fpuzzleroom1.scn.20,Props/sm1816_StrawDoll/sm1816_StrawDoll.mesh,Props/sm1816_StrawDoll/sm1816_StrawDoll_IDS.mdf2,
FALSE,,,SpringCoil,TRUE,1,-1,-1,,3,157473b3-36e1-4e21-9e4b-865ebe602183,eb9ae424-c526-4484-80c1-3ed7e7afc169,0,0,0,0,0,0,1,sm1810_CoilSpring_DetailSearchItem,natives/stm/environment/scene/chapter3/c03_leftarea1fpuzzleroom1.scn.20,Props/sm1810_CoilSpring/sm1810_CoilSpring.mesh,Props/sm1810_CoilSpring/sm1810_CoilSpring.mdf2,
FALSE,,,Stimulant,TRUE,1,-1,-1,,3,8dd4de90-27d6-4f06-8bf3-f61b03064d75,5ac490ec-e98e-0f0e-2734-ab5ebca64a51,-0.004102707,0.2977962,0.08911133,0,0.5621427,0,-0.8270401,XXX_sm1927_Stimulant_Get,natives/stm/environment/scene/chapter3/c03_cowroom02.scn.20,Props/sm1927_Stimulant/sm1927_Stimulant.mesh,Props/sm1927_Stimulant/sm1927_Stimulant.mdf2,
FALSE,,,Stimulant,TRUE,1,-1,-1,,3,b1548f47-609a-0190-3976-50b2aeafd6b6,58f08034-02bc-42e9-ad32-27e0e1cc49cb,-0.01562643,0.2165902,-0.06938171,0.4025806,-0.6016054,-0.4467274,0.5257704,sm1927_Stimulant_Get,natives/stm/environment/scene/chapter3/c03_rightarea1fparlor.scn.20,Props/sm1927_Stimulant/sm1927_Stimulant.mesh,Props/sm1927_Stimulant/sm1927_Stimulant.mdf2,
FALSE,,,Stimulant,TRUE,1,-1,-1,,3,7ee83c9f-e776-0e37-0030-ef6c7b7928a0,974c33ec-8550-4d4e-9474-983e341ab7dd,0.003393282,0.1777113,0.001475856,0.5111446,0.05720813,0.1858583,0.8372067,sm1927_Stimulant_Get,natives/stm/environment/scene/chapter3/c03_trailerhouse.scn.20,Props/sm1927_Stimulant/sm1927_Stimulant.mesh,Props/sm1927_Stimulant/sm1927_Stimulant.mdf2,
FALSE,,,TalismanKey,TRUE,1,-1,-1,,3,8b940901-8893-4091-a4ac-5a16b3de3a11,5e156374-b4e5-4130-b365-e0c7761fa8db,-41.14148,-1.860855,107.2885,-0.07833599,-0.3037411,0.1668529,0.9347539,sm0389_TalismanDoorKey01A_KeyGet,natives/stm/leveldesign/itemset/chapter3/oldhouse/oldhouse.scn.20,Props/sm0389_TalismanDoorKey01A/sm0389_TalismanDoorKey01A.mesh,Props/sm0389_TalismanDoorKey01A/sm0389_TalismanDoorKey01A_IDS.mdf2,
FALSE,,,Timebomb,TRUE,1,-1,-1,,3,85a7581e-ac80-0ab4-1e26-c91c20c112a9,ca799f4c-b78c-00b9-0cfd-692da0ba180e,0,0,0,0,0,0,1,sm2130_Timebomb_Get,natives/stm/environment/scene/chapter3/c03_leftarea1fpuzzleroom1.scn.20,Props/sm2130_Timebomb/sm2130_Timebomb.mesh,Props/sm2130_Timebomb/sm2130_Timebomb.mdf2,
FALSE,,,ToyShotgun,TRUE,1,-1,-1,Madhouse,3,b892dfc3-41e4-4841-a97f-db3f05b19f28,d0203c36-d486-00b9-2192-af82acfe4860,-12.9357,-4.665907,5.566803,-0.1757093,-0.1757091,0.684928,0.6849279,sm1695_DummyShotgun_Get,natives/stm/leveldesign/itemset/chapter3/mainhouse_east/hard.scn.20,Props/sm1695_DummyShotgun/sm1695_DummyShotgun.mesh,Props/sm1695_DummyShotgun/sm1695_DummyShotgun_IDS.mdf2,
FALSE,,,ToyShotgun,TRUE,1,-1,-1,,3,46573881-af8d-045c-2145-946ddc5c01c9,2ee5db74-3aef-4ca4-a9a8-e0d07513d681,0,0.4,0.2009342,-0.1403401,0.6347748,0.1952489,0.734332,sm1695_DummyShotgun_Get,natives/stm/environment/scene/chapter3/c03_mainhousehall.scn.20,Props/sm1695_DummyShotgun/sm1695_DummyShotgun.mesh,Props/sm1695_DummyShotgun/sm1695_DummyShotgun_IDS.mdf2,
FALSE,,,ToyShotgun,TRUE,1,-1,-1,Normal,3,2d3a977e-f4cc-4629-abac-ff5f23bb62f5,145368e2-cf99-4f90-ae65-f77dd675c5b1,8.90134,8.91095,0.8844441,-0.1348186,-0.1325105,0.6868559,0.7017791,sm1695_DummyShotgun_Get,natives/stm/leveldesign/itemset/chapter3/mainhouse_west/normal.scn.20,Props/sm1695_DummyShotgun/sm1695_DummyShotgun.mesh,Props/sm1695_DummyShotgun/sm1695_DummyShotgun_IDS.mdf2,
FALSE,,,TreasureMap01,TRUE,1,-1,-1,,3,259164c6-6f39-4f38-ac16-d08f2caf372e,f7f2a4ff-121b-0442-28d1-a551b64666d0,-14.53619,-4.07651,19.2708,0,0.9911544,0,-0.1327136,sm2153_TreasureMap01A_DetailSearchItem,natives/stm/leveldesign/itemset/chapter3/mainhouse_east/mainhouse_east.scn.20,Props/sm2153_TreasureMap01A/sm2153_TreasureMap01A.mesh,Props/sm2153_TreasureMap01A/sm2153_TreasureMap01A.mdf2,
FALSE,,,TreasureMap02,TRUE,1,-1,-1,,3,054b4ac0-0785-4cd8-8930-a5ff5ed09542,cf2b6b32-a7ca-0178-1654-449d98a1dbd5,9.207899,-2.917607,64.90009,0.4681077,-0.4952423,0.4961567,0.5379951,sm2154_TreasureMap01B_DetailSearchItem,natives/stm/leveldesign/itemset/chapter3/gardenarea/gardenarea.scn.20,Props/sm2154_TreasureMap01B/sm2154_TreasureMap01B.mesh,Props/sm2154_TreasureMap01B/sm2154_TreasureMap01B.mdf2,
FALSE,,,TreasureMap03,TRUE,1,-1,-1,,3,eb1d6699-f1f9-4a02-b464-b54980725d43,cd27997e-48ca-0917-3381-f49923725df9,-13.35495,4.621231,0.8476346,0,0.9419956,0,0.3356252,sm2155_TreasureMap01C_DetailSearchItem,natives/stm/leveldesign/itemset/chapter3/mainhouse_east/mainhouse_east.scn.20,Props/sm2155_TreasureMap01C/sm2155_TreasureMap01C.mesh,Props/sm2155_TreasureMap01C/sm2155_TreasureMap01C.mdf2,
FALSE,,,Valve,TRUE,1,-1,-1,,3,fc2b81b4-040e-4c2a-b119-4a83a0fcd17f,86a21fb8-f102-4369-9793-478ff5911ace,55.29833,0.9364496,33.7615,0,0.7071068,0,0.7071068,sm1772_Valve01A_DetailSearchItem,natives/stm/environment/scene/chapter3/c03_leftarea1fpuzzleroom2.scn.20,Props/sm1772_Valve01A/sm1772_Valve01A.mesh,Props/sm1772_Valve01A/sm1772_Valve01A_IDS.mdf2,
FALSE,,,WorkroomKey,TRUE,1,-1,-1,,3,62f86528-44f6-0adf-0a70-bdf505111bb7,6bbfd085-0f69-48fc-a98e-5a0aee3a5cd8,0.2424889,0.05796432,0.7885046,0.5206154,0.6591249,0.4165066,0.3479026,sm2050_workroomkey01A_Get,natives/stm/environment/scene/chapter3/c03_rightareab1fmorgue.scn.20,Props/sm2050_workroomkey01A/sm2050_workroomkey01A.mesh,Props/sm2050_workroomkey01A/sm2050_workroomkey01A_IDS.mdf2,
FALSE,,,AcidBulletS,TRUE,1,-1,-1,Madhouse,4,c8666b52-d70c-450b-935a-b55923a5bb21,31913280-2d0d-0630-18b5-f7e9585078ca,52.47517,1.215509,-40.46164,-0.7071068,0,0,0.7071068,wp1112_AcidBullet_Get,natives/stm/leveldesign/itemset/chapter4/shipoutside/hard.scn.20,Weapon/wp1112_AcidBullet/wp1112_AcidBullet.mesh,Weapon/wp1112_AcidBullet/wp1112.mdf2,
FALSE,,,AcidBulletS,TRUE,1,-1,-1,Normal,4,91ea9e52-67c1-406f-af50-494e863b8f94,681dc780-9dc0-0354-24bf-0bfefdce4c7f,-24.70491,-41.021,-184.7541,0,0,0,1,wp1112_AcidBullet_Get,natives/stm/leveldesign/itemset/chapter4/saltdomeb1f/normal.scn.20,Weapon/wp1112_AcidBullet/wp1112_AcidBullet.mesh,Weapon/wp1112_AcidBullet/wp1112.mdf2,
FALSE,,,AcidBulletS,TRUE,1,-1,-1,Normal,4,7e9c23f7-217f-494c-9d54-2077ad600e83,c50de452-863d-45e9-ab77-e065c4e0790d,-15.00794,-44.38179,-169.6972,0,0,0,1,wp1112_AcidBullet_Get,natives/stm/leveldesign/itemset/chapter4/saltdomeb1f/normal.scn.20,Weapon/wp1112_AcidBullet/wp1112_AcidBullet.mesh,Weapon/wp1112_AcidBullet/wp1112.mdf2,
FALSE,,,AcidBulletS,TRUE,1,-1,-1,Normal,4,d1befa53-9234-412f-86e5-ead33d48f2b1,2849a381-6835-0214-0d0a-a86346bd315a,-44.46163,-46.02797,-186.1093,0,0,0,1,wp1112_AcidBullet_Get,natives/stm/leveldesign/itemset/chapter4/saltdomeb2f/normal.scn.20,Weapon/wp1112_AcidBullet/wp1112_AcidBullet.mesh,Weapon/wp1112_AcidBullet/wp1112.mdf2,
FALSE,,,Alcohol,TRUE,1,-1,-1,Madhouse,4,ca0c5c7b-0236-4fdf-8051-87ded9e5df19,57a0131b-44a1-0808-23b9-87663f74838e,-14.98513,-42.5868,-132.3303,0,0,0,1,sm2026_Alcohol01A_Get,natives/stm/leveldesign/itemset/chapter4/saltdomeb1f/hard.scn.20,Props/sm2026_Alcohol01A/sm2026_Alcohol01A.mesh,Props/sm2026_Alcohol01A/sm2026_Alcohol01A.mdf2,
FALSE,,,Alcohol,TRUE,1,-1,-1,Madhouse,4,9fd7fc76-ada6-4ec9-b536-732f15875bb2,027bb316-eb31-091e-16de-7397f3160725,50.69121,1.660482,-44.89955,0,0,0,1,sm2026_Alcohol01A_Get,natives/stm/leveldesign/itemset/chapter4/shipoutside/hard.scn.20,Props/sm2026_Alcohol01A/sm2026_Alcohol01A.mesh,Props/sm2026_Alcohol01A/sm2026_Alcohol01A.mdf2,
FALSE,,,Alcohol,TRUE,1,-1,-1,Madhouse,4,33e39994-8f45-49ad-8337-9a38f77694b8,ae4fd6f4-c9d2-0e7a-20df-9a8011e7c82f,-57.31369,-41.79113,-166.1793,0,0,0,1,sm2026_Alcohol01A_Get,natives/stm/leveldesign/itemset/chapter4/saltdomeb2f/hard.scn.20,Props/sm2026_Alcohol01A/sm2026_Alcohol01A.mesh,Props/sm2026_Alcohol01A/sm2026_Alcohol01A.mdf2,
FALSE,,,AlloyClay,TRUE,1,-1,-1,,4,11212a91-6662-4d02-a00a-a2c8907d3c5d,7cf88835-f6d5-47f7-9373-fdb138ac5292,72.72804,9.218792,15.23034,0,0,0,1,sm2017_MetalClay_Get,natives/stm/leveldesign/itemset/chapter4/shipbf/shipbf.scn.20,Props/sm2017_MetalClay/sm2017_MetalClay.mesh,Props/sm2017_MetalClay/sm2017_MetalClay.mdf2,
FALSE,,,AlloyClay,TRUE,1,-1,-1,,4,f71b02d6-6beb-4e10-a804-eb1c2d099af8,38f8cb8b-5175-4c6f-8e14-015fb1d356d4,105.2407,8.982404,1.538527,0,0,0,1,sm2017_MetalClay_Get,natives/stm/leveldesign/itemset/chapter4/shipbf/shipbf.scn.20,Props/sm2017_MetalClay/sm2017_MetalClay.mesh,Props/sm2017_MetalClay/sm2017_MetalClay.mdf2,
FALSE,,,Bar,TRUE,1,-1,-1,,4,ff701036-6b69-4dca-af2a-19acbacf3672,0dd444ab-020e-07e7-19cd-f2c67c433dcd,70.01104,7.943399,-13.66356,0.4306343,0.3641987,0.5608512,0.6061018,wp1320_Bar_Get,natives/stm/leveldesign/itemset/chapter4/shipbf/shipbf.scn.20,Weapon/wp1320_Bar/wp1320_Bar.mesh,Weapon/wp1320_Bar/wp1320 .mdf2,
FALSE,,,BurnerBullet,TRUE,170,-1,-1,Normal,4,92dae1bd-ac0e-448e-962b-9aa7de2778ae,629fb6b1-96a0-0a3b-0d7d-3bec6c7d218c,54.00964,1.272801,-46.0502,0,0,0,1,wp1001_GasCan_Get,natives/stm/leveldesign/itemset/chapter4/shipoutside/normal.scn.20,Weapon/wp1001_GasCan/wp1001_GasCan.mesh,Weapon/wp1001_GasCan/wp1001.mdf2,
FALSE,,,CabinKey,TRUE,1,-1,-1,,4,36ba5fff-06e3-4719-bc42-199946338e33,a30e3dae-744c-0d2a-33e5-b83b6592f992,54.80792,26.36163,19.76095,-0.02928805,0.04338559,0.8166264,0.574788,sm9252_CabinKey01A_DetailSearchItem,natives/stm/leveldesign/itemset/chapter4/ship2f/ship2f.scn.20,Props/sm9252_CabinKey01A/sm9252_CabinKey01A.mesh,Props/sm9252_CabinKey01A/sm9252_CabinKey01A.mdf2,
FALSE,,,ChemicalL,TRUE,1,-1,-1,Madhouse,4,6e34e0cb-eaf8-4eec-bbc3-785ec2ea6393,64fadb01-9bad-0d3c-137b-c3cdc9909d61,50.28288,1.652778,-41.43727,-0.1216327,0.8749971,0.369817,0.2877862,sm2038_ChemicalL01A_Get,natives/stm/leveldesign/itemset/chapter4/shipoutside/hard.scn.20,Props/sm2038_ChemicalL01A/sm2038_ChemicalL01A.mesh,Props/sm2038_ChemicalL01A/sm2038_ChemicalL01A.mdf2,
FALSE,,,ChemicalM,TRUE,1,-1,-1,Normal,4,9b485d4a-b544-4e19-95ef-59415634664d,6aaba573-1342-04ea-24a2-05687296e33c,47.56032,2.252402,-79.42478,-0.7244527,0.1162633,0.1300672,0.6668846,sm2037_ChemicalM01A_Get,natives/stm/leveldesign/itemset/chapter4/shipoutside/normal.scn.20,Props/sm2037_ChemicalM01A/sm2037_ChemicalM01A.mesh,Props/sm2037_ChemicalM01A/sm2037_ChemicalM01A.mdf2,
FALSE,,,ChemicalM,TRUE,1,-1,-1,Normal,4,2c20d108-cc75-4618-8ec5-2380d19b59cb,ddc32931-6a73-0ceb-3f88-7fa9f539dcba,35.18765,0.8400553,-50.68352,-4.44E-16,0.9313,-2.13E-17,0.3642531,sm2037_ChemicalM01A_Get,natives/stm/leveldesign/itemset/chapter4/shipoutside/normal.scn.20,Props/sm2037_ChemicalM01A/sm2037_ChemicalM01A.mesh,Props/sm2037_ChemicalM01A/sm2037_ChemicalM01A.mdf2,
FALSE,,,ChemicalM,TRUE,1,-1,-1,Madhouse,4,a4e42e6b-ccf9-45fe-86db-a7a6d76db782,5507d652-6aff-0f0d-3796-fb8ff3cf32f3,-28.75543,-41.21352,-178.1727,0,0.9320182,0,0.3624114,sm2037_ChemicalM01A_Get,natives/stm/leveldesign/itemset/chapter4/saltdomeb1f/hard.scn.20,Props/sm2037_ChemicalM01A/sm2037_ChemicalM01A.mesh,Props/sm2037_ChemicalM01A/sm2037_ChemicalM01A.mdf2,
FALSE,,,ChemicalM,TRUE,1,-1,-1,Normal,4,1b5bb0d4-21a1-47f7-bc66-27e605101293,eab848ed-87a7-0d04-0d2b-7bcf21b297e2,71.35155,30.25129,24.12247,0,0,0,1,sm2037_ChemicalM01A_Get,natives/stm/leveldesign/itemset/chapter4/ship3f/normal.scn.20,Props/sm2037_ChemicalM01A/sm2037_ChemicalM01A.mesh,Props/sm2037_ChemicalM01A/sm2037_ChemicalM01A.mdf2,
FALSE,,,ChemicalM,TRUE,1,-1,-1,Madhouse,4,d3fcadea-90dd-47fd-b908-a762286d7032,221f55d3-36db-0d0e-0845-fb4b0ccff543,70.9744,25.40194,23.96149,0,0,0,1,sm2037_ChemicalM01A_Get,natives/stm/leveldesign/itemset/chapter4/ship2f/hard.scn.20,Props/sm2037_ChemicalM01A/sm2037_ChemicalM01A.mesh,Props/sm2037_ChemicalM01A/sm2037_ChemicalM01A.mdf2,
FALSE,,,ChemicalM,TRUE,1,-1,-1,Madhouse,4,2758b0ac-cb66-463d-95b9-0f00f168073a,d6bb4895-6d60-0cce-24f4-5329d5ca824b,-66.3852,-32.22125,-168.5987,0,0,0,1,sm2037_ChemicalM01A_Get,natives/stm/leveldesign/itemset/chapter4/saltdomeb2f/hard.scn.20,Props/sm2037_ChemicalM01A/sm2037_ChemicalM01A.mesh,Props/sm2037_ChemicalM01A/sm2037_ChemicalM01A.mdf2,
FALSE,,,ChemicalM,TRUE,1,-1,-1,Normal,4,4c91f1bd-2c63-4bc4-be9b-9fb1af32c523,bd720984-8a65-0137-0fd6-c3988b904052,57.2823,25.59899,17.14835,0,0.1697237,0,0.9854917,sm2037_ChemicalM01A_Get,natives/stm/leveldesign/itemset/chapter4/ship2f/normal.scn.20,Props/sm2037_ChemicalM01A/sm2037_ChemicalM01A.mesh,Props/sm2037_ChemicalM01A/sm2037_ChemicalM01A.mdf2,
FALSE,,,ChemicalS,TRUE,1,-1,-1,Normal,4,c7ff2d0e-eda7-47d1-9cbc-c68fc4acc90a,cbcf707c-ab1f-4763-a074-97e4ebedc964,38.12715,0.6525679,-49.51886,0.6615869,0.3298859,-0.3591795,0.569621,sm2036_ChemicalS01A_Get,natives/stm/leveldesign/itemset/chapter4/shipoutside/normal.scn.20,Props/sm2036_ChemicalS01A/sm2036_ChemicalS01A.mesh,Props/sm2036_ChemicalS01A/sm2036_ChemicalS01A.mdf2,
FALSE,,,ChemicalS,TRUE,1,-1,-1,Normal,4,cbeb32bf-7fa4-49f5-8b6b-fbc5d6ad14f1,de5433be-96c0-4004-9c56-033b2fd89754,47.76433,1.418968,-71.02637,0.2862461,0.7419224,-0.6061136,0.01551156,sm2036_ChemicalS01A_Get,natives/stm/leveldesign/itemset/chapter4/shipoutside/normal.scn.20,Props/sm2036_ChemicalS01A/sm2036_ChemicalS01A.mesh,Props/sm2036_ChemicalS01A/sm2036_ChemicalS01A.mdf2,
FALSE,,,ChemicalS,TRUE,1,-1,-1,Madhouse,4,c3cbd165-7e45-4fdd-ae96-221b346aa8eb,0e85dc41-37e8-063c-21a8-a9b32f1eada1,-25.97117,-41.43232,-180.7981,-0.1663264,0,0,0.9860708,sm2036_ChemicalS01A_Get,natives/stm/leveldesign/itemset/chapter4/saltdomeb1f/hard.scn.20,Props/sm2036_ChemicalS01A/sm2036_ChemicalS01A.mesh,Props/sm2036_ChemicalS01A/sm2036_ChemicalS01A.mdf2,
FALSE,,,KeyItem01Ch8,TRUE,1,-1,-1,,8,c02ada2b-e4a2-4400-af48-27b5b70afbe2,ce464417-2857-48fc-b222-ab0480ba5874,0,0,0,0,0,0,1,KeyItem01_Item,natives/stm/ch8/scenes/residentweapons.scn.20,Props/sm2050_workroomkey01A/sm2050_workroomkey01A.mesh,Props/sm2050_workroomkey01A/sm2050_workroomkey01A_IDS.mdf2,NotAHero
FALSE,,,KeyItem01Ch8,TRUE,1,-1,-1,,8,799ed90d-5b0d-0811-221c-cad15be8638c,b2f10233-9130-04f3-0061-7ccac838671d,0,0,0.05,0,0,0,1,KeyItem01_Get,natives/stm/ch8/environment/scene/chapter8/c08_train03.scn.20,Props/sm2050_workroomkey01A/sm2050_workroomkey01A.mesh,Props/sm2050_workroomkey01A/sm2050_workroomkey01A_IDS.mdf2,NotAHero
FALSE,,,KeyItem02Ch8,TRUE,1,-1,-1,Normal,8,07955794-c861-4535-9378-448fddf6dbd6,6ed9e0f6-2eca-42e5-a711-a27585343e47,-31.27926,-88.92171,-219.9082,-0.1967456,-0.09599039,-0.127172,0.9674215,sm2164_Coin01A_Get,natives/stm/ch8/leveldesign/itemset/chapter8/c08_storage04/normal.scn.20,Props/sm2164_Coin01A/sm2164_Coin01A.mesh,Props/sm2164_Coin01A/sm2164_Coin01A.mdf2,NotAHero
FALSE,,,KeyItem02Ch8,TRUE,1,-1,-1,,8,87e805f3-a0ca-49cc-8103-495a4284c9ec,0b46d041-aaca-0266-1b5f-6f629c78cefa,0,0,0,0,0,0,1,sm2164_Coin01A_Get,natives/stm/ch8/scenes/residentweapons.scn.20,Props/sm2164_Coin01A/sm2164_Coin01A.mesh,Props/sm2164_Coin01A/sm2164_Coin01A.mdf2,NotAHero
FALSE,,,KeyItem02Ch8,TRUE,1,-1,-1,,8,ff68336d-af7a-46e0-bb9e-ab52ff841eb3,b11e7a7c-0376-0d0d-228a-304404b533fd,0,0,0,0,0,0,1,sm2164_Coin01A_Item,natives/stm/ch8/scenes/residentweapons.scn.20,Props/sm2164_Coin01A/sm2164_Coin01A.mesh,Props/sm2164_Coin01A/sm2164_Coin01A.mdf2,NotAHero
FALSE,,,KeyItem02Ch8,TRUE,1,-1,-1,Normal,8,e298eb53-93d9-4704-bfb0-2157e1dcfbcd,6e363ee1-99d9-0cae-25ec-076f3f20fcdb,23.42782,-83.09126,-226.4322,-0.0699691,0.5631363,-0.3033873,0.7654658,sm2164_Coin01A_Get,natives/stm/ch8/leveldesign/itemset/chapter8/c08_storage01/normal.scn.20,Props/sm2164_Coin01A/sm2164_Coin01A.mesh,Props/sm2164_Coin01A/sm2164_Coin01A.mdf2,NotAHero
FALSE,,,KeyItem02Ch8,TRUE,1,-1,-1,Normal,8,2583d9e2-0d6b-4f4a-a0d1-214190bdb202,a92d0c50-076b-04e0-3a8d-07794e41b514,15.09388,-70.5583,-75.30108,0,0,0,1,sm2164_Coin01A_Get,natives/stm/ch8/leveldesign/itemset/chapter8/c08_miningcollapse01/normal.scn.20,Props/sm2164_Coin01A/sm2164_Coin01A.mesh,Props/sm2164_Coin01A/sm2164_Coin01A.mdf2,NotAHero
FALSE,,,KeyItem02Ch8,TRUE,1,-1,-1,Madhouse,8,7596e826-5454-433f-a2c3-cd7e8c2aca15,f9383d94-5e54-0895-389f-eb4652d6cd03,41.94579,-81.7877,-226.956,0.02538415,-0.004789016,-0.2191644,0.9753459,sm2164_Coin01A_Get,natives/stm/ch8/leveldesign/itemset/chapter8/c08_storage01/hard.scn.20,Props/sm2164_Coin01A/sm2164_Coin01A.mesh,Props/sm2164_Coin01A/sm2164_Coin01A.mdf2,NotAHero
FALSE,,,KeyItem02Ch8,TRUE,1,-1,-1,Madhouse,8,19112b55-b351-46d4-bbc5-d2692d79368d,95bffee7-b951-0d7e-2199-f451f385319b,138.5747,-75.91577,-220.4099,0,0.4844019,0,0.8748456,sm2164_Coin01A_Get,natives/stm/ch8/leveldesign/itemset/chapter8/c08_trainpassage03/hard.scn.20,Props/sm2164_Coin01A/sm2164_Coin01A.mesh,Props/sm2164_Coin01A/sm2164_Coin01A.mdf2,NotAHero
FALSE,,,KeyItem02Ch8,TRUE,1,-1,-1,Normal,8,6aad3206-f5bf-4089-8ac4-d2ddde087af9,7e1b2d4a-be00-4309-b01c-758607a8e311,104.8463,-80.37095,-224.3927,0.08826848,-0.5661534,-0.1622779,0.8033336,sm2164_Coin01A_Get,natives/stm/ch8/leveldesign/itemset/chapter8/c08_trainpassage05/normal.scn.20,Props/sm2164_Coin01A/sm2164_Coin01A.mesh,Props/sm2164_Coin01A/sm2164_Coin01A.mdf2,NotAHero
FALSE,,,KeyItem02Ch8,TRUE,1,-1,-1,Normal,8,60290da1-baef-47e4-87c2-5c0116c5b77d,f5321bc8-8c91-4f1d-9cd6-d80c4cc7de9e,137.9569,-75.86567,-218.5459,-0.09884713,0.3829033,0.3702505,0.8405547,sm2164_Coin01A_Get,natives/stm/ch8/leveldesign/itemset/chapter8/c08_train03/normal.scn.20,Props/sm2164_Coin01A/sm2164_Coin01A.mesh,Props/sm2164_Coin01A/sm2164_Coin01A.mdf2,NotAHero
FALSE,,,KeyItem02Ch8,TRUE,1,-1,-1,Normal,8,19252d54-361a-4874-8827-1e678dff1dc4,958bf8e6-3c1a-03de-127b-385f53031ad2,44.68354,-75.13553,-171.272,-0.003384446,-0.07379702,-0.01975834,0.9970718,sm2164_Coin01A_Get,natives/stm/ch8/leveldesign/itemset/chapter8/c08_mine01/normal.scn.20,Props/sm2164_Coin01A/sm2164_Coin01A.mesh,Props/sm2164_Coin01A/sm2164_Coin01A.mdf2,NotAHero
FALSE,,,KeyItem02Ch8,TRUE,1,-1,-1,,8,bea84681-12ce-4156-939f-60828f80aa7c,32069333-18ce-0afc-09c3-46ba517cad6a,0,0,0,0,0,0,1,sm2164_Coin01A_Get,natives/stm/ch8/scenes/itemset_resident.scn.20,Props/sm2164_Coin01A/sm2164_Coin01A.mesh,Props/sm2164_Coin01A/sm2164_Coin01A.mdf2,NotAHero
FALSE,,,KeyItem02Ch8,TRUE,1,-1,-1,,8,ecd5a353-cdbd-49bb-8a03-9b3da97dd2b7,607b76e1-c7bd-0211-105f-bd057781d5a1,0,0,0,0,0,0,1,sm2164_Coin01A_Get,natives/stm/ch8/scenes/itemset_resident.scn.20,Props/sm2164_Coin01A/sm2164_Coin01A.mesh,Props/sm2164_Coin01A/sm2164_Coin01A.mdf2,NotAHero
FALSE,,,KeyItem02Ch8,TRUE,1,-1,-1,Madhouse,8,9c4f5a12-cddd-4cd6-887e-566777fde193,10e18fa0-c7dd-077c-1222-705fa901e685,74.78661,-77.2628,-195.774,3.28E-09,-0.472867,1.76E-09,0.8811338,sm2164_Coin01A_Get,natives/stm/ch8/leveldesign/itemset/chapter8/c08_trainpassage01/hard.scn.20,Props/sm2164_Coin01A/sm2164_Coin01A.mesh,Props/sm2164_Coin01A/sm2164_Coin01A.mdf2,NotAHero
FALSE,,,KeyItem02Ch8,TRUE,1,-1,-1,Normal,8,58373273-7f80-4443-9fbf-399523ca7009,d499e7c1-7580-0fe9-05e3-1fadfd36771f,58.80711,-76.79682,-151.0765,-0.04024334,0.03937765,-0.1414305,0.9883457,sm2164_Coin01A_Get,natives/stm/ch8/leveldesign/itemset/chapter8/c08_miningpassage01/normal.scn.20,Props/sm2164_Coin01A/sm2164_Coin01A.mesh,Props/sm2164_Coin01A/sm2164_Coin01A.mdf2,NotAHero
FALSE,,,KeyItem02Ch8,TRUE,1,-1,-1,Madhouse,8,a51c597e-d1b7-4eb0-8573-b24351e0f894,29b28ccc-dbb7-051a-1f2f-947b8f1cff82,6.924732,-84.73318,-214.6389,0,0.8279544,0,0.5607955,sm2164_Coin01A_Get,natives/stm/ch8/leveldesign/itemset/chapter8/c08_storage02/hard.scn.20,Props/sm2164_Coin01A/sm2164_Coin01A.mesh,Props/sm2164_Coin01A/sm2164_Coin01A.mdf2,NotAHero
FALSE,,,KeyItem02Ch8,TRUE,1,-1,-1,Madhouse,8,6ed6f487-a361-474f-879b-4c8d021bc938,e2782135-a961-0ce5-1dc7-6ab5dce7ce2e,37.33117,-73.5101,-182.8629,-0.456919,0.8645276,0.07132368,-0.1967993,sm2164_Coin01A_Get,natives/stm/ch8/leveldesign/itemset/chapter8/c08_mine01/hard.scn.20,Props/sm2164_Coin01A/sm2164_Coin01A.mesh,Props/sm2164_Coin01A/sm2164_Coin01A.mdf2,NotAHero
FALSE,,,KeyItem02Ch8,TRUE,1,-1,-1,Normal,8,0ff8d245-19eb-4d17-9d12-7b0853399d25,ae61345a-a4d2-47f7-95e9-11ee52468d31,74.802,-77.26241,-195.5889,0.003410164,0.9890322,0.001910377,0.1476481,sm2164_Coin01A_Get,natives/stm/ch8/leveldesign/itemset/chapter8/c08_trainpassage01/normal.scn.20,Props/sm2164_Coin01A/sm2164_Coin01A.mesh,Props/sm2164_Coin01A/sm2164_Coin01A.mdf2,NotAHero
FALSE,,,KeyItem02Ch8,TRUE,1,-1,-1,Madhouse,8,d1db3f4a-f3c3-4b5f-96d7-209754e20bf8,7d05522e-ac0a-4687-90fb-f8652a6c54f5,112.1295,-80.12849,-232.6218,-0.00184227,0.3953137,0.003524851,0.9185377,sm2164_Coin01A_Get,natives/stm/ch8/leveldesign/itemset/chapter8/c08_traincollapse01/hard.scn.20,Props/sm2164_Coin01A/sm2164_Coin01A.mesh,Props/sm2164_Coin01A/sm2164_Coin01A.mdf2,NotAHero
FALSE,,,KeyItem02Ch8,TRUE,1,-1,-1,Madhouse,8,416e7d3e-4dae-41a2-acc4-729b3f46c780,46fdb7a0-0027-4c90-9718-346353e03c88,15.09388,-70.5583,-75.30108,0,0,0,1,sm2164_Coin01A_Get,natives/stm/ch8/leveldesign/itemset/chapter8/c08_miningcollapse01/hard.scn.20,Props/sm2164_Coin01A/sm2164_Coin01A.mesh,Props/sm2164_Coin01A/sm2164_Coin01A.mdf2,NotAHero
FALSE,,,KeyItem02Ch8,TRUE,1,-1,-1,Normal,8,708e807d-c5cf-449c-80d8-a537822f0648,fc2055cf-cfcf-0f36-1a84-830f5cd3015e,-47.8789,-89.59812,-213.3977,0.1690359,0.6415741,-0.1835181,0.7253486,sm2164_Coin01A_Get,natives/stm/ch8/leveldesign/itemset/chapter8/c08_storage05/normal.scn.20,Props/sm2164_Coin01A/sm2164_Coin01A.mesh,Props/sm2164_Coin01A/sm2164_Coin01A.mdf2,NotAHero
FALSE,,,KeyItem02Ch8,TRUE,1,-1,-1,Madhouse,8,ff6934be-dce4-4838-8592-cfdd7ead6e2e,73c7e10c-d6e4-0392-1fce-e9e5a0516938,-29.47842,-88.05112,-239.609,0,0,0,1,sm2164_Coin01A_Get,natives/stm/ch8/leveldesign/itemset/chapter8/c08_storage04/hard.scn.20,Props/sm2164_Coin01A/sm2164_Coin01A.mesh,Props/sm2164_Coin01A/sm2164_Coin01A.mdf2,NotAHero
FALSE,,,KeyItem02Ch8,TRUE,1,-1,-1,Normal,8,67fe4253-fbe2-407b-b68e-7a3e87c1429c,2f8a42c7-b981-4603-a37b-337b5e3ffd9a,17.81405,-68.93417,-119.6581,-0.05461925,0.8990237,0.07888086,-0.4272602,sm2164_Coin01A_Get,natives/stm/ch8/leveldesign/itemset/chapter8/c08_miningdome01/normal.scn.20,Props/sm2164_Coin01A/sm2164_Coin01A.mesh,Props/sm2164_Coin01A/sm2164_Coin01A.mdf2,NotAHero
FALSE,,,KeyItem02Ch8,TRUE,1,-1,-1,Madhouse,8,bc4e7282-79f3-41ec-a914-783ad103839e,30e0a730-73f3-0a46-3348-5e020fff8488,36.20884,-68.15813,-89.28802,0,0,0,1,sm2164_Coin01A_Get,natives/stm/ch8/leveldesign/itemset/chapter8/c08_miningpassage06/hard.scn.20,Props/sm2164_Coin01A/sm2164_Coin01A.mesh,Props/sm2164_Coin01A/sm2164_Coin01A.mdf2,NotAHero
FALSE,,,KeyItem02Ch8,TRUE,1,-1,-1,Madhouse,8,60071335-dec6-48ba-b812-8bdd6d66e2b6,35d9e121-4d56-4182-b7f1-4d6c12bc69a5,49.41153,-68.87946,-113.7398,-0.1050638,0.8952423,0.01846468,-0.4326257,sm2164_Coin01A_Get,natives/stm/ch8/leveldesign/itemset/chapter8/c08_miningtunnel01/hard.scn.20,Props/sm2164_Coin01A/sm2164_Coin01A.mesh,Props/sm2164_Coin01A/sm2164_Coin01A.mdf2,NotAHero
FALSE,,,KeyItem03Ch8,TRUE,1,-1,-1,,8,d89e9095-b36a-4c97-bcaf-f3f608ab2418,0b59caaf-a9f6-02a8-063d-057c3c724ee7,0,0,0,0,0,0,1,sm2058_Crank01A_Item,natives/stm/ch8/scenes/residentweapons.scn.20,,,NotAHero
FALSE,,,KeyItem03Ch8,TRUE,1,-1,-1,,8,426c5337-3d6b-4cdb-8098-40ab96802a3c,b9d96805-7940-07b4-0fb4-1b319f913f62,15.56008,-68.22719,-100.3696,0.4369924,0.8406241,0.3199144,0.006602456,sm2058_Crank01A_Get,natives/stm/ch8/environment/scene/chapter8/c08_miningdome01.scn.20,Props/sm2058_Crank01A/sm2058_Crank01A.mesh,Props/sm2058_Crank01A/sm2058_Crank01A.mdf2,NotAHero
FALSE,,,KeyItem04Ch8,TRUE,1,-1,-1,,8,dcb524f7-c82d-46ea-b761-d2616748f1ad,3e5d3cc9-3f26-0495-1755-86c14b2f28d1,0,0,0,0,0,0,1,sm2759_DuraluminCaseKey01A_Item,natives/stm/ch8/scenes/residentweapons.scn.20,,,NotAHero
FALSE,,,KeyItem05Ch8,TRUE,1,-1,-1,,8,68b31933-e923-4dfb-89e5-31662e150d90,4634e260-5923-0336-20da-1b70742afb0a,0,0,0,0,0,0,1,sm2701_MineCrank01B_Get,natives/stm/ch8/scenes/residentweapons.scn.20,CH8/Props/sm2701_MineCrank01B/sm2701_MineCrank01B.mesh,CH8/Props/sm2701_MineCrank01B/sm2701_MineCrank01B.mdf2,NotAHero
FALSE,,,KeyItem05Ch8,TRUE,1,-1,-1,,8,45b460ef-9579-4d19-87d8-de1f814d592d,2a1665e4-92a6-0499-0f58-c9abe411df95,0,0,0,0,0,0,1,sm2701_MineCrank01B_Item,natives/stm/ch8/scenes/residentweapons.scn.20,,,NotAHero
FALSE,,,KeyItem05Ch8,TRUE,1,-1,-1,,8,0f811316-db71-4fb5-bd6c-6a47df6d5d47,2106e845-6b71-0178-1453-40518552abdd,14.26946,-70.89433,-81.6946,0.3501522,0.2364392,-0.09791528,0.9010563,sm2701_MineCrank01B_Get,natives/stm/ch8/environment/scene/chapter8/c08_miningpassage04.scn.20,CH8/Props/sm2701_MineCrank01B/sm2701_MineCrank01B.mesh,CH8/Props/sm2701_MineCrank01B/sm2701_MineCrank01B.mdf2,NotAHero
FALSE,,,ChemicalS,TRUE,1,-1,-1,Normal,4,5d4e7340-c74c-4a9c-b7b4-39510f5a0acd,90007e64-8ee1-037d-388a-b2f9142e0f87,71.82776,30.26336,24.13919,0,0.3145742,0,0.9492329,sm2036_ChemicalS01A_Get,natives/stm/leveldesign/itemset/chapter4/ship3f/normal.scn.20,Props/sm2036_ChemicalS01A/sm2036_ChemicalS01A.mesh,Props/sm2036_ChemicalS01A/sm2036_ChemicalS01A.mdf2,
FALSE,,,ChemicalS,TRUE,1,-1,-1,,4,e3b64592-382a-4446-8753-ab6bf1eefeb8,1343c3d0-a635-4e56-b53d-9318399a8114,107.9365,8.541451,5.624143,0.01290047,0.7180501,0.01050264,0.6957926,sm2036_ChemicalS01A_Get,natives/stm/leveldesign/itemset/ff050/bf/bf.scn.20,Props/sm2036_ChemicalS01A/sm2036_ChemicalS01A.mesh,Props/sm2036_ChemicalS01A/sm2036_ChemicalS01A.mdf2,
FALSE,,,Knife,TRUE,1,-1,-1,,7,116b3067-e23b-4d27-876c-b9bfa0b0ad30,42a43fd9-6e0b-07a3-0a11-78c2d1566dce,-21.21901,-2.734828,42.1853,0,0,0,1,wp1190_Knife_Get,natives/stm/scenes/imd/copyscene/itemset_c03/2/gardenarea.scn.20,Weapon/wp1190_Knife/wp1190_Knife.mesh,Weapon/wp1190_Knife/wp1190.mdf2,EthanMustDie
FALSE,,,ChemicalS,TRUE,1,-1,-1,,4,f175d9a5-e1db-4691-bd4e-b6e95159fa65,82fbb788-655b-45bb-9f0f-4b1184dd9c39,89.24204,8.23385,10.4772,-0.02662121,0.9995681,0.01143707,0.004900647,sm2036_ChemicalS01A_Get,natives/stm/leveldesign/itemset/ff050/bf/bf.scn.20,Props/sm2036_ChemicalS01A/sm2036_ChemicalS01A.mesh,Props/sm2036_ChemicalS01A/sm2036_ChemicalS01A.mdf2,
FALSE,,,ChemicalS,TRUE,1,-1,-1,,4,246ed21e-33ea-4da4-a3bd-ab77caac2fe5,3dc9ff3f-adbb-45eb-a04c-195b4a74da3a,97.95509,7.985162,0.7149324,-0.1536888,0.01113102,0.001731394,0.9880551,sm2036_ChemicalS01A_Get,natives/stm/leveldesign/itemset/ff050/bf/bf.scn.20,Props/sm2036_ChemicalS01A/sm2036_ChemicalS01A.mesh,Props/sm2036_ChemicalS01A/sm2036_ChemicalS01A.mdf2,
FALSE,,,ChemicalS,TRUE,1,-1,-1,,4,288c220b-0804-44ca-b202-fe41d6d16e88,e5c22f2f-41a9-0d2b-3d3c-75e9cda56bc2,65.51324,7.889553,5.191176,0,0.2580855,0,0.9661221,sm2036_ChemicalS01A_Get,natives/stm/leveldesign/itemset/ff050/bf/bf.scn.20,Props/sm2036_ChemicalS01A/sm2036_ChemicalS01A.mesh,Props/sm2036_ChemicalS01A/sm2036_ChemicalS01A.mdf2,
FALSE,,,ChemicalS,TRUE,1,-1,-1,,4,979787c7-071e-4705-b7e2-557d57e855d9,96ca17f5-5fa6-44cd-9bc7-e8c08b1ae61a,72.0138,26.01266,29.77242,0.0160447,0.8548796,0.5179954,-0.02457995,sm2036_ChemicalS01A_Get,natives/stm/leveldesign/itemset/ff050/2f/2f.scn.20,Props/sm2036_ChemicalS01A/sm2036_ChemicalS01A.mesh,Props/sm2036_ChemicalS01A/sm2036_ChemicalS01A.mdf2,
FALSE,,,ChemicalS,TRUE,1,-1,-1,,4,ae1d0e78-740b-42c5-bfa6-1b0b7d17c9f3,e7dd84a9-572c-4c3f-b5d3-d1a24c8f4c1f,61.45022,25.36903,32.31863,0.001470589,0.9994317,0.01657,-0.02931625,sm2036_ChemicalS01A_Get,natives/stm/leveldesign/itemset/ff050/2f/2f.scn.20,Props/sm2036_ChemicalS01A/sm2036_ChemicalS01A.mesh,Props/sm2036_ChemicalS01A/sm2036_ChemicalS01A.mdf2,
FALSE,,,ChemicalS,TRUE,1,-1,-1,Madhouse,4,cffda277-35f1-4ecf-8979-977e3a0ee8cc,02b3af53-7c5c-072e-0647-1cd6217aed86,46.91581,1.651029,-42.15144,0.3102891,0.6894967,0.4730022,-0.4523095,sm2036_ChemicalS01A_Get,natives/stm/leveldesign/itemset/chapter4/shipoutside/hard.scn.20,Props/sm2036_ChemicalS01A/sm2036_ChemicalS01A.mesh,Props/sm2036_ChemicalS01A/sm2036_ChemicalS01A.mdf2,
FALSE,,,ChemicalS,TRUE,1,-1,-1,Normal,4,c6467d1c-afb6-4538-8a06-f32f9e38bf3c,eb8b2955-70ec-4dd9-9579-08272574774f,-11.61537,-44.02091,-206.5331,-0.6305962,-0.1708544,-0.1449959,0.7430568,sm2036_ChemicalS01A_Get,natives/stm/leveldesign/itemset/chapter4/saltdomeb1f/normal.scn.20,Props/sm2036_ChemicalS01A/sm2036_ChemicalS01A.mesh,Props/sm2036_ChemicalS01A/sm2036_ChemicalS01A.mdf2,
FALSE,,,ChemicalS,TRUE,1,-1,-1,Madhouse,4,bfc627d3-00ce-44d7-987b-b4093d63e5ce,72882af7-4963-0d36-1745-3fa12617e084,-66.2134,-32.21667,-168.5277,0,0.3022542,0,0.9532273,sm2036_ChemicalS01A_Get,natives/stm/leveldesign/itemset/chapter4/saltdomeb2f/hard.scn.20,Props/sm2036_ChemicalS01A/sm2036_ChemicalS01A.mesh,Props/sm2036_ChemicalS01A/sm2036_ChemicalS01A.mdf2,
FALSE,,,Lantern_C,FALSE,1,-1,-1,,7,b62105f2-9f52-4cf1-9617-aeba91a7b961,502f25f1-45d3-07fa-17ed-b8b2c45c3be0,0,0,0,0,0,0,1,wp2190_Lantern_Event,natives/stm/animation/ingame/c07/event_c07_1.scn.20,Weapon/wp2190_Lantern/wp2190_Lantern.mesh,Weapon/wp2190_Lantern/wp2190.mdf2,Bedroom
FALSE,,,Lantern_C,FALSE,1,-1,-1,,7,3b00fc3a-c40e-4e9b-a826-c6f868e40f50,dd0edc39-1e8f-0590-29dc-d0f03d1f8dd1,0,0,0,0,0,0,1,wp2190_Lantern_Event,natives/stm/animation/ingame/c07/event_c07_4.scn.20,Weapon/wp2190_Lantern/wp2190_Lantern.mesh,Weapon/wp2190_Lantern/wp2190.mdf2,Daughters
FALSE,,,ChemicalS,TRUE,1,-1,-1,Madhouse,4,8f6def31-0cd9-4a72-ae08-f4e0e0b82f59,4223e215-4574-0393-2136-7f48fbcc2a13,71.83302,22.22944,27.03127,0.3675897,0.5837365,0.6422731,-0.3340878,sm2036_ChemicalS01A_Get,natives/stm/leveldesign/itemset/chapter4/ship1f/hard.scn.20,Props/sm2036_ChemicalS01A/sm2036_ChemicalS01A.mesh,Props/sm2036_ChemicalS01A/sm2036_ChemicalS01A.mdf2,
FALSE,,,Coin,TRUE,1,-1,-1,Normal,4,12b4cea7-4c89-4e6a-abdc-55b71a5d5c1c,8adc5947-bbe7-405c-b93f-79ca56e9e71a,0.02857971,0.01162338,-0.06706238,0,0,0,1,sm2164_Coin01A_DetailSearchItem,natives/stm/leveldesign/itemset/chapter4/ship3f/normal.scn.20,Props/sm2164_Coin01A/sm2164_Coin01A.mesh,Props/sm2164_Coin01A/sm2164_Coin01A.mdf2,
FALSE,,,Coin,TRUE,1,-1,-1,Madhouse,4,30096582-9cce-49f4-91bd-4e7950841115,8f907c8a-c242-09bb-25b6-c46dcde9ac27,56.86505,8.887284,4.897858,0,0,0,1,sm2164_Coin01A_DetailSearchItem,natives/stm/leveldesign/itemset/chapter4/shipoutside/hard.scn.20,Props/sm2164_Coin01A/sm2164_Coin01A.mesh,Props/sm2164_Coin01A/sm2164_Coin01A.mdf2,
FALSE,,,Coin,TRUE,1,-1,-1,Madhouse,4,3ae79e80-4d73-4363-bb34-c126ceed21fd,857e8788-13ff-032c-0f3f-4b3253809ccf,42.90469,0.1925838,-26.08916,0,0,0,1,sm2164_Coin01A_DetailSearchItem,natives/stm/leveldesign/itemset/chapter4/shipoutside/hard.scn.20,Props/sm2164_Coin01A/sm2164_Coin01A.mesh,Props/sm2164_Coin01A/sm2164_Coin01A.mdf2,
FALSE,,,LeftJawboneObject,TRUE,1,-1,-1,,7,1324a10d-eccc-4594-9df4-a4b4c758bf88,661910f8-58e0-4f8c-ae1b-3e9dfda33617,10.09481,-10.62292,13.32741,-3.19E-10,1,-5.27E-09,-4.37E-08,sm0372_CrestA_DetailSearchItem,natives/stm/scenes/birthday/stage3/copyasset/c03_mainhouse2fkids02/c03_mainhouse2fkids02.scn.20,Props/sm0372_CrestA/sm0372_CrestA.mesh,Props/sm0372_CrestA/sm0372_CrestA_IDS.mdf2,Jacks55thBirthday
FALSE,,,Coin,TRUE,1,-1,-1,Normal,4,9d09251c-c311-4822-811d-86f67043171e,4cf513b7-a4a5-47ea-b6ff-57c23af53d8b,79.99702,16.1573,23.75669,0,0,0,1,sm2164_Coin01A_DetailSearchItem,natives/stm/leveldesign/itemset/chapter4/ship1f/normal.scn.20,Props/sm2164_Coin01A/sm2164_Coin01A.mesh,Props/sm2164_Coin01A/sm2164_Coin01A.mdf2,
FALSE,,,Coin,TRUE,1,-1,-1,Madhouse,4,e24eb405-39eb-4f4f-8237-a03df5c08fd9,5dd7ad0d-6767-0f00-363c-2a2968ad32eb,83.2265,26.19731,24.99225,0,0.7071068,0,0.7071068,sm2164_Coin01A_DetailSearchItem,natives/stm/leveldesign/itemset/chapter4/ship2f/hard.scn.20,Props/sm2164_Coin01A/sm2164_Coin01A.mesh,Props/sm2164_Coin01A/sm2164_Coin01A.mdf2,
FALSE,,,Coin,TRUE,1,-1,-1,Madhouse,4,e3684c92-01fe-0bf4-39f1-13bf99b2f190,5cf1559a-5f72-4bbb-8dfa-99ab04df4ca2,0,0.1,0,0,0,0,1,sm2164_Coin01A_DetailSearchItem,natives/stm/leveldesign/itemset/chapter4/ship2f/hard.scn.20,Props/sm2164_Coin01A/sm2164_Coin01A.mesh,Props/sm2164_Coin01A/sm2164_Coin01A.mdf2,
FALSE,,,Coin,TRUE,1,-1,-1,Madhouse,4,8589b442-83ae-4ef0-9ab3-cbc005258088,839bd8ea-57fb-4884-88d9-8e50dd461341,86.65859,31.40266,26.54722,0,0,0,1,sm2164_Coin01A_DetailSearchItem,natives/stm/leveldesign/itemset/chapter4/ship4f/hard.scn.20,Props/sm2164_Coin01A/sm2164_Coin01A.mesh,Props/sm2164_Coin01A/sm2164_Coin01A.mdf2,
FALSE,,,Coin,TRUE,1,-1,-1,Normal,4,54537c55-e8d9-4e47-b15a-83727c171fd6,ebca655d-b655-0e08-0551-0966e17aa2e4,70.28541,13.24443,19.1737,0,0,0,1,sm2164_Coin01A_DetailSearchItem,natives/stm/leveldesign/itemset/chapter4/shipbf/normal.scn.20,Props/sm2164_Coin01A/sm2164_Coin01A.mesh,Props/sm2164_Coin01A/sm2164_Coin01A.mdf2,
FALSE,,,Coin,TRUE,1,-1,-1,Madhouse,4,6d070af5-3477-4b04-a314-fcf2c386600d,d29e13fd-6afb-0b4b-171f-76e65eebdd3f,74.42167,21.95987,24.31722,0,0,0,1,sm2164_Coin01A_DetailSearchItem,natives/stm/leveldesign/itemset/chapter4/ship1f/hard.scn.20,Props/sm2164_Coin01A/sm2164_Coin01A.mesh,Props/sm2164_Coin01A/sm2164_Coin01A.mdf2,
FALSE,,,Coin,TRUE,1,-1,-1,Madhouse,4,e9144384-35f1-4be3-80ca-818b2def501e,568d5a8c-6b7d-0bac-34c1-0b9fb082ed2c,81.2466,30.55184,34.99843,0,0,0,1,sm2164_Coin01A_DetailSearchItem,natives/stm/leveldesign/itemset/chapter4/ship3f/hard.scn.20,Props/sm2164_Coin01A/sm2164_Coin01A.mesh,Props/sm2164_Coin01A/sm2164_Coin01A.mdf2,
FALSE,,,Coin,TRUE,1,-1,-1,,4,35808a92-fe9c-4733-8966-89876d114ebd,50972b47-712d-4368-951e-2e0a128937fe,-0.1563873,1.127017,0.05743313,0,0,0,1,sm2164_Coin01A_DetailSearchItem,natives/stm/environment/scene/chapter4/c04_shipb2corridor03.scn.20,Props/sm2164_Coin01A/sm2164_Coin01A.mesh,Props/sm2164_Coin01A/sm2164_Coin01A.mdf2,
FALSE,,,Coin,TRUE,1,-1,-1,Madhouse,4,0e7fd36d-52b3-438e-98ae-315ae584e85b,b1e6ca65-0c3f-03c1-2ca5-bb4e78e95569,99.4495,7.902084,13.05204,0,0,0,1,sm2164_Coin01A_DetailSearchItem,natives/stm/leveldesign/itemset/chapter4/shipbf/hard.scn.20,Props/sm2164_Coin01A/sm2164_Coin01A.mesh,Props/sm2164_Coin01A/sm2164_Coin01A.mdf2,
FALSE,,,CylinderKey,TRUE,1,-1,-1,Normal,4,7be866c0-98df-0745-29d8-8757625c3458,f21615d7-3f36-4424-86c6-a4239d229185,-0.01969501,-0.02139361,0.05653881,0,0,0,1,sm1796_KeyPick01A_DetailSearchItem,natives/stm/leveldesign/itemset/chapter4/ship3f/normal.scn.20,Props/sm1796_KeyPick01A/sm1796_KeyPick01A.mesh,Props/sm1796_KeyPick01A/sm1796_KeyPick01A.mdf2,
FALSE,,,Depressant,TRUE,1,-1,-1,,4,eba4e638-5fb3-47ac-a561-5a8a87163ce4,c11129d4-0ba6-45de-be58-9eb6302acab7,0.007049203,0.1790957,0.01726544,0.5276902,0.003675901,0.01763628,0.8492458,sm1928_Depressant_Get,natives/stm/environment/scene/chapter4/c04_cottage.scn.20,Props/sm1928_Depressant/sm1928_Depressant.mesh,Props/sm1928_Depressant/sm1928_Depressant.mdf2,
FALSE,,,EvCable,TRUE,1,-1,-1,,4,ba174dbf-64e9-0e76-187a-801520648246,3eac244e-419e-4f48-9a52-b036abaf0781,0.1572193,0.08439136,0.1060401,0,0,0,1,sm2383_ElevatorCode01A_DetailSearchItem,natives/stm/environment/scene/chapter4/c04_ship3finfirmary.scn.20,Props/sm2383_ElevatorCode01A/sm2383_ElevatorCode01A.mesh,Props/sm2383_ElevatorCode01A/sm2383_ElevatorCode01A.mdf2,
FALSE,,,EvelynRadar,TRUE,1,-1,-1,,4,27b36025-1192-42be-b049-116c5b18c3c3,1b572408-2f7b-4f3a-8f51-2e051d824dd0,0,0,0,0,0,0,1,wp1290_EvelynRadar_Get,natives/stm/leveldesign/itemset/ff050/bf/bf.scn.20,Props/sm2451_SmallBottle01A/sm2451_SmallBottle01A.mesh,Props/sm2451_SmallBottle01A/sm2451_SmallBottle01A.mdf2,
FALSE,,,EvelynRadar,FALSE,1,-1,-1,,4,79ebe354-1e16-00cd-339a-cf642bbcf0d9,711f28ea-58dc-4f9b-bcab-0aaa32b0194a,-0.1605,0.1716,0.0625,-0.7071068,0,0,0.7071068,wp1290_EvelynRadar_Set,natives/stm/leveldesign/itemset/chapter4/saltdomeb1f/saltdomeb1f.scn.20,Props/sm2451_SmallBottle01A/sm2451_SmallBottle01A.mesh,Props/sm2451_SmallBottle01A/sm2451_SmallBottle01A.mdf2,
FALSE,,,EvelynRadar,TRUE,1,-1,-1,,4,1b77574c-5890-4c9a-b457-5e9ce8004b40,d2cae63b-8fa2-0d20-05c3-c934a659df95,0,0,0,0,0,0,1,wp1290_EvelynRadar_Event,natives/stm/animation/ingame/c04/event_c04_2.scn.20,Props/sm2451_SmallBottle01A/sm2451_SmallBottle01A.mesh,Props/sm2451_SmallBottle01A/sm2451_SmallBottle01A.mdf2,
FALSE,,,EvelynRadar,TRUE,1,-1,-1,,4,dedfbbab-d013-4413-a7cd-58b781bf0f13,17620adc-0721-05a9-1659-cf1fcfe69bc6,0,0,0,0,0,0,1,wp1290_EvelynRadar_Event,natives/stm/animation/ingame/ff050/event_ff050.scn.20,Props/sm2451_SmallBottle01A/sm2451_SmallBottle01A.mesh,Props/sm2451_SmallBottle01A/sm2451_SmallBottle01A.mdf2,
FALSE,,,EvelynRadar3,TRUE,1,-1,-1,,4,e62f430f-962c-4731-9235-9b0d3005594b,79b047ca-19bd-0883-16f7-86952dd36425,0,0,0,0,0,0,1,wp1290_EvelynRadar_Get3,natives/stm/leveldesign/itemset/chapter4/ship3f/ship3f.scn.20,Props/sm2451_SmallBottle01A/sm2451_SmallBottle01A.mesh,Props/sm2451_SmallBottle01A/sm2451_SmallBottle01A.mdf2,
FALSE,,,EvelynRadar4,TRUE,1,-1,-1,,4,63013a8d-415b-478e-8ee2-d20389fe9d1c,c56dee7e-4f77-09ac-14b1-c501c179dbe6,0,0,0,0,0,0,1,wp1290_EvelynRadar_Get4,natives/stm/leveldesign/fsm/chapter4/chapter4_2/levelfsm_c04_2.scn.20,Props/sm2451_SmallBottle01A/sm2451_SmallBottle01A.mesh,Props/sm2451_SmallBottle01A/sm2451_SmallBottle01A.mdf2,
FALSE,,,EvOpener,TRUE,1,-1,-1,,4,15114d15-56af-468e-ab53-154e305e0ad1,dccf3e53-927e-016a-0dbc-821c47372760,59.93045,35.82273,22.82039,0.09465043,0.2050839,0.7068243,0.670359,sm2377_WheelWrench01A_DetailSearchItem,natives/stm/leveldesign/itemset/chapter4/ship4f/ship4f.scn.20,Props/sm2377_WheelWrench01A/sm2377_WheelWrench01A.mesh,Props/sm2377_WheelWrench01A/sm2377_WheelWrench01A.mdf2,
FALSE,,,EyeDrops,TRUE,1,-1,-1,Normal,4,107fdca6-182e-4a72-be5b-cb0369cbff4e,606dc938-1d32-0c4b-03b6-baffa622c3d3,51.19893,1.175095,-40.84233,0,0,0,1,sm2179_Psychostimulant01A_Get,natives/stm/leveldesign/itemset/chapter4/shipoutside/normal.scn.20,Props/sm2179_Psychostimulant01A/sm2179_Psychostimulant01A.mesh,Props/sm2179_Psychostimulant01A/sm2179_Psychostimulant01A.mdf2,
FALSE,,,EyeDrops,TRUE,1,-1,-1,Normal,4,dd6eac4d-ec50-497a-8a2e-ada441cf7431,ad7cb9d3-e94c-0f43-37c3-dc588e2648ac,60.13742,22.38107,17.0397,0,0,0,1,sm2179_Psychostimulant01A_Get,natives/stm/leveldesign/itemset/chapter4/ship1f/normal.scn.20,Props/sm2179_Psychostimulant01A/sm2179_Psychostimulant01A.mesh,Props/sm2179_Psychostimulant01A/sm2179_Psychostimulant01A.mdf2,
FALSE,,,EyeDrops,TRUE,1,-1,-1,Madhouse,4,2ba97ef9-e5f3-4a38-a1d9-995339ee0880,5bbb6b67-e0ef-0c01-1c34-e8aff607341d,74.61298,36.58625,24.50033,0,1.17E-09,0,1,sm2179_Psychostimulant01A_Get,natives/stm/leveldesign/itemset/chapter4/ship4f/hard.scn.20,Props/sm2179_Psychostimulant01A/sm2179_Psychostimulant01A.mesh,Props/sm2179_Psychostimulant01A/sm2179_Psychostimulant01A.mdf2,
FALSE,,,EyeDrops,TRUE,1,-1,-1,Madhouse,4,13bc0f21-202c-4d35-b4ec-308a64654fd1,63ae1abf-2530-0b0c-0901-4176ab8c734c,59.60561,22.5043,20.14975,0,0,0,1,sm2179_Psychostimulant01A_Get,natives/stm/leveldesign/itemset/chapter4/ship1f/hard.scn.20,Props/sm2179_Psychostimulant01A/sm2179_Psychostimulant01A.mesh,Props/sm2179_Psychostimulant01A/sm2179_Psychostimulant01A.mdf2,
FALSE,,,EyeDrops,TRUE,1,-1,-1,Madhouse,4,71876897-14cf-495c-b5a6-bdb5adf97f33,01957d09-11d3-0f65-084b-cc49621043ae,71.39016,30.2513,24.09739,0,0,0,1,sm2179_Psychostimulant01A_Get,natives/stm/leveldesign/itemset/chapter4/ship3f/hard.scn.20,Props/sm2179_Psychostimulant01A/sm2179_Psychostimulant01A.mesh,Props/sm2179_Psychostimulant01A/sm2179_Psychostimulant01A.mdf2,
FALSE,,,FlameBulletS,TRUE,1,-1,-1,Normal,4,468407cc-613e-4dcd-afc6-dd8150c70e20,1b72595c-49d6-0825-11ae-6941b7d779bb,52.37384,-0.0009055529,-33.5836,0,-0.2527202,0,0.9675394,wp1111_FlameBullet_Get,natives/stm/leveldesign/itemset/chapter4/shipoutside/normal.scn.20,Weapon/wp1111_FlameBullet/wp1111_FlameBullet.mesh,Weapon/wp1111_FlameBullet/wp1111.mdf2,
FALSE,,,FlameBulletS,TRUE,1,-1,-1,Normal,4,a444d9b6-c25b-497e-ba81-6466fd0b5916,f9b28726-eab3-0c96-04e9-d0a61a1b2e8d,-25.13632,-40.23981,-183.9056,0,0,0,1,wp1111_FlameBullet_Get,natives/stm/leveldesign/itemset/chapter4/saltdomeb1f/normal.scn.20,Weapon/wp1111_FlameBullet/wp1111_FlameBullet.mesh,Weapon/wp1111_FlameBullet/wp1111.mdf2,
FALSE,,,FlameBulletS,TRUE,1,-1,-1,Normal,4,8f9e80d8-8f07-47dc-ad56-1450a9e0e325,d268de48-a7ef-0234-133e-a0904ef094be,-25.15164,-40.19676,-183.9605,-0.7079342,6.18E-08,6.18E-08,0.7062784,wp1111_FlameBullet_Get,natives/stm/leveldesign/itemset/chapter4/saltdomeb1f/normal.scn.20,Weapon/wp1111_FlameBullet/wp1111_FlameBullet.mesh,Weapon/wp1111_FlameBullet/wp1111.mdf2,
FALSE,,,Flower,TRUE,1,-1,-1,Madhouse,4,920cd6de-fb18-4107-8e08-085f730dfa1e,d203994e-3232-0fcb-32be-0d7f179fd2eb,-28.34589,-41.19599,-172.1058,0,-0.7164645,0,0.6976236,sm2025_Flower01A_Get,natives/stm/leveldesign/itemset/chapter4/saltdomeb1f/hard.scn.20,Props/sm2025_Flower01A/sm2025_Flower01A.mesh,Props/sm2025_Flower01A/sm2025_Flower01A.mdf2,
FALSE,,,Flower,TRUE,1,-1,-1,,4,3038ff52-1f31-46b3-924f-b5fb140407d6,2b6a014d-b341-48b4-921a-d5be7e53bc32,54.58473,26.34764,19.86195,0,0,0,1,sm2025_Flower01A_Get,natives/stm/leveldesign/itemset/ff050/2f/2f.scn.20,Props/sm2025_Flower01A/sm2025_Flower01A.mesh,Props/sm2025_Flower01A/sm2025_Flower01A.mdf2,
FALSE,,,Flower,TRUE,1,-1,-1,,4,d9c15851-4a0b-4ffc-9efd-a013822bf1eb,99ce17c1-8321-0130-224b-a533e6b9d91e,72.77609,26.37313,26.41786,0,0,0,1,sm2025_Flower01A_Get,natives/stm/leveldesign/itemset/ff050/2f/2f.scn.20,Props/sm2025_Flower01A/sm2025_Flower01A.mesh,Props/sm2025_Flower01A/sm2025_Flower01A.mdf2,
FALSE,,,FoundFootage050,TRUE,1,-1,-1,,4,29c31890-92cd-4b93-9f47-fb4601236dd2,a7c2a2d6-676f-4244-a015-eb9e22443bd0,85.7371,30.41139,17.28306,0,-0.2923717,0,0.9563047,sm1889_MiaVideotape01A_DetailSearchItem,natives/stm/leveldesign/itemset/chapter4/ship3f/ship3f.scn.20,Props/sm1889_MiaVideotape01A/sm1889_MiaVideotape01A.mesh,Props/sm1889_MiaVideotape01A/sm1889_MiaVideotape01A_IDS.mdf2,
FALSE,,,FuseCh4,FALSE,1,-1,-1,,4,f3ddfe13-e0b6-4233-bd1b-6f7528c37352,8fccf732-d54f-0329-30a7-f0678e51a78c,0,0,0,0,0,0,1,sm0246_Fuse01A_DetailSearchItem2_Final,natives/stm/environment/scene/ff050/c04_shipelevator_ff.scn.20,Props/sm0246_Fuse01A/sm0246_Fuse01A.mesh,Props/sm0246_Fuse01A/sm0246_Fuse01A_IDS.mdf2,
FALSE,,,FuseCh4,FALSE,1,-1,-1,,4,3c91fc30-b751-4d11-9b5d-c4768984fca1,4080f511-82a8-0c0b-16e1-5b642f16287f,0,0,0,0,0,0,1,sm0246_Fuse01A_DetailSearchItem2,natives/stm/environment/scene/ff050/c04_shipelevator_ff.scn.20,Props/sm0246_Fuse01A/sm0246_Fuse01A.mesh,Props/sm0246_Fuse01A/sm0246_Fuse01A_IDS.mdf2,
FALSE,,,FuseCh4,FALSE,1,-1,-1,,4,4e2fdeff-b8d0-4d34-be88-dd1c6239e8e8,323ed7de-8d29-0c2e-3334-420ec4ab3c36,0,0,0,0,0,0,1,sm0246_Fuse01A_DetailSearchItem2_Final,natives/stm/scenes/chapter/chapter4/c04_shipelevator.scn.20,Props/sm0246_Fuse01A/sm0246_Fuse01A.mesh,Props/sm0246_Fuse01A/sm0246_Fuse01A_IDS.mdf2,
FALSE,,,FuseCh4,TRUE,1,-1,-1,,4,8163dcdc-ef37-4216-98ce-761fc37e671b,fd72d5fd-dace-030c-1572-e90d65ecb3c5,0,0,0,0,0,0,1,sm0246_Fuse01A_DetailSearchItem2,natives/stm/scenes/chapter/chapter4/c04_shipelevator.scn.20,Props/sm0246_Fuse01A/sm0246_Fuse01A.mesh,Props/sm0246_Fuse01A/sm0246_Fuse01A_IDS.mdf2,
FALSE,,,FuseCh4,TRUE,1,-1,-1,,4,77468bde-b24f-0949-0741-de56355592c7,0b5782ff-87b6-4853-8afd-414493c74619,0,0,0,0,0,0,1,sm0246_Fuse01A_DetailSearchItem2,natives/stm/environment/scene/chapter4/c04_ship2freceptionroom.scn.20,Props/sm0246_Fuse01A/sm0246_Fuse01A.mesh,Props/sm0246_Fuse01A/sm0246_Fuse01A_IDS.mdf2,
FALSE,,,LucasCardKey,TRUE,1,-1,-1,,7,ccf47d14-a937-43c4-9b87-f35b07d14034,7e1977f9-9205-42a3-bbde-765ccf0ae2b3,10.09481,-10.66991,13.18054,-5.43E-08,0.7337524,-0.679417,-5.82E-08,sm2080_CardKey01A_DetailSearchItem,natives/stm/scenes/birthday/stage3/copyasset/c03_mainhouse2fkids02/c03_mainhouse2fkids02.scn.20,Props/sm2080_CardKey01A/sm2080_CardKey01A.mesh,Props/sm2080_CardKey01A/sm2080_CardKey01A_IDS.mdf2,Jacks55thBirthday
FALSE,,,FuseCh4,TRUE,1,-1,-1,,4,ef273434-021f-0f2d-34dd-7bd46e71e256,d7cc58b7-18e3-0e64-036b-43cb5849b359,0,0,0,0,0,0,1,sm0246_Fuse01A_DetailSearchItem2,natives/stm/environment/scene/chapter4/c04_ship1flaundry.scn.20,Props/sm0246_Fuse01A/sm0246_Fuse01A.mesh,Props/sm0246_Fuse01A/sm0246_Fuse01A_IDS.mdf2,
FALSE,,,FuseCh4,TRUE,1,-1,-1,,4,6916a1b0-827c-4ed6-83ca-c647fc1ce2f1,1507a891-b785-0fcc-0e76-59555a8e362f,0,0,0,0,0,0,1,sm0246_Fuse01A_DetailSearchItem2,natives/stm/environment/scene/chapter4/c04_ship1fcorridor.scn.20,Props/sm0246_Fuse01A/sm0246_Fuse01A.mesh,Props/sm0246_Fuse01A/sm0246_Fuse01A_IDS.mdf2,
FALSE,,,GrenadeLauncher,TRUE,1,-1,-1,Normal,4,fa0c002d-a242-4711-bb46-b7b237ddb649,08c09272-8e84-4c8f-8769-27706de6a62b,53.65396,1.516076,-43.33792,-0.0289538,0.03417809,-0.6457341,0.7622473,wp1110_PortableCannon_Get,natives/stm/leveldesign/itemset/chapter4/shipoutside/normal.scn.20,Weapon/wp1110_PortableCannon/wp1110_PortableCannon.mesh,Weapon/wp1110_PortableCannon/wp1110.mdf2,
FALSE,,,Gunpowder,TRUE,1,-1,-1,Madhouse,4,0ae7fc03-eaa4-429d-9bd7-818b1532d160,5d8f49a4-77d8-0287-020a-1918687d744b,-20.2669,-40.46708,-164.7663,0,0,0,1,sm2183_Gunpowder01A_Get,natives/stm/leveldesign/itemset/chapter4/saltdomeb1f/hard.scn.20,Props/sm2183_Gunpowder01A/sm2183_Gunpowder01A.mesh,Props/sm2183_Gunpowder01A/sm2183_Gunpowder01A.mdf2,
FALSE,,,MachineGun,TRUE,1,-1,-1,,7,1844d06d-4fc9-4824-b430-2fce974357fb,d989acce-5c46-00ba-1b84-4010c297d397,74.70027,-0.620621,-8.083736,0.5478505,0.5478507,-0.4470568,-0.4470567,wp1160_MachineGun_Get,natives/stm/scenes/birthday/stage2/stage2_setb.scn.20,Weapon/wp1160_MachineGun/wp1160_MachineGun.mesh,Weapon/wp1160_MachineGun/wp1160.mdf2,Jacks55thBirthday
FALSE,,,MachineGun,TRUE,1,-1,-1,,7,30aae507-9679-44a0-af2d-24bda1a5008d,f16799a4-85f6-0c3e-0099-4b63f47184e1,40.21423,4.628791,18.72778,0,0,0.7071068,0.7071068,wp1160_MachineGun_Get,natives/stm/scenes/birthday/stage2/stage2_seta.scn.20,Weapon/wp1160_MachineGun/wp1160_MachineGun.mesh,Weapon/wp1160_MachineGun/wp1160.mdf2,Jacks55thBirthday
FALSE,,,MachineGun,TRUE,1,-1,-1,,7,300ec752-deff-4cc6-b86e-383b005e21c8,831bfab2-e112-4a7a-8c39-1543dcdc6f42,0,0,0,0,0,0,1,wp1160_MachineGun_Get,natives/stm/scenes/imd/randomitemboxset_imd.scn.20,Weapon/wp1160_MachineGun/wp1160_MachineGun.mesh,Weapon/wp1160_MachineGun/wp1160.mdf2,EthanMustDie
FALSE,,,Gunpowder,TRUE,1,-1,-1,Normal,4,2de1e383-59a4-4559-9df9-f7487699be0d,7a895624-c4d8-0543-0424-6fdb0bd61b26,0,0,0,0,0,0,1,sm2183_Gunpowder01A_Get,natives/stm/leveldesign/itemset/chapter4/ship3f/normal.scn.20,Props/sm2183_Gunpowder01A/sm2183_Gunpowder01A.mesh,Props/sm2183_Gunpowder01A/sm2183_Gunpowder01A.mdf2,
FALSE,,,Gunpowder,TRUE,1,-1,-1,Madhouse,4,8059c2f0-16f8-4b89-96aa-a91eb8f4f8c4,d7317757-8b84-0b93-0f77-318dc5bb5def,-67.27107,-33.2853,-159.8862,0,0,0,1,sm2183_Gunpowder01A_Get,natives/stm/leveldesign/itemset/chapter4/saltdomeb2f/hard.scn.20,Props/sm2183_Gunpowder01A/sm2183_Gunpowder01A.mesh,Props/sm2183_Gunpowder01A/sm2183_Gunpowder01A.mdf2,
FALSE,,,Gunpowder,TRUE,1,-1,-1,Madhouse,4,c362b520-562d-41a7-aa6d-0a79d38b182f,940a0087-cb51-01bd-33b0-92eaaec4bd04,70.67624,30.25129,24.07474,0,0,0,1,sm2183_Gunpowder01A_Get,natives/stm/leveldesign/itemset/chapter4/ship3f/hard.scn.20,Props/sm2183_Gunpowder01A/sm2183_Gunpowder01A.mesh,Props/sm2183_Gunpowder01A/sm2183_Gunpowder01A.mdf2,
FALSE,,,Handgun_Albert,TRUE,1,-1,-1,,4,f2927c03-e958-4b54-aa8e-c56c3b707a0d,86edc95e-387d-049c-2f45-368aae709063,0,0,0,0,0,0,1,wp1340_ChrisHandgun_Get_Event,natives/stm/animation/ingame/c04/event_c04_3.scn.20,Weapon/wp1340_ChrisHandgun/wp1340_ChrisHandgun.mesh,Weapon/wp1340_ChrisHandgun/wp1340_ChrisHandgun.mdf2,
FALSE,,,Handgun_MPM,TRUE,1,-1,-1,,4,23ffe0b9-43d3-4091-9588-bc45740c0b43,d82a3677-383d-0e07-377c-8b2d67ee727b,1.149656,0.5916004,0.7761154,-0.5733536,0.5806078,0.4057677,-0.4117194,wp1240_MiaHandgun_Get,natives/stm/environment/scene/chapter4/c04_ship1foffice.scn.20,Weapon/wp1240_MiaHandgun/wp1240_MiaHandgun.mesh,Weapon/wp1240_MiaHandgun/wp1240.mdf2,
FALSE,,,Handgun_MPM,TRUE,1,-1,-1,Madhouse,4,3e851c14-f5f9-448e-a1ce-a71ee63b7d04,c550cada-8e17-0a18-033a-9076f5d9043c,69.97965,30.21197,27.94349,-0.2644893,-0.2644893,0.6557785,0.6557785,wp1240_MiaHandgun_Get,natives/stm/leveldesign/itemset/chapter4/ship3f/hard.scn.20,Weapon/wp1240_MiaHandgun/wp1240_MiaHandgun.mesh,Weapon/wp1240_MiaHandgun/wp1240.mdf2,
FALSE,,,Handgun_MPM,TRUE,1,-1,-1,,4,b416fa29-8519-41f2-92b2-7e8d3ded4c18,d5c5a63c-a354-09e8-35d3-fa87d4a5897c,0,0,0,0,0,0,1,wp1240_MiaHandgun_Event,natives/stm/animation/ingame/c04/event_c04_1.scn.20,Weapon/wp1240_MiaHandgun/wp1240_MiaHandgun.mesh,Weapon/wp1240_MiaHandgun/wp1240.mdf2,
FALSE,,,HandgunBullet,TRUE,20,-1,-1,Madhouse,4,948f8366-155c-4d2e-8919-bed6da495a74,951c139f-0dd6-03e8-3d2b-ab7aa4fdff26,-23.78213,-40.24025,-176.0786,0,-0.3048661,0,0.9523953,wp1011_HandgunBullet_Get,natives/stm/leveldesign/itemset/chapter4/saltdomeb1f/hard.scn.20,Weapon/wp1011_HandgunBullet/wp1011_HandgunBullet.mesh,Weapon/wp1011_HandgunBullet/wp1011.mdf2,
FALSE,,,HandgunBullet,TRUE,20,-1,-1,Madhouse,4,d87a98e8-8eae-43b4-98e6-d6656619c377,d9e90811-9624-0d72-2cd4-c3c918ad6625,52.16137,1.172893,-40.53647,0,0.3025351,0,0.9531382,wp1011_HandgunBullet_Get,natives/stm/leveldesign/itemset/chapter4/shipoutside/hard.scn.20,Weapon/wp1011_HandgunBullet/wp1011_HandgunBullet.mesh,Weapon/wp1011_HandgunBullet/wp1011.mdf2,
FALSE,,,HandgunBullet,TRUE,8,-1,-1,Normal,4,65c62a65-7d66-4c42-8142-51af63e74753,6455ba9c-65ec-0284-3570-44031d53e201,61.30717,21.39339,23.70104,-0.009483836,0.3488643,0.01572826,0.9369933,wp1011_HandgunBullet_Get,natives/stm/leveldesign/itemset/chapter4/ship1f/normal.scn.20,Weapon/wp1011_HandgunBullet/wp1011_HandgunBullet.mesh,Weapon/wp1011_HandgunBullet/wp1011.mdf2,
FALSE,,,MachineGunBullet,TRUE,60,-1,-1,,7,67820bb0-f56d-49c2-9b2b-99cfd8127e54,ddd55513-3079-4ba3-8fe9-1cf4cf5dd7fa,75.14411,-0.6206268,-7.750086,0,0.9667477,0,-0.2557321,wp1161_MachineGunBullet_Get,natives/stm/scenes/birthday/stage2/stage2_setb.scn.20,Weapon/wp1161_MachineGunBullet/wp1161_MachineGunBullet.mesh,Weapon/wp1161_MachineGunBullet/wp1161.mdf2,Jacks55thBirthday
FALSE,,,MachineGunBullet,TRUE,60,-1,-1,,7,dca7c9f3-98d1-4eca-947e-766e92f191fd,0cc15146-3ea5-00bd-1205-3a93d981d438,75.0117,-0.6206278,-7.734066,0,0.9667477,0,-0.2557321,wp1161_MachineGunBullet_Get,natives/stm/scenes/birthday/stage2/stage2_setb.scn.20,Weapon/wp1161_MachineGunBullet/wp1161_MachineGunBullet.mesh,Weapon/wp1161_MachineGunBullet/wp1161.mdf2,Jacks55thBirthday
FALSE,,,HandgunBullet,TRUE,5,-1,-1,,4,3e6a9272-9495-44b5-963e-299206d95e16,3ff9028b-8c1f-0a73-220c-3c3e786dfb44,-0.1536388,0.158394,-0.1401515,6.37E-10,-0.9998937,0.01457886,-4.37E-08,wp1011_HandgunBullet_Get,natives/stm/environment/scene/chapter4/c04_mainhouse1flivingjack.scn.20,Weapon/wp1011_HandgunBullet/wp1011_HandgunBullet.mesh,Weapon/wp1011_HandgunBullet/wp1011.mdf2,
FALSE,,,HandgunBullet,TRUE,12,-1,-1,Normal,4,439c332b-5e62-43a7-89a9-7ca6b2848902,d41d0bbf-0069-44e4-977c-73b11915f802,89.02875,25.73017,16.99052,0,0.879757,0,0.4754235,wp1011_HandgunBullet_Get,natives/stm/leveldesign/itemset/chapter4/ship2f/normal.scn.20,Weapon/wp1011_HandgunBullet/wp1011_HandgunBullet.mesh,Weapon/wp1011_HandgunBullet/wp1011.mdf2,
FALSE,,,HandgunBulletL,TRUE,12,-1,-1,Normal,4,a5cd220c-0c85-4d09-bcb9-b60946553885,54bb1201-2a18-0999-140f-efdf3e4705b7,46.52609,0.7994983,-42.12921,0,0.390573,0,0.920572,wp1013_HandgunBulletStrong_Get,natives/stm/leveldesign/itemset/chapter4/shipoutside/normal.scn.20,Weapon/wp1013_HandgunBulletStrong/wp1013_HandgunBulletStrong.mesh,Weapon/wp1013_HandgunBulletStrong/wp1013.mdf2,
FALSE,,,HandgunBulletL,TRUE,15,-1,-1,,4,0ba34364-6ba1-4a1c-ae55-3ec5f8ac6fb9,fad57369-4d3c-0e8c-06e3-671380be528b,-75.7318,-2.751114,-144.3186,0,0.2634811,0,0.9646646,wp1013_HandgunBulletStrong_Get,natives/stm/leveldesign/itemset/chapter4/lastbattle/lastbattle.scn.20,Weapon/wp1013_HandgunBulletStrong/wp1013_HandgunBulletStrong.mesh,Weapon/wp1013_HandgunBulletStrong/wp1013.mdf2,
FALSE,,,HandgunBulletL,TRUE,6,-1,-1,Madhouse,4,89bda1aa-a882-47e6-a508-5151318254d1,78cb91a7-8e1f-0376-0dbe-0887499069e3,-15.27795,-33.39521,-115.1719,-0.2057461,0,0,0.9786054,wp1013_HandgunBulletStrong_Get,natives/stm/leveldesign/itemset/chapter4/saltdomeb1f/hard.scn.20,Weapon/wp1013_HandgunBulletStrong/wp1013_HandgunBulletStrong.mesh,Weapon/wp1013_HandgunBulletStrong/wp1013.mdf2,
FALSE,,,HandgunBulletL,TRUE,10,-1,-1,Madhouse,4,2a2fed9d-113c-441e-9533-35cae9ab50d5,db59dd90-37a1-008e-3d85-6c1c91b96de7,-10.2753,-44.93663,-180.4579,0,-0.2948959,0,0.9555293,wp1013_HandgunBulletStrong_Get,natives/stm/leveldesign/itemset/chapter4/saltdomeb1f/hard.scn.20,Weapon/wp1013_HandgunBulletStrong/wp1013_HandgunBulletStrong.mesh,Weapon/wp1013_HandgunBulletStrong/wp1013.mdf2,
FALSE,,,MachineGunBullet,TRUE,50,-1,-1,,7,715400f0-7066-44a5-a47c-c318f658a133,a41f3936-8624-45b2-bfc0-3569d99ddcf1,40.18326,4.599993,19.40708,0,0,0,1,wp1161_MachineGunBullet_Get,natives/stm/scenes/birthday/stage2/stage2_seta.scn.20,Weapon/wp1161_MachineGunBullet/wp1161_MachineGunBullet.mesh,Weapon/wp1161_MachineGunBullet/wp1161.mdf2,Jacks55thBirthday
FALSE,,,MachineGunBullet,TRUE,50,-1,-1,,7,583c4913-f8de-4b29-885b-ca6aea684083,5ccdc5db-9683-4f9b-9a0c-14f36d67849b,39.99495,4.599993,19.40708,0,0,0,1,wp1161_MachineGunBullet_Get,natives/stm/scenes/birthday/stage2/stage2_seta.scn.20,Weapon/wp1161_MachineGunBullet/wp1161_MachineGunBullet.mesh,Weapon/wp1161_MachineGunBullet/wp1161.mdf2,Jacks55thBirthday
FALSE,,,MachineGunBullet,TRUE,50,-1,-1,,7,a24d78f3-c08a-41d4-b8f7-9b94d79f1f53,722be046-66fe-0fa3-3e8c-d7699cef5a96,39.79918,4.599997,19.41448,0,0,0,1,wp1161_MachineGunBullet_Get,natives/stm/scenes/birthday/stage2/stage2_seta.scn.20,Weapon/wp1161_MachineGunBullet/wp1161_MachineGunBullet.mesh,Weapon/wp1161_MachineGunBullet/wp1161.mdf2,Jacks55thBirthday
FALSE,,,HandgunBulletL,TRUE,12,-1,-1,Normal,4,1873c448-575a-4cf7-a7c5-393335df0aa6,d228dafd-a355-4ef0-8439-4beef8f7c41b,-18.1504,-40.01655,-183.6927,0,0.390573,0,0.920572,wp1013_HandgunBulletStrong_Get,natives/stm/leveldesign/itemset/chapter4/saltdomeb1f/normal.scn.20,Weapon/wp1013_HandgunBulletStrong/wp1013_HandgunBulletStrong.mesh,Weapon/wp1013_HandgunBulletStrong/wp1013.mdf2,
FALSE,,,Herb,TRUE,1,-1,-1,Normal,4,c0d3f40a-e586-01e8-3871-6b9014c92457,35029c7e-b93c-43fc-8ba7-d0547062bf75,-0.1223456,0.02623884,0.1438017,-0.6416169,-0.5209069,0.02152311,0.5626016,sm1800_Herb00A_Get,natives/stm/leveldesign/itemset/chapter4/shipoutside/normal.scn.20,Props/sm1800_Herb00A/sm1800_Herb00A.mesh,Props/sm1800_Herb00A/sm1800_Herb00A.mdf2,
FALSE,,,Herb,TRUE,1,-1,-1,Madhouse,4,9085dc15-30a1-4a50-abb2-257a5e93df12,6554b461-6c1b-0844-1864-9ebe3a384430,-18.86356,-40.83078,-170.44,0,0,0,1,sm1800_Herb00A_Get,natives/stm/leveldesign/itemset/chapter4/saltdomeb1f/hard.scn.20,Props/sm1800_Herb00A/sm1800_Herb00A.mesh,Props/sm1800_Herb00A/sm1800_Herb00A.mdf2,
FALSE,,,Herb,TRUE,1,-1,-1,Normal,4,465c8c4e-d712-4a0d-8e73-22ae4813e505,b38de43a-8ba8-0819-3da5-996a2cb87e27,57.57818,30.21935,23.31315,-0.6783315,0,0,0.734756,sm1800_Herb00A_Get,natives/stm/leveldesign/itemset/chapter4/ship3f/normal.scn.20,Props/sm1800_Herb00A/sm1800_Herb00A.mesh,Props/sm1800_Herb00A/sm1800_Herb00A.mdf2,
FALSE,,,Herb,TRUE,1,-1,-1,,4,c462a268-af3a-42ea-9370-75c7d423aa47,594e5aff-d213-429a-9c4a-9b3620109262,94.37463,8.150518,9.204348,0.4469347,-0.4621592,0.5374943,0.5456722,sm1800_Herb00A_Get,natives/stm/leveldesign/itemset/ff050/bf/bf.scn.20,Props/sm1800_Herb00A/sm1800_Herb00A.mesh,Props/sm1800_Herb00A/sm1800_Herb00A.mdf2,
FALSE,,,Herb,TRUE,1,-1,-1,,4,2f2d2867-24f4-44c9-b06b-cf31722b3a2e,1df48aa5-8354-4a29-af6b-f435afacdfcb,104.8547,8.63478,1.327659,0.6300537,-0.1279609,0.1341662,0.754094,sm1800_Herb00A_Get,natives/stm/leveldesign/itemset/ff050/bf/bf.scn.20,Props/sm1800_Herb00A/sm1800_Herb00A.mesh,Props/sm1800_Herb00A/sm1800_Herb00A.mdf2,
FALSE,,,Herb,TRUE,1,-1,-1,,4,1d9841af-505f-4a83-bf89-c1ab0aafd689,25276715-4149-4f40-814b-57863e49d0a8,57.62916,26.44491,25.34412,-0.1830077,0.6819019,-0.6435453,-0.2955798,sm1800_Herb00A_Get,natives/stm/leveldesign/itemset/ff050/2f/2f.scn.20,Props/sm1800_Herb00A/sm1800_Herb00A.mesh,Props/sm1800_Herb00A/sm1800_Herb00A.mdf2,
FALSE,,,Herb,TRUE,1,-1,-1,,4,7c18982b-f945-4c79-86a4-555f5f8bb292,89c9f05f-a5ff-0e6d-3572-ee9b3b2029b0,71.01037,25.92887,22.97478,0.5582978,-0.1397174,0.1218754,0.8086588,sm1800_Herb00A_Get,natives/stm/leveldesign/itemset/ff050/2f/2f.scn.20,Props/sm1800_Herb00A/sm1800_Herb00A.mesh,Props/sm1800_Herb00A/sm1800_Herb00A.mdf2,
FALSE,,,Herb,TRUE,1,-1,-1,Madhouse,4,15ff5954-2b12-4dd0-a4f0-10f534361f1b,e02e3120-77a8-0fc4-1726-ab31509d8439,43.44108,0.9048018,-86.07661,0,0,0,1,sm1800_Herb00A_Get,natives/stm/leveldesign/itemset/chapter4/shipoutside/hard.scn.20,Props/sm1800_Herb00A/sm1800_Herb00A.mesh,Props/sm1800_Herb00A/sm1800_Herb00A.mdf2,
FALSE,,,Herb,TRUE,1,-1,-1,Madhouse,4,7980e6f7-a45c-40e2-aa86-8063a281d79e,8c518e83-f8e6-02f6-1950-3ba7c62a4cbc,52.81668,0.6117607,-49.11335,0,0,0,1,sm1800_Herb00A_Get,natives/stm/leveldesign/itemset/chapter4/shipoutside/hard.scn.20,Props/sm1800_Herb00A/sm1800_Herb00A.mesh,Props/sm1800_Herb00A/sm1800_Herb00A.mdf2,
FALSE,,,Magnum,TRUE,1,-1,-1,,7,7756be0f-a1f5-4e79-b8ef-47458bd734e2,bd45a880-36d8-0a88-0549-9445c4b55d04,8.223889,7.327254,7.582299,-0.2692845,-0.2692844,0.653824,0.6538241,wp1140_Magnum_Get,natives/stm/scenes/birthday/stage1/stage1_setb.scn.20,Weapon/wp1140_Magnum/wp1140_Magnum.mesh,Weapon/wp1140_Magnum/wp1140.mdf2,Jacks55thBirthday
FALSE,,,Herb,TRUE,1,-1,-1,Normal,4,732ea581-0ce0-4067-a9c8-4a49ae4223b7,12792e33-b969-4340-82fb-ebbc92562cab,60.67225,21.38682,30.63791,0.1768309,0,0,0.9842412,sm1800_Herb00A_Get,natives/stm/leveldesign/itemset/chapter4/ship1f/normal.scn.20,Props/sm1800_Herb00A/sm1800_Herb00A.mesh,Props/sm1800_Herb00A/sm1800_Herb00A.mdf2,
FALSE,,,Magnum,TRUE,1,-1,-1,,7,0298077e-d965-493c-a7c9-e8816e930a18,ba94c70a-135d-49a4-92ed-99fa7892b961,0,0,0,0,0,0,1,wp1140_Magnum_Get,natives/stm/scenes/imd/randomitemboxset_imd.scn.20,Weapon/wp1140_Magnum/wp1140_Magnum.mesh,Weapon/wp1140_Magnum/wp1140.mdf2,EthanMustDie
FALSE,,,Herb,TRUE,1,-1,-1,,4,30e80d80-7fb0-461c-bbf5-3563b189ca73,5d080e5c-af62-02cf-0a2c-abbef9679def,61.9474,22.41441,34.6625,8.65E-08,-0.2991804,-2.76E-07,0.9541966,sm1857_InventoryExpansionItem_Get,natives/stm/leveldesign/itemset/chapter4/ship1f/ship1f.scn.20,Props/sm1857_InventoryExpansionItem/sm1857_InventoryExpansionItem.mesh,Props/sm1857_InventoryExpansionItem/sm1857_InventoryExpansionItem.mdf2,
FALSE,,,Herb,TRUE,1,-1,-1,,4,c4b29960-a74c-463d-9ad5-be8c6d153cc7,a9529abc-779e-02ee-2b0c-205125fb6b5b,48.66973,0.8066266,-46.75409,-1.66E-08,0.7050551,7.89E-08,0.7091525,sm1857_InventoryExpansionItem_Get,natives/stm/leveldesign/itemset/chapter4/shipoutside/shipoutside.scn.20,Props/sm1857_InventoryExpansionItem/sm1857_InventoryExpansionItem.mesh,Props/sm1857_InventoryExpansionItem/sm1857_InventoryExpansionItem.mdf2,
FALSE,,,Herb,TRUE,1,-1,-1,Madhouse,4,f7649781-e57a-4f07-8dd7-af995438819f,02b5fff5-b9c0-0d13-3e01-145d30931abd,54.82405,25.49828,23.46311,0,0,0,1,sm1800_Herb00A_Get,natives/stm/leveldesign/itemset/chapter4/ship2f/hard.scn.20,Props/sm1800_Herb00A/sm1800_Herb00A.mesh,Props/sm1800_Herb00A/sm1800_Herb00A.mdf2,
FALSE,,,Herb,TRUE,1,-1,-1,Normal,4,ec4e0ca4-6abb-48b6-98e7-11fed0591068,8f292ac4-443d-475a-9b7b-781511583506,-19.94139,-40.41423,-164.8275,0,0,0.7294053,0.6840818,sm1800_Herb00A_Get,natives/stm/leveldesign/itemset/chapter4/saltdomeb1f/normal.scn.20,Props/sm1800_Herb00A/sm1800_Herb00A.mesh,Props/sm1800_Herb00A/sm1800_Herb00A.mdf2,
FALSE,,,MagnumBullet,TRUE,5,-1,-1,,7,8a93a09e-fd36-4c75-9990-80bf525eaab8,41119abb-22d5-093a-2587-deaa36be184c,18.21929,1.007859,8.315612,0,0.8974701,0,0.4410754,wp1141_MagnumBullet_Get,natives/stm/scenes/birthday/stage1/stage1_setb.scn.20,Weapon/wp1141_MagnumBullet/wp1141_MagnumBullet.mesh,Weapon/wp1141_MagnumBullet/wp1141.mdf2,Jacks55thBirthday
FALSE,,,Herb,TRUE,1,-1,-1,Normal,4,3fd9b9ea-f929-4d3c-8c0c-60df0ae9cc42,ca08d19e-a593-0f28-3fda-db1b6e425760,-19.63903,-40.46244,-164.9716,0,0,0,1,sm1800_Herb00A_Get,natives/stm/leveldesign/itemset/chapter4/saltdomeb1f/normal.scn.20,Props/sm1800_Herb00A/sm1800_Herb00A.mesh,Props/sm1800_Herb00A/sm1800_Herb00A.mdf2,
FALSE,,,Herb,TRUE,1,-1,-1,Normal,4,7d0c002e-3828-4d5c-ad46-2fae31979518,5bc1e5d5-d8da-4d1f-b74a-d21f1e40d052,-61.09654,-40.01819,-158.7554,0.1396371,0.8631876,0.1280941,-0.467975,sm1800_Herb00A_Get,natives/stm/leveldesign/itemset/chapter4/saltdomeb2f/normal.scn.20,Props/sm1800_Herb00A/sm1800_Herb00A.mesh,Props/sm1800_Herb00A/sm1800_Herb00A.mdf2,
FALSE,,,Herb,TRUE,1,-1,-1,Madhouse,4,a7be7f82-632e-4962-96f4-85f2cf486de3,526f17f6-3f94-0b76-2522-3e36abe3f6c1,-60.78988,-40.48323,-157.572,0,0,0,1,sm1800_Herb00A_Get,natives/stm/leveldesign/itemset/chapter4/saltdomeb2f/hard.scn.20,Props/sm1800_Herb00A/sm1800_Herb00A.mesh,Props/sm1800_Herb00A/sm1800_Herb00A.mdf2,
FALSE,,,Herb,TRUE,1,-1,-1,Madhouse,4,312c39f1-d5b4-4b67-b14c-035192817344,c4fd5185-890e-0973-029a-b895f62ae866,61.84306,21.5289,34.48217,0,0,0,1,sm1800_Herb00A_Get,natives/stm/leveldesign/itemset/chapter4/ship1f/hard.scn.20,Props/sm1800_Herb00A/sm1800_Herb00A.mesh,Props/sm1800_Herb00A/sm1800_Herb00A.mdf2,
FALSE,,,Herb,TRUE,1,-1,-1,Madhouse,4,e6a49466-1edb-4e59-a808-2488e48a593a,1375fc12-4261-0c4d-1bde-9f4c8021c218,56.48943,21.49172,25.35779,0,0,-0.0700356,0.9975445,sm1800_Herb00A_Get,natives/stm/leveldesign/itemset/chapter4/ship1f/hard.scn.20,Props/sm1800_Herb00A/sm1800_Herb00A.mesh,Props/sm1800_Herb00A/sm1800_Herb00A.mdf2,
FALSE,,,Herb,TRUE,1,-1,-1,Normal,4,bcb030ea-31be-4d71-b27e-5f3d3d12971e,4961589e-6d04-0f65-01a8-e4f959b90c3c,81.93672,25.82107,23.7873,-0.210629,0.07834887,0.01683745,0.9742758,sm1800_Herb00A_Get,natives/stm/leveldesign/itemset/chapter4/ship2f/normal.scn.20,Props/sm1800_Herb00A/sm1800_Herb00A.mesh,Props/sm1800_Herb00A/sm1800_Herb00A.mdf2,
FALSE,,,Herb,TRUE,1,-1,-1,Madhouse,4,7a08f343-696b-4bd0-b5fd-83669bdeae55,8fd99b37-35d1-09c4-062b-38a2ff753577,108.7292,8.217097,3.404317,0.04922632,-0.009178306,0.1830625,0.9818252,sm1800_Herb00A_Get,natives/stm/leveldesign/itemset/chapter4/shipbf/hard.scn.20,Props/sm1800_Herb00A/sm1800_Herb00A.mesh,Props/sm1800_Herb00A/sm1800_Herb00A.mdf2,
FALSE,,,LiquidBomb,TRUE,1,-1,-1,Normal,4,cf43d4bc-845e-4ac1-96f8-fa39cc4952e0,93e5aaf5-89b4-49ac-906e-a1c59525a002,61.03446,29.49514,28.25865,0.6396107,0.3110572,-0.3074337,0.6321598,wp1270_Liquidbomb_Get,natives/stm/leveldesign/itemset/chapter4/ship3f/normal.scn.20,Weapon/wp1270_Liquidbomb/wp1270_Liquidbomb.mesh,Weapon/wp1270_Liquidbomb/wp1270.mdf2,
FALSE,,,LiquidBomb,TRUE,1,-1,-1,Normal,4,635391ce-ba1e-4148-a92c-7e1abbd995fa,668afac7-1674-4d0c-8586-41741c808839,62.04004,29.43565,27.67782,-0.05309789,0,0,0.9985893,wp1270_Liquidbomb_Get,natives/stm/leveldesign/itemset/chapter4/ship3f/normal.scn.20,Weapon/wp1270_Liquidbomb/wp1270_Liquidbomb.mesh,Weapon/wp1270_Liquidbomb/wp1270.mdf2,
FALSE,,,LiquidBomb,TRUE,1,-1,-1,Normal,4,fe606062-0e31-4edf-ad33-62d27dc78357,6865a51f-c14e-48ba-b22d-376e878a5569,58.10136,29.54521,25.43779,-0.6760125,0,0,0.7368902,wp1270_Liquidbomb_Get,natives/stm/leveldesign/itemset/chapter4/ship3f/normal.scn.20,Weapon/wp1270_Liquidbomb/wp1270_Liquidbomb.mesh,Weapon/wp1270_Liquidbomb/wp1270.mdf2,
FALSE,,,LiquidBomb,TRUE,1,-1,-1,,4,80ef2928-5e60-4666-a5f5-5fda12fefba7,164e4061-40db-4660-bd87-9ad4a26df1ce,101.9625,9.071991,-5.818625,-0.03046515,-0.004430715,-0.1438533,0.9891201,wp1270_Liquidbomb_Get,natives/stm/leveldesign/itemset/ff050/bf/bf.scn.20,Weapon/wp1270_Liquidbomb/wp1270_Liquidbomb.mesh,Weapon/wp1270_Liquidbomb/wp1270.mdf2,
FALSE,,,LiquidBomb,TRUE,1,-1,-1,,4,e222fae9-3b83-4ed6-9371-eb193a47b599,4389bbec-4b41-4575-a613-edd4bd542549,101.7539,9.151349,-5.800435,-0.02073466,0.02275588,0.7388214,0.6731977,wp1270_Liquidbomb_Get,natives/stm/leveldesign/itemset/ff050/bf/bf.scn.20,Weapon/wp1270_Liquidbomb/wp1270_Liquidbomb.mesh,Weapon/wp1270_Liquidbomb/wp1270.mdf2,
FALSE,,,LiquidBomb,TRUE,1,-1,-1,,4,a0d0a2e9-dcbc-4b41-ac56-2f0356df9d12,0a14f917-7695-4fea-a9af-055e951016f1,108.8842,8.975529,3.369044,-0.1643449,0,0,0.9864029,wp1270_Liquidbomb_Get,natives/stm/leveldesign/itemset/ff050/bf/bf.scn.20,Weapon/wp1270_Liquidbomb/wp1270_Liquidbomb.mesh,Weapon/wp1270_Liquidbomb/wp1270.mdf2,
FALSE,,,LiquidBomb,TRUE,1,-1,-1,,4,d72ba3cb-c5dd-41c6-b290-163e7557616b,eac3bb07-cd7c-4626-b562-ad22e7ae33d3,108.8842,8.585732,3.942296,0,0,0,1,wp1270_Liquidbomb_Get,natives/stm/leveldesign/itemset/ff050/bf/bf.scn.20,Weapon/wp1270_Liquidbomb/wp1270_Liquidbomb.mesh,Weapon/wp1270_Liquidbomb/wp1270.mdf2,
FALSE,,,MasterKey,TRUE,1,-1,-1,,7,96da0bd0-1a8b-4c35-bc02-695da693e8d4,92a4436d-c764-41cd-ab13-4697077fc329,-0.204507,1.027066,-0.8982047,-0.2512434,-0.1605576,0.8043063,0.5139936,sm1787_DiamondDoorKey01A_DetailSearchItem,natives/stm/scenes/birthday/stage3/copyasset/c03_rightareab1fstoreroom/c03_rightareab1fstoreroom.scn.20,Props/sm1787_DiamondDoorKey01A/sm1787_DiamondDoorKey01A.mesh,Props/sm1787_DiamondDoorKey01A/sm1787_DiamondDoorKey01A_IDS.mdf2,Jacks55thBirthday
FALSE,,,MasterKey,TRUE,1,-1,-1,,7,24512acb-965b-462c-941e-375f9d62bd5e,47f8238a-6967-045c-169a-257968ac45ad,-0.1879515,1.027066,-0.8982047,-0.2512433,-0.1605577,0.8043062,0.5139938,sm1787_DiamondDoorKey01A_DetailSearchItem,natives/stm/scenes/birthday/stage3/copyasset/c03_rightareab1fstoreroom/c03_rightareab1fstoreroom.scn.20,Props/sm1787_DiamondDoorKey01A/sm1787_DiamondDoorKey01A.mesh,Props/sm1787_DiamondDoorKey01A/sm1787_DiamondDoorKey01A_IDS.mdf2,Jacks55thBirthday
FALSE,,,MasterKey,TRUE,1,-1,-1,,7,751cff95-a933-48ad-8ffa-6f96e25f8959,16b5f6d4-560f-0add-0d7e-7db0179171aa,0.02065139,1.1,-0.848382,0,0,0,1,sm1787_DiamondDoorKey01A_DetailSearchItem,natives/stm/scenes/birthday/stage3/copyasset/c03_rightareab1fstoreroom/c03_rightareab1fstoreroom.scn.20,Props/sm1787_DiamondDoorKey01A/sm1787_DiamondDoorKey01A.mesh,Props/sm1787_DiamondDoorKey01A/sm1787_DiamondDoorKey01A_IDS.mdf2,Jacks55thBirthday
FALSE,,,LiquidBomb,TRUE,1,-1,-1,,4,3544dc6e-369d-0794-1626-4c3f4254ec71,af413771-cd4f-006d-23d8-f09629386485,0.126997,0.7633438,0.05677032,-0.2578369,-0.235787,0.1644188,0.9224375,wp1270_Liquidbomb_Get,natives/stm/environment/scene/chapter4/c04_ship4fcabina.scn.20,Weapon/wp1270_Liquidbomb/wp1270_Liquidbomb.mesh,Weapon/wp1270_Liquidbomb/wp1270.mdf2,
FALSE,,,LiquidBomb,TRUE,1,-1,-1,Normal,4,e175c1de-36ef-4706-bbb0-f6eee971fd50,15711ca8-ba6c-4e0e-ba52-336903b0c7fe,54.57611,22.71858,29.33122,0.5290039,0.6424207,0.391933,-0.3922271,wp1270_Liquidbomb_Get,natives/stm/leveldesign/itemset/chapter4/ship1f/normal.scn.20,Weapon/wp1270_Liquidbomb/wp1270_Liquidbomb.mesh,Weapon/wp1270_Liquidbomb/wp1270.mdf2,
FALSE,,,LiquidBomb,TRUE,1,-1,-1,Normal,4,26398e8e-1517-45a3-8c2f-6d3d9df957d1,aea336f0-53b8-4035-b9cd-ca180e0eef38,54.77925,21.46171,29.37044,0.03044161,0.8658767,0.05308896,-0.4965003,wp1270_Liquidbomb_Get,natives/stm/leveldesign/itemset/chapter4/ship1f/normal.scn.20,Weapon/wp1270_Liquidbomb/wp1270_Liquidbomb.mesh,Weapon/wp1270_Liquidbomb/wp1270.mdf2,
FALSE,,,LiquidBomb,TRUE,1,-1,-1,Madhouse,4,24d8ce61-b473-4fe7-a6bd-b430fc82472d,1980236b-38f9-0a27-1e93-7327a5c75b15,67.57176,26.45416,29.33019,-0.2125588,-0.2393715,-0.629045,0.7083943,wp1270_Liquidbomb_Get,natives/stm/leveldesign/itemset/chapter4/ship2f/hard.scn.20,Weapon/wp1270_Liquidbomb/wp1270_Liquidbomb.mesh,Weapon/wp1270_Liquidbomb/wp1270.mdf2,
FALSE,,,LiquidBomb,TRUE,1,-1,-1,Normal,4,e094fbd2-f435-474f-8479-ca01a57cd096,8be8ed0c-f6a2-4131-a2a2-9e6263e44c02,-12.21701,-44.54343,-205.564,-0.637048,0,0,0.7708241,wp1270_Liquidbomb_Get,natives/stm/leveldesign/itemset/chapter4/saltdomeb1f/normal.scn.20,Weapon/wp1270_Liquidbomb/wp1270_Liquidbomb.mesh,Weapon/wp1270_Liquidbomb/wp1270.mdf2,
FALSE,,,MiaKnife,TRUE,1,-1,-1,,7,597cbc24-9243-4ebe-af1e-45e14f274453,4dc9f103-22d6-4909-9986-337782a8e913,0,0,0,0,0,0,1,wp1360_MiaKnife_Get,natives/stm/scenes/imd/randomitemboxset_imd.scn.20,Weapon/wp1360_MiaKnife/wp1360_MiaKnife.mesh,Weapon/wp1360_MiaKnife/wp1360.mdf2,EthanMustDie
FALSE,,,LiquidBomb,TRUE,1,-1,-1,Normal,4,2a618693-2b0a-4757-993d-9e2bde8d2c5f,17396b99-a780-0297-2113-593c87c83067,-8.734002,-41.60327,-141.8872,-0.637048,0,0,0.7708241,wp1270_Liquidbomb_Get,natives/stm/leveldesign/itemset/chapter4/saltdomeb1f/normal.scn.20,Weapon/wp1270_Liquidbomb/wp1270_Liquidbomb.mesh,Weapon/wp1270_Liquidbomb/wp1270.mdf2,
FALSE,,,MineMasterKey,TRUE,1,-1,-1,,8,d49460a7-0c3f-03fd-19a0-5be196b057ff,039d709f-13e3-4210-8e06-269a9b34f517,0,0,0,0,0,0,1,sm2927_MineMasterKey01A_Get,natives/stm/ch8/environment/scene/chapter8/c08_train03.scn.20,CH8/Props/sm2927_MineMasterKey01A/sm2927_MineMasterKey01A.mesh,CH8/Props/sm2927_MineMasterKey01A/sm2927_MineMasterKey01A.mdf2,NotAHero
FALSE,,,MineMasterKey,TRUE,1,-1,-1,,8,a6af1cbe-206d-4025-804a-7b2190b796f1,71a60c86-3fb1-01c8-17ec-065a9d333419,67.37428,-76.58501,-179.9055,0,0,0,1,sm2927_MineMasterKey01A_Get,natives/stm/ch8/alphatest/scene/level/c08_testgimmick.scn.20,CH8/Props/sm2927_MineMasterKey01A/sm2927_MineMasterKey01A.mesh,CH8/Props/sm2927_MineMasterKey01A/sm2927_MineMasterKey01A.mdf2,NotAHero
FALSE,,,LiquidBomb,TRUE,1,-1,-1,Normal,4,7ed31832-2f58-4b32-bee3-97c0f762d241,438bf538-a3d2-0ef2-06cd-50d7ae27ce79,-8.606033,-41.66714,-142.4156,0,0,0,1,wp1270_Liquidbomb_Get,natives/stm/leveldesign/itemset/chapter4/saltdomeb1f/normal.scn.20,Weapon/wp1270_Liquidbomb/wp1270_Liquidbomb.mesh,Weapon/wp1270_Liquidbomb/wp1270.mdf2,
FALSE,,,LiquidBomb,TRUE,1,-1,-1,Normal,4,861a4400-50ca-4041-ada4-3e08e833170a,9f31cec1-367c-4dca-98b8-df61c4805900,-67.44537,-33.19414,-160.1286,-0.1242535,-0.5521916,0.1684889,0.8070049,wp1270_Liquidbomb_Get,natives/stm/leveldesign/itemset/chapter4/saltdomeb2f/normal.scn.20,Weapon/wp1270_Liquidbomb/wp1270_Liquidbomb.mesh,Weapon/wp1270_Liquidbomb/wp1270.mdf2,
FALSE,,,NumaItem000,TRUE,1,-1,-1,,9,d18d20b2-8dd5-4fa9-8c68-0bee62bf8eb4,e0bf0fa4-9421-0307-1a95-e89b6603c61d,-21.59,-0.9584497,59.63222,-0.6683658,0.7343813,0.01077032,-0.117709,sm3060_AmuletDoll01A_Get,natives/stm/ch9/leveldesign/itemset/chapter9/gardenarea/gardenarea.scn.20,Props/sm3060_AmuletDoll01A/sm3060_AmuletDoll01A.mesh,Props/sm3060_AmuletDoll01A/sm3060_AmuletDoll01A.mdf2,EndOfZoe
FALSE,,,NumaItem000,TRUE,1,-1,-1,Normal,9,ec2a9727-2cc5-4535-b6d7-74ea80791f9c,dd18b831-3531-099b-202a-979f84c55735,-256.8254,4.815046,67.75889,-0.1743535,-0.678834,0.6908681,-0.1774444,sm3060_AmuletDoll01A_Get,natives/stm/ch9/leveldesign/itemset/chapter9/church/normal.scn.20,Props/sm3060_AmuletDoll01A/sm3060_AmuletDoll01A.mesh,Props/sm3060_AmuletDoll01A/sm3060_AmuletDoll01A.mdf2,EndOfZoe
FALSE,,,NumaItem000,TRUE,1,-1,-1,,9,3a100d6f-c595-427d-8f37-13308a23e8be,0b222279-dc61-0ed3-19ca-f0458e9fa017,-49.44544,-1.919753,261.8144,-0.1304009,0.8795379,-0.4245861,-0.1706905,sm3060_AmuletDoll01A_Get,natives/stm/ch9/leveldesign/itemset/chapter9/joehousearea/joehousearea.scn.20,Props/sm3060_AmuletDoll01A/sm3060_AmuletDoll01A.mesh,Props/sm3060_AmuletDoll01A/sm3060_AmuletDoll01A.mdf2,EndOfZoe
FALSE,,,NumaItem000,TRUE,1,-1,-1,,9,bc32bd01-fea6-4b08-a105-d4b2b7fb1678,8d009217-e752-07a6-37f8-37c7b3475ed1,0,0,0,0,0,0,1,sm3060_AmuletDoll01A_Get,natives/stm/ch9/scenes/chapter/c09_itemresources.scn.20,Props/sm3060_AmuletDoll01A/sm3060_AmuletDoll01A.mesh,Props/sm3060_AmuletDoll01A/sm3060_AmuletDoll01A.mdf2,EndOfZoe
FALSE,,,NumaItem000,TRUE,1,-1,-1,,9,190c61bd-3469-424f-97de-44092d2c8f4d,948572a5-12e2-48d4-8c5a-2ba25f51009e,-46.5295,-2.926297,-345.6402,0.1908496,-0.6327658,0.7179324,-0.2185365,sm3060_AmuletDoll01A_Get,natives/stm/ch9/leveldesign/itemset/chapter9/camparea/camparea.scn.20,Props/sm3060_AmuletDoll01A/sm3060_AmuletDoll01A.mesh,Props/sm3060_AmuletDoll01A/sm3060_AmuletDoll01A.mdf2,EndOfZoe
FALSE,,,NumaItem000,TRUE,1,-1,-1,,9,a251bc98-2443-41f6-b402-ed5a9daeaf22,b2464a61-489e-4428-8a5e-1dd57261ac6d,-113.4674,-4.320652,-305.2439,0.2164822,-0.6602492,0.4110609,0.5901148,sm3060_AmuletDoll01A_Get,natives/stm/ch9/leveldesign/itemset/chapter9/camparea/camparea.scn.20,Props/sm3060_AmuletDoll01A/sm3060_AmuletDoll01A.mesh,Props/sm3060_AmuletDoll01A/sm3060_AmuletDoll01A.mdf2,EndOfZoe
FALSE,,,NumaItem000,TRUE,1,-1,-1,,9,fc3aa772-1fcc-4529-9595-0ecc93a3a5a7,9410dff1-1064-47cb-b3aa-309ce273159c,-85.2428,-1.088071,-349.7266,0.1554136,-0.7040678,0.159993,0.6741939,sm3060_AmuletDoll01A_Get,natives/stm/ch9/leveldesign/itemset/chapter9/camparea/camparea.scn.20,Props/sm3060_AmuletDoll01A/sm3060_AmuletDoll01A.mesh,Props/sm3060_AmuletDoll01A/sm3060_AmuletDoll01A.mdf2,EndOfZoe
FALSE,,,NumaItem000,TRUE,1,-1,-1,,9,cf493812-5e22-4bbf-b08b-514989fc5716,8b944a66-f3e7-4f72-b0b3-e1c493908d2b,-45.43417,2.943155,-336.403,0.3027053,0.707858,-0.4148137,0.4850115,sm3060_AmuletDoll01A_Get,natives/stm/ch9/leveldesign/itemset/chapter9/steamboat/steamboat.scn.20,Props/sm3060_AmuletDoll01A/sm3060_AmuletDoll01A.mesh,Props/sm3060_AmuletDoll01A/sm3060_AmuletDoll01A.mdf2,EndOfZoe
FALSE,,,NumaItem000,TRUE,1,-1,-1,,9,604ce5fd-c0a1-443e-8737-ce11fe9b3437,2575420d-e473-4387-89df-e62a1612e48c,-25.43166,10.44759,-337.4929,0.2644171,-0.6489168,0.3489129,0.6222944,sm3060_AmuletDoll01A_Get,natives/stm/ch9/leveldesign/itemset/chapter9/steamboat/steamboat.scn.20,Props/sm3060_AmuletDoll01A/sm3060_AmuletDoll01A.mesh,Props/sm3060_AmuletDoll01A/sm3060_AmuletDoll01A.mdf2,EndOfZoe
FALSE,,,NumaItem000,TRUE,1,-1,-1,,9,431022e7-fc0f-438e-b0ae-5f2ae2a587c2,72220df1-e5fb-0f20-2653-bc5fe619cf6b,-205.5702,-0.4537779,26.68253,0.5361263,-0.4739636,0.4537359,0.5310845,sm3060_AmuletDoll01A_Get,natives/stm/ch9/leveldesign/itemset/chapter9/climbinghut/climbinghut.scn.20,Props/sm3060_AmuletDoll01A/sm3060_AmuletDoll01A.mesh,Props/sm3060_AmuletDoll01A/sm3060_AmuletDoll01A.mdf2,EndOfZoe
FALSE,,,NumaItem001,TRUE,1,-1,-1,,9,0bd18aae-92c7-406b-a9e5-654718203af8,1be3c3e8-1188-4e3a-8a8e-8bb9b34f8ea6,0,0,0,2.78E-17,2.07E-25,0,1,sm3061_AmuletDoll02A_Get,natives/stm/ch9/scenes/chapter/c09_itemresources.scn.20,Props/sm3061_AmuletDoll02A/sm3061_AmuletDoll02A.mesh,Props/sm3061_AmuletDoll02A/sm3061_AmuletDoll02A.mdf2,EndOfZoe
FALSE,,,NumaItem001,TRUE,1,-1,-1,,9,70b9bf29-e9f9-480a-835b-6dc7501d9ac8,9cf59b5f-bd88-0594-25b7-f5a6a8990fee,-17.88293,-1.386558,83.72594,-0.01786416,0.7585097,-0.6493725,-0.05156862,sm3061_AmuletDoll02A_Get,natives/stm/ch9/leveldesign/itemset/chapter9/oldhouse/oldhouse.scn.20,Props/sm3061_AmuletDoll02A/sm3061_AmuletDoll02A.mesh,Props/sm3061_AmuletDoll02A/sm3061_AmuletDoll02A.mdf2,EndOfZoe
FALSE,,,NumaItem001,TRUE,1,-1,-1,,9,36bf66a0-0b51-41cc-b034-80eb7d74b4ab,5ffa20c1-514a-4b22-9ded-857127bfbb4d,-27.17918,-0.4243107,-333.9455,-0.231504,0.7393055,-0.5095016,-0.3744883,sm3061_AmuletDoll02A_Get,natives/stm/ch9/leveldesign/itemset/chapter9/steamboat/steamboat.scn.20,Props/sm3061_AmuletDoll02A/sm3061_AmuletDoll02A.mesh,Props/sm3061_AmuletDoll02A/sm3061_AmuletDoll02A.mdf2,EndOfZoe
FALSE,,,NumaItem001,TRUE,1,-1,-1,,9,90330227-3342-460a-a8ef-58e604f92ce4,7c7f2651-6733-0b94-0e03-c087fc7db9c2,-248.3618,-3.265614,27.61968,0.02093296,-0.5952349,0.8027828,0.02823192,sm3061_AmuletDoll02A_Get,natives/stm/ch9/leveldesign/itemset/chapter9/climbinghut/climbinghut.scn.20,Props/sm3061_AmuletDoll02A/sm3061_AmuletDoll02A.mesh,Props/sm3061_AmuletDoll02A/sm3061_AmuletDoll02A.mdf2,EndOfZoe
FALSE,,,NumaItem004,TRUE,1,-1,-1,Madhouse,9,e8cdea3c-a144-4dbf-a423-64e89dadaed4,9e8080e3-4b76-0a97-0c2a-3ca85828ae8e,-226.8786,-4.210062,-71.25674,0,0,0,1,sm2746_MaterialA01A_Get,natives/stm/ch9/leveldesign/itemset/chapter9/moldswamp/hard.scn.20,Props/sm2036_ChemicalS01A/sm2036_ChemicalS01A.mesh,Props/sm2036_ChemicalS01A/sm2036_ChemicalS01A.mdf2,EndOfZoe
FALSE,,,NumaItem004,TRUE,1,-1,-1,Madhouse,9,d49bc475-0876-4308-9618-65b6021a0b3a,a2d6aeaa-e244-0420-3e11-3df6c79f0b60,-33.08312,-4.70524,-372.7672,0.2409047,0.2560824,0.2547136,0.9008372,sm2746_MaterialA01A_Get,natives/stm/ch9/leveldesign/itemset/chapter9/camparea_ground/hard.scn.20,Props/sm2036_ChemicalS01A/sm2036_ChemicalS01A.mesh,Props/sm2036_ChemicalS01A/sm2036_ChemicalS01A.mdf2,EndOfZoe
FALSE,,,NumaItem004,TRUE,1,-1,-1,,9,aefd4d68-9c6d-41d9-9a0c-d30898023f41,d8b027b7-765f-06f1-3205-8b485d873f1b,16.18733,-0.5277103,26.10358,0.2673756,-0.641689,0.651565,0.3036587,sm2746_MaterialA01A_Get,natives/stm/ch9/leveldesign/itemset/chapter9/gardenarea/gardenarea.scn.20,Props/sm2036_ChemicalS01A/sm2036_ChemicalS01A.mesh,Props/sm2036_ChemicalS01A/sm2036_ChemicalS01A.mdf2,EndOfZoe
FALSE,,,NumaItem004,TRUE,1,-1,-1,Madhouse,9,a286eed4-bc12-4f7e-b47f-a7b1205e3f8d,d4cb840b-5620-0856-1c76-fff1e5db3fd7,-28.20302,-3.615965,203.3671,0,0,0,1,sm2746_MaterialA01A_Get,natives/stm/ch9/leveldesign/itemset/chapter9/joehousearea/hard.scn.20,Props/sm2036_ChemicalS01A/sm2036_ChemicalS01A.mesh,Props/sm2036_ChemicalS01A/sm2036_ChemicalS01A.mdf2,EndOfZoe
FALSE,,,NumaItem004,TRUE,1,-1,-1,Normal,9,ba601f66-b838-416a-8df1-4ea73c00df41,4f512191-4dbc-4735-8e56-e1ae8e617352,-49.64581,-2.055301,262.0302,0,0,0,1,sm2746_MaterialA01A_Get,natives/stm/ch9/leveldesign/itemset/chapter9/joehousearea/normal.scn.20,Props/sm2036_ChemicalS01A/sm2036_ChemicalS01A.mesh,Props/sm2036_ChemicalS01A/sm2036_ChemicalS01A.mdf2,EndOfZoe
FALSE,,,NumaItem004,TRUE,1,-1,-1,Normal,9,829808fc-e118-4363-ac2f-0d06d24ae88a,f4d56223-0b2a-044b-0426-554617cfe8d0,-28.43393,-3.511115,212.9458,0,0,0,1,sm2746_MaterialA01A_Get,natives/stm/ch9/leveldesign/itemset/chapter9/joehousearea/normal.scn.20,Props/sm2036_ChemicalS01A/sm2036_ChemicalS01A.mesh,Props/sm2036_ChemicalS01A/sm2036_ChemicalS01A.mdf2,EndOfZoe
FALSE,,,NumaItem004,TRUE,1,-1,-1,,9,68b0bfc5-c172-4fbf-b731-5eb1efedeb27,1efdd51a-2b40-0897-1f38-06f12a68eb7d,0,0,0,0,0,0,1,sm2746_MaterialA01A_Get,natives/stm/ch9/scenes/chapter/c09_itemresources.scn.20,Props/sm2036_ChemicalS01A/sm2036_ChemicalS01A.mesh,Props/sm2036_ChemicalS01A/sm2036_ChemicalS01A.mdf2,EndOfZoe
FALSE,,,NumaItem004,TRUE,1,-1,-1,Normal,9,e0718bcf-b2d9-4395-94a5-4f6cf5763ae5,963ce110-58eb-04bd-3cac-172c30f33abf,-221.1739,-4.489442,-57.47237,0.362568,-0.09828427,-0.05198754,0.925301,sm2746_MaterialA01A_Get,natives/stm/ch9/leveldesign/itemset/chapter9/moldswamp/normal.scn.20,Props/sm2036_ChemicalS01A/sm2036_ChemicalS01A.mesh,Props/sm2036_ChemicalS01A/sm2036_ChemicalS01A.mdf2,EndOfZoe
FALSE,,,NumaItem004,TRUE,1,-1,-1,Normal,9,1b9de84c-ac2a-4baf-ba0a-8fae6ec8d246,7e75dd8a-5d47-49a6-ba78-f957af7af3ee,-222.6286,-1.606166,0.3932108,0,0.4243122,0,0.905516,sm2746_MaterialA01A_Get,natives/stm/ch9/leveldesign/itemset/chapter9/climbinghut/normal.scn.20,Props/sm2036_ChemicalS01A/sm2036_ChemicalS01A.mesh,Props/sm2036_ChemicalS01A/sm2036_ChemicalS01A.mdf2,EndOfZoe
FALSE,,,NumaItem004,TRUE,1,-1,-1,Normal,9,90aaf4b8-5fa9-4026-9b42-50c6818ec2f1,e6e79e67-b59b-070e-334b-0886440bc2ab,-82.42,-2.7839,-346.5927,0.07240319,0.9330091,-0.07725531,0.3439234,sm2746_MaterialA01A_Get,natives/stm/ch9/leveldesign/itemset/chapter9/camparea/normal.scn.20,Props/sm2036_ChemicalS01A/sm2036_ChemicalS01A.mesh,Props/sm2036_ChemicalS01A/sm2036_ChemicalS01A.mdf2,EndOfZoe
FALSE,,,NumaItem006,TRUE,1,-1,-1,Madhouse,9,4dcaaa32-66c4-4963-a38e-269a45af9e69,62dd7730-c55d-459d-9287-700db6aa7296,-201.2454,-1.11937,40.57643,-0.06142665,0.2545992,-0.02520505,0.9647646,sm2769_centipede01A_Get,natives/stm/ch9/leveldesign/itemset/chapter9/church/hard.scn.20,Props/sm2769_centipede01A/sm2769_centipede01A.mesh,Props/sm2769_centipede01A/sm2769_centipede01A.mdf2,EndOfZoe
FALSE,,,NumaItem006,TRUE,1,-1,-1,Madhouse,9,2e08f272-ccaf-44c3-a09a-84d1ca7b0bbc,33fb89fe-61fc-0350-1d28-ea0132b5756c,-202.2743,-0.7529753,40.78022,-0.3123369,-0.6464326,-0.3229508,0.6166631,sm2769_centipede01A_Get,natives/stm/ch9/leveldesign/itemset/chapter9/church/hard.scn.20,Props/sm2769_centipede01A/sm2769_centipede01A.mesh,Props/sm2769_centipede01A/sm2769_centipede01A.mdf2,EndOfZoe
FALSE,,,NumaItem006,TRUE,1,-1,-1,Normal,9,e7da50cd-db0d-478d-99da-e4fcbabeacdf,a9e9f58d-44ad-4295-a5e9-9caf4abbed56,-25.86003,1.271975,-337.2427,1.85E-08,0.9107755,-4.07E-08,-0.4129018,sm2769_centipede01A_Get,natives/stm/ch9/leveldesign/itemset/chapter9/steamboat/normal.scn.20,Props/sm2769_centipede01A/sm2769_centipede01A.mesh,Props/sm2769_centipede01A/sm2769_centipede01A.mdf2,EndOfZoe
FALSE,,,NumaItem006,TRUE,1,-1,-1,Normal,9,815d8a24-79dc-4f15-956f-0ff8a0e19415,d1c27884-dca7-45e0-ac31-d20d0c2d6495,-20.29194,5.213758,-337.8017,-0.6603767,0.2354319,0.1708741,0.692298,sm2769_centipede01A_Get,natives/stm/ch9/leveldesign/itemset/chapter9/steamboat/normal.scn.20,Props/sm2769_centipede01A/sm2769_centipede01A.mesh,Props/sm2769_centipede01A/sm2769_centipede01A.mdf2,EndOfZoe
FALSE,,,NumaItem006,TRUE,1,-1,-1,Normal,9,4c27650d-5ac9-42c5-9aed-7ab25e5a7c04,51d41e81-f79a-0556-275f-1462a69402d4,-18.34367,-2.152539,240.527,0,0,0,1,sm2769_centipede01A_Get,natives/stm/ch9/leveldesign/itemset/chapter9/joehousearea/normal.scn.20,Props/sm2769_centipede01A/sm2769_centipede01A.mesh,Props/sm2769_centipede01A/sm2769_centipede01A.mdf2,EndOfZoe
FALSE,,,NumaItem006,TRUE,1,-1,-1,,9,7215d257-4141-4c16-b4d1-7a0076ec9f90,3d7db62a-9ac5-4ce4-80d3-9e22016f9948,0,0,0,0,0,0,1,sm2769_centipede01A_Get,natives/stm/ch9/scenes/chapter/c09_itemresources.scn.20,Props/sm2769_centipede01A/sm2769_centipede01A.mesh,Props/sm2769_centipede01A/sm2769_centipede01A.mdf2,EndOfZoe
FALSE,,,NumaItem006,TRUE,1,-1,-1,Madhouse,9,ca450009-4c6a-417a-90db-2f8b619ee80d,36da4447-776d-46b5-abc1-877506b92427,-45.40688,3.091534,-335.4236,-4.47E-08,-1.78E-15,-7.94E-23,1,sm2769_centipede01A_Get,natives/stm/ch9/leveldesign/itemset/chapter9/steamboat/hard.scn.20,Props/sm2769_centipede01A/sm2769_centipede01A.mesh,Props/sm2769_centipede01A/sm2769_centipede01A.mdf2,EndOfZoe
FALSE,,,NumaItem006,TRUE,1,-1,-1,Madhouse,9,abdde492-0f0b-4bb3-83b9-0d8fb2473a72,1dc5b850-f9e4-4ee8-8d38-3400eb830381,-39.9337,5.181012,-329.5881,-4.47E-08,-1.78E-15,-7.94E-23,1,sm2769_centipede01A_Get,natives/stm/ch9/leveldesign/itemset/chapter9/steamboat/hard.scn.20,Props/sm2769_centipede01A/sm2769_centipede01A.mesh,Props/sm2769_centipede01A/sm2769_centipede01A.mdf2,EndOfZoe
FALSE,,,NumaItem006,TRUE,1,-1,-1,,9,3981c523-5248-4523-a9b3-84baa7707f4e,9aaa48e5-1a1e-43cc-8619-715b9ab8e919,-15.3837,-1.218983,92.75423,0.5690811,-0.539123,0.4507328,0.4270048,sm2769_centipede01A_Get,natives/stm/ch9/leveldesign/itemset/chapter9/oldhouse/oldhouse.scn.20,Props/sm2769_centipede01A/sm2769_centipede01A.mesh,Props/sm2769_centipede01A/sm2769_centipede01A.mdf2,EndOfZoe
FALSE,,,NumaItem006,TRUE,1,-1,-1,,9,5889b738-28e4-4c43-9c35-8acbacdd0429,457accb4-85b7-0bd0-2187-e41b54137af9,-15.43469,-1.890602,92.91367,0.03144358,0.042393,0.7360064,0.6749138,sm2769_centipede01A_Get,natives/stm/ch9/leveldesign/itemset/chapter9/oldhouse/oldhouse.scn.20,Props/sm2769_centipede01A/sm2769_centipede01A.mesh,Props/sm2769_centipede01A/sm2769_centipede01A.mdf2,EndOfZoe
FALSE,,,NumaItem006,TRUE,1,-1,-1,Normal,9,ae5ca16e-eb0d-45d4-bf50-b0c10fb647b1,75f70a69-8739-46b2-bf50-fc0b26c4019f,-218.6859,-1.202783,-0.449338,-0.3314257,-0.3005506,-0.6290162,0.6357397,sm2769_centipede01A_Get,natives/stm/ch9/leveldesign/itemset/chapter9/climbinghut/normal.scn.20,Props/sm2769_centipede01A/sm2769_centipede01A.mesh,Props/sm2769_centipede01A/sm2769_centipede01A.mdf2,EndOfZoe
FALSE,,,NumaItem007,TRUE,1,-1,-1,Madhouse,9,ccaa791c-5a02-412e-97f9-45fbd89a56a3,068b6f6a-2034-4e3e-aa82-df36cad6f498,-32.63419,-1.608594,-383.0773,-0.08153261,0.6605256,0.07249857,0.742834,sm2770_cockroach01A_Get,natives/stm/ch9/leveldesign/itemset/chapter9/camparea_ground/hard.scn.20,Props/sm2770_cockroach01A/sm2770_cockroach01A.mesh,Props/sm2770_cockroach01A/sm2770_cockroach01A.mdf2,EndOfZoe
FALSE,,,NumaItem007,TRUE,1,-1,-1,Madhouse,9,f11eb6ee-683c-4b80-9c24-de3362d02cb9,9af9332e-3cbc-0831-3e31-d21d254cf9d4,-32.2954,-1.561106,-383.3051,0,-0.4158953,0,0.9094125,sm2770_cockroach01A_Get,natives/stm/ch9/leveldesign/itemset/chapter9/camparea_ground/hard.scn.20,Props/sm2770_cockroach01A/sm2770_cockroach01A.mesh,Props/sm2770_cockroach01A/sm2770_cockroach01A.mdf2,EndOfZoe
FALSE,,,NumaItem007,TRUE,1,-1,-1,,9,29c9d239-f55c-4400-8dba-3a184058b6d7,422e57f9-a1dc-07b1-2faf-363607c463ba,16.78717,-1.158362,28.03073,-0.001758719,0.3194978,0.1160987,0.9404463,sm2770_cockroach01A_Get,natives/stm/ch9/leveldesign/itemset/chapter9/gardenarea/gardenarea.scn.20,Props/sm2770_cockroach01A/sm2770_cockroach01A.mesh,Props/sm2770_cockroach01A/sm2770_cockroach01A.mdf2,EndOfZoe
FALSE,,,NumaItem007,TRUE,1,-1,-1,,9,72d4754c-1291-4270-a658-23e56c3b0e5e,1933f08c-4611-01c1-044d-2fcb2ba7db33,-28.38556,-4.738354,222.9683,0,0,0,1,sm2770_cockroach01A_Get,natives/stm/ch9/leveldesign/itemset/chapter9/joehousearea/joehousearea.scn.20,Props/sm2770_cockroach01A/sm2770_cockroach01A.mesh,Props/sm2770_cockroach01A/sm2770_cockroach01A.mdf2,EndOfZoe
FALSE,,,NumaItem007,TRUE,1,-1,-1,,9,59657e8e-a2a3-47df-a25c-ae4e421e1a3b,76fb5439-5c91-44d5-b9e5-818d486b24b3,0,0,0,2.98E-08,0,0,1,sm2770_cockroach01A_Get,natives/stm/ch9/scenes/chapter/c09_itemresources.scn.20,Props/sm2770_cockroach01A/sm2770_cockroach01A.mesh,Props/sm2770_cockroach01A/sm2770_cockroach01A.mdf2,EndOfZoe
FALSE,,,NumaItem007,TRUE,1,-1,-1,Normal,9,4170966c-eb63-4a39-909a-268f342bb549,2a9713ac-bfe3-0988-328f-2aa173b76024,-241.0465,-1.553374,-34.54749,-0.3767609,-0.006238707,0.9261602,0.01547731,xxxsm2770_cockroach01A_Get,natives/stm/ch9/leveldesign/itemset/chapter9/moldswamp/normal.scn.20,Props/sm2770_cockroach01A/sm2770_cockroach01A.mesh,Props/sm2770_cockroach01A/sm2770_cockroach01A.mdf2,EndOfZoe
FALSE,,,NumaItem007,TRUE,1,-1,-1,Normal,9,2df11947-fe97-4b4e-a785-af1aad30af54,d3b25295-5bf2-4420-9f66-20f26aa8e97b,-234.1578,-4.720729,-116.7655,0.02355884,-0.4908839,0.002088852,0.8709039,sm2770_cockroach01A_Get,natives/stm/ch9/leveldesign/itemset/chapter9/moldswamp/normal.scn.20,Props/sm2770_cockroach01A/sm2770_cockroach01A.mesh,Props/sm2770_cockroach01A/sm2770_cockroach01A.mdf2,EndOfZoe
FALSE,,,NumaItem007,TRUE,1,-1,-1,Normal,9,a8e5d839-5c86-46fc-84fd-03176a603afc,c3025df9-0806-054d-26e8-0f392dfcef91,-234.132,-4.675323,-116.84,-0.1376735,-0.482827,-0.0885971,0.8602759,sm2770_cockroach01A_Get,natives/stm/ch9/leveldesign/itemset/chapter9/moldswamp/normal.scn.20,Props/sm2770_cockroach01A/sm2770_cockroach01A.mesh,Props/sm2770_cockroach01A/sm2770_cockroach01A.mdf2,EndOfZoe
FALSE,,,NumaItem007,TRUE,1,-1,-1,Normal,9,aeae4727-9e4a-4cbd-a682-d2aa245ed1f8,bd8568c2-6fc8-4b9a-b60a-9d8b3ccf01e8,-221.0526,-4.611426,-4.454879,0.05283779,-0.8623353,-0.05699524,0.5003374,sm2770_cockroach01A_Get,natives/stm/ch9/leveldesign/itemset/chapter9/climbinghut/normal.scn.20,Props/sm2770_cockroach01A/sm2770_cockroach01A.mesh,Props/sm2770_cockroach01A/sm2770_cockroach01A.mdf2,EndOfZoe
FALSE,,,NumaItem007,TRUE,1,-1,-1,Normal,9,fe9e34da-cbb5-49d0-be5e-e78cefb0d7ad,bea9411c-6d0c-45fa-ba9e-a474b9201874,-219.4129,-4.174097,-3.093155,-0.07993894,0.8641582,0.01006756,-0.4967284,sm2770_cockroach01A_Get,natives/stm/ch9/leveldesign/itemset/chapter9/climbinghut/normal.scn.20,Props/sm2770_cockroach01A/sm2770_cockroach01A.mesh,Props/sm2770_cockroach01A/sm2770_cockroach01A.mdf2,EndOfZoe
FALSE,,,NumaItem007,TRUE,1,-1,-1,Normal,9,822a9de4-ffcb-457d-8da2-f356ceb87dce,96005244-2413-442c-8a6d-38008c611489,-219.7788,-4.199226,-4.0692,-0.01616583,0.7481716,0.07893198,0.6585952,sm2770_cockroach01A_Get,natives/stm/ch9/leveldesign/itemset/chapter9/climbinghut/normal.scn.20,Props/sm2770_cockroach01A/sm2770_cockroach01A.mesh,Props/sm2770_cockroach01A/sm2770_cockroach01A.mdf2,EndOfZoe
FALSE,,,NumaItem007,TRUE,1,-1,-1,Normal,9,95a47bd9-a7ba-4f65-a251-02cb6b9559ad,fe43fe19-f33a-0cd4-0044-0ee52c098cc0,-68.25947,-3.133399,-344.3729,0.2351727,0.8186443,0.345604,0.3937932,sm2770_cockroach01A_Get,natives/stm/ch9/leveldesign/itemset/chapter9/camparea/normal.scn.20,Props/sm2770_cockroach01A/sm2770_cockroach01A.mesh,Props/sm2770_cockroach01A/sm2770_cockroach01A.mdf2,EndOfZoe
FALSE,,,NumaItem007,TRUE,1,-1,-1,Normal,9,157d44b1-c2b0-4411-bf01-8714c28981d2,b58bd4df-0755-4dd0-ab26-700a39c9d670,-33.67393,-4.626768,-381.6244,-0.1711093,0.7981163,0.3000047,0.4936894,sm2770_cockroach01A_Get,natives/stm/ch9/leveldesign/itemset/chapter9/camparea_ground/normal.scn.20,Props/sm2770_cockroach01A/sm2770_cockroach01A.mesh,Props/sm2770_cockroach01A/sm2770_cockroach01A.mdf2,EndOfZoe
FALSE,,,NumaItem008,TRUE,1,-1,-1,,9,cbda8e4a-c95e-4d7c-8b13-e7c5ae0c4a72,09613108-81d2-00d9-27cb-ca9421884532,0,0,0,0,0,0,1,sm2771_Maggots01A_Get,natives/stm/ch9/scenes/chapter/c09_itemresources.scn.20,Props/sm2771_Maggots01A/sm2771_Maggots01A.mesh,Props/sm2771_Maggots01A/sm2771_Maggots01A.mdf2,EndOfZoe
FALSE,,,NumaItem008,TRUE,1,-1,-1,Madhouse,9,f46bbb2a-3e2c-46af-bfd3-1549e77515d6,36d00468-76a0-0b0a-130b-381868f11a96,-39.6053,1.513265,-332.7985,0.2016312,-0.3915854,-0.4100816,0.7986481,sm2771_Maggots01A_Get,natives/stm/ch9/leveldesign/itemset/chapter9/steamboat/hard.scn.20,Props/sm2771_Maggots01A/sm2771_Maggots01A.mesh,Props/sm2771_Maggots01A/sm2771_Maggots01A.mdf2,EndOfZoe
FALSE,,,NumaItem008,TRUE,1,-1,-1,Normal,9,3bca953f-c2b1-4b0f-a5f9-57ed8a095600,1ca91dbb-645c-457c-8853-6d1452ce0bc4,-91.5752,-3.245671,-329.6165,0,0,0.03976576,0.999209,sm2771_Maggots01A_Get,natives/stm/ch9/leveldesign/itemset/chapter9/camparea/normal.scn.20,Props/sm2771_Maggots01A/sm2771_Maggots01A.mesh,Props/sm2771_Maggots01A/sm2771_Maggots01A.mdf2,EndOfZoe
FALSE,,,NumaItem009,TRUE,1,-1,-1,Madhouse,9,7a838307-526f-49cd-9165-ac46b6e0a06e,dd574bfe-4f74-03e2-3172-5cb6a2b28021,-237.7923,-3.392796,-124.1432,0,0,0,1,sm2775_MaterialF01A_Get,natives/stm/ch9/leveldesign/itemset/chapter9/moldswamp/hard.scn.20,Props/sm2775_MaterialF01A/sm2775_MaterialF01A.mesh,Props/sm2775_MaterialF01A/sm2775_MaterialF01A.mdf2,EndOfZoe
FALSE,,,NumaItem009,TRUE,1,-1,-1,Madhouse,9,85299e1b-3a74-4183-93c5-c989f5e427f6,1383ea31-edbb-4bd0-abc0-27ee8b24acf7,-209.4332,-2.265125,28.12156,-0.04529537,0.3136995,-0.01832005,0.9482644,sm2775_MaterialF01A_Get,natives/stm/ch9/leveldesign/itemset/chapter9/church/hard.scn.20,Props/sm2775_MaterialF01A/sm2775_MaterialF01A.mesh,Props/sm2775_MaterialF01A/sm2775_MaterialF01A.mdf2,EndOfZoe
FALSE,,,NumaItem009,TRUE,1,-1,-1,Madhouse,9,152f2784-8bf2-486a-8acc-4b12ec553d50,15590c31-2dd4-411a-a920-4f911139cbe8,-207.6929,-2.213041,30.03549,-0.03490799,0.3207031,-0.06060451,0.9445943,sm2775_MaterialF01A_Get,natives/stm/ch9/leveldesign/itemset/chapter9/church/hard.scn.20,Props/sm2775_MaterialF01A/sm2775_MaterialF01A.mesh,Props/sm2775_MaterialF01A/sm2775_MaterialF01A.mdf2,EndOfZoe
FALSE,,,NumaItem009,TRUE,1,-1,-1,Madhouse,9,35eaac62-0d67-493f-a21f-312fb0415a3c,96d8c5db-0d4d-43bf-8d46-6f1377c5eb42,-209.4746,-2.229387,28.71354,-0.004968194,-0.7139654,-0.02977439,0.6995299,sm2775_MaterialF01A_Get,natives/stm/ch9/leveldesign/itemset/chapter9/church/hard.scn.20,Props/sm2775_MaterialF01A/sm2775_MaterialF01A.mesh,Props/sm2775_MaterialF01A/sm2775_MaterialF01A.mdf2,EndOfZoe
FALSE,,,NumaItem009,TRUE,1,-1,-1,Madhouse,9,a98be2ce-2c7b-4100-b8fc-b7737d82c2c9,35fe59f8-0503-43e5-9a19-516b415d0199,-206.9104,-2.253894,29.9566,-0.02702285,-0.000267878,-0.009908911,0.9995857,sm2775_MaterialF01A_Get,natives/stm/ch9/leveldesign/itemset/chapter9/church/hard.scn.20,Props/sm2775_MaterialF01A/sm2775_MaterialF01A.mesh,Props/sm2775_MaterialF01A/sm2775_MaterialF01A.mdf2,EndOfZoe
FALSE,,,NumaItem009,TRUE,1,-1,-1,Madhouse,9,5a0011dd-f0ce-42f3-a330-52451166adb3,fdd4d924-edd5-08dc-0327-a2b505348dfc,-208.8979,-2.254282,28.6714,0.06051947,0.9347901,-0.02261255,0.3492758,sm2775_MaterialF01A_Get,natives/stm/ch9/leveldesign/itemset/chapter9/church/hard.scn.20,Props/sm2775_MaterialF01A/sm2775_MaterialF01A.mesh,Props/sm2775_MaterialF01A/sm2775_MaterialF01A.mdf2,EndOfZoe
FALSE,,,NumaItem009,TRUE,1,-1,-1,Madhouse,9,89a44f6a-e9d8-47e1-ac8b-98f2697cdf90,2e708793-f4c3-0dce-0c9c-68027d2effdf,-51.6556,-4.2997,-358.0422,0.08235428,0.9778323,-0.1072509,-0.1598723,sm2775_MaterialF01A_Get,natives/stm/ch9/leveldesign/itemset/chapter9/camparea_ground/hard.scn.20,Props/sm2775_MaterialF01A/sm2775_MaterialF01A.mesh,Props/sm2775_MaterialF01A/sm2775_MaterialF01A.mdf2,EndOfZoe
FALSE,,,NumaItem009,TRUE,1,-1,-1,Normal,9,c2880c74-12f1-4ab6-abff-053271a32033,06f4fa17-9e33-47ba-9b73-3ad65fffadca,-13.84063,0.6020013,-331.3364,0,0.9956967,0,-0.09267265,sm2775_MaterialF01A_Get,natives/stm/ch9/leveldesign/itemset/chapter9/steamboat/normal.scn.20,Props/sm2775_MaterialF01A/sm2775_MaterialF01A.mesh,Props/sm2775_MaterialF01A/sm2775_MaterialF01A.mdf2,EndOfZoe
FALSE,,,NumaItem009,TRUE,1,-1,-1,Normal,9,23cf9a06-9c14-4ef6-be7e-4b6230aa60e7,a3fec70f-0d3d-43c0-83d9-7070ee142779,-32.41869,4.028428,-336.9131,0,0.9820341,0,0.1887033,sm2775_MaterialF01A_Get,natives/stm/ch9/leveldesign/itemset/chapter9/steamboat/normal.scn.20,Props/sm2775_MaterialF01A/sm2775_MaterialF01A.mesh,Props/sm2775_MaterialF01A/sm2775_MaterialF01A.mdf2,EndOfZoe
FALSE,,,NumaItem009,TRUE,1,-1,-1,Normal,9,8afee19e-8421-452a-986c-7570aac75e47,75c9261e-4553-4633-8aec-4e33d3bd66a4,-40.35979,7.850032,-334.9691,1.32E-11,0.9935415,1.16E-10,-0.1134697,sm2775_MaterialF01A_Get,natives/stm/ch9/leveldesign/itemset/chapter9/steamboat/normal.scn.20,Props/sm2775_MaterialF01A/sm2775_MaterialF01A.mesh,Props/sm2775_MaterialF01A/sm2775_MaterialF01A.mdf2,EndOfZoe
FALSE,,,NumaItem009,TRUE,1,-1,-1,,9,62c78e6f-7bac-4072-8636-bd196dada11c,c5134696-66b7-0a5d-2621-4de979ff8153,0,0,0,0,0,0,1,sm2775_MaterialF01A_Get,natives/stm/ch9/scenes/chapter/c09_itemresources.scn.20,Props/sm2775_MaterialF01A/sm2775_MaterialF01A.mesh,Props/sm2775_MaterialF01A/sm2775_MaterialF01A.mdf2,EndOfZoe
FALSE,,,NumaItem009,TRUE,1,-1,-1,Normal,9,6c4f5410-bbd6-430f-95d0-20a892f056ae,cb9b9ce9-a6cd-0920-35c7-d05886a276e1,-242.1179,-4.239249,-69.93163,0,0,0,1,sm2775_MaterialF01A_Get,natives/stm/ch9/leveldesign/itemset/chapter9/moldswamp/normal.scn.20,Props/sm2775_MaterialF01A/sm2775_MaterialF01A.mesh,Props/sm2775_MaterialF01A/sm2775_MaterialF01A.mdf2,EndOfZoe
FALSE,,,NumaItem009,TRUE,1,-1,-1,Normal,9,85dda1c7-3cca-49b9-af2e-300529d1cd9f,2209693e-21d1-0396-0f39-c0f53d83edd0,-230.2146,-4.574802,-103.132,0.1833649,-0.1873796,0.1366256,0.9553008,sm2775_MaterialF01A_Get,natives/stm/ch9/leveldesign/itemset/chapter9/moldswamp/normal.scn.20,Props/sm2775_MaterialF01A/sm2775_MaterialF01A.mesh,Props/sm2775_MaterialF01A/sm2775_MaterialF01A.mdf2,EndOfZoe
FALSE,,,NumaItem009,TRUE,1,-1,-1,Madhouse,9,6401501e-ab61-4449-8a72-9b2e1e734429,8a347fbf-7519-409f-8fdf-d792a44954dc,-32.65817,-0.6500008,-334.1958,0,0,0,1,sm2775_MaterialF01A_Get,natives/stm/ch9/leveldesign/itemset/chapter9/steamboat/hard.scn.20,Props/sm2775_MaterialF01A/sm2775_MaterialF01A.mesh,Props/sm2775_MaterialF01A/sm2775_MaterialF01A.mdf2,EndOfZoe
FALSE,,,NumaItem009,TRUE,1,-1,-1,Normal,9,21c978cb-510a-4184-936f-2572bf69da3a,7f07ace9-3ab9-41d1-88f4-5b94f57cccc8,-237.0417,-2.501318,14.64626,0,0.5040196,0,0.8636922,sm2775_MaterialF01A_Get,natives/stm/ch9/leveldesign/itemset/chapter9/climbinghut/normal.scn.20,Props/sm2775_MaterialF01A/sm2775_MaterialF01A.mesh,Props/sm2775_MaterialF01A/sm2775_MaterialF01A.mdf2,EndOfZoe
FALSE,,,NumaItem009,TRUE,1,-1,-1,Normal,9,0397954a-81d0-4990-b280-ca4259ea4799,8ad6f4de-10dc-4874-813f-74c412e63f1a,-233.4144,-2.420003,-4.526289,0,0.5040196,0,0.8636922,sm2775_MaterialF01A_Get,natives/stm/ch9/leveldesign/itemset/chapter9/climbinghut/normal.scn.20,Props/sm2775_MaterialF01A/sm2775_MaterialF01A.mesh,Props/sm2775_MaterialF01A/sm2775_MaterialF01A.mdf2,EndOfZoe
FALSE,,,NumaItem009,TRUE,1,-1,-1,Madhouse,9,89314c51-5649-4f89-945c-1f66b107fe9b,2ee584a8-4b52-05a6-344b-ef96a555ded4,-99.8745,-3.291574,-339.1095,0,0,0,1,sm2775_MaterialF01A_Get,natives/stm/ch9/leveldesign/itemset/chapter9/camparea/hard.scn.20,Props/sm2775_MaterialF01A/sm2775_MaterialF01A.mesh,Props/sm2775_MaterialF01A/sm2775_MaterialF01A.mdf2,EndOfZoe
FALSE,,,NumaItem010,TRUE,1,-1,-1,Madhouse,9,a88b5a4f-f6c8-4ff6-b1e4-72400129d481,15d12db1-3226-0e8e-22e3-4f5ee8872f8c,-242.6053,-4.123506,-116.6768,0,0,-0.6757252,0.7371536,sm2776_MaterialG01A_Get,natives/stm/ch9/leveldesign/itemset/chapter9/moldswamp/hard.scn.20,Props/sm2776_MaterialG01A/sm2776_MaterialG01A.mesh,Props/sm2776_MaterialG01A/sm2776_MaterialG01A.mdf2,EndOfZoe
FALSE,,,NumaItem010,TRUE,1,-1,-1,Madhouse,9,3646bfa2-2dca-46ff-a3e2-1217823946de,86684133-00d5-484b-b55e-5b4d7cd8c9ac,-202.2214,-1.281474,38.99495,0.3919432,-0.410642,0.01267812,0.8231604,sm2776_MaterialG01A_Get,natives/stm/ch9/leveldesign/itemset/chapter9/church/hard.scn.20,Props/sm2776_MaterialG01A/sm2776_MaterialG01A.mesh,Props/sm2776_MaterialG01A/sm2776_MaterialG01A.mdf2,EndOfZoe
FALSE,,,NumaItem010,TRUE,1,-1,-1,Madhouse,9,32c7123e-1477-4c4b-b4db-5fe63511d466,507a7cf6-c934-49bf-a683-d2adeffcbc38,-202.1402,-1.414403,38.52155,-0.6696802,0.7311753,-0.1299769,0.004136919,sm2776_MaterialG01A_Get,natives/stm/ch9/leveldesign/itemset/chapter9/church/hard.scn.20,Props/sm2776_MaterialG01A/sm2776_MaterialG01A.mesh,Props/sm2776_MaterialG01A/sm2776_MaterialG01A.mdf2,EndOfZoe
FALSE,,,NumaItem010,TRUE,1,-1,-1,Madhouse,9,fffbb6ce-491d-46ac-a95d-768d2855398c,1e4e0cbb-7383-4654-9879-98cc915ccbd9,-201.5526,-1.305333,39.25649,0.5578859,0.4052947,-0.544448,-0.4775742,sm2776_MaterialG01A_Get,natives/stm/ch9/leveldesign/itemset/chapter9/church/hard.scn.20,Props/sm2776_MaterialG01A/sm2776_MaterialG01A.mesh,Props/sm2776_MaterialG01A/sm2776_MaterialG01A.mdf2,EndOfZoe
FALSE,,,NumaItem010,TRUE,1,-1,-1,Madhouse,9,39fe82b8-8886-40dd-b24b-3fa46ad14d2e,6a4e15c9-5ef0-43be-9385-f473cdd15397,-201.0919,-1.545919,38.02577,0.3382217,-0.4638009,0.6407628,0.5098213,sm2776_MaterialG01A_Get,natives/stm/ch9/leveldesign/itemset/chapter9/church/hard.scn.20,Props/sm2776_MaterialG01A/sm2776_MaterialG01A.mesh,Props/sm2776_MaterialG01A/sm2776_MaterialG01A.mdf2,EndOfZoe
FALSE,,,NumaItem010,TRUE,1,-1,-1,Madhouse,9,9f6c0a34-6b31-4d45-aeaf-9bb9bdfeba34,22367dca-afdf-0c3d-3da8-a6a754504139,-201.8026,-1.211986,39.6525,0.2742163,0.006670054,0.5795664,0.7673746,sm2776_MaterialG01A_Get,natives/stm/ch9/leveldesign/itemset/chapter9/church/hard.scn.20,Props/sm2776_MaterialG01A/sm2776_MaterialG01A.mesh,Props/sm2776_MaterialG01A/sm2776_MaterialG01A.mdf2,EndOfZoe
FALSE,,,NumaItem010,TRUE,1,-1,-1,Madhouse,9,e919fe02-4b1f-4de0-ad2c-b040581a0213,544389fc-8ff1-0c98-3e2b-8d5eb1b4f91e,-30.07762,-4.199294,-380.0126,0,0,-0.3890027,0.9212366,sm2776_MaterialG01A_Get,natives/stm/ch9/leveldesign/itemset/chapter9/camparea_ground/hard.scn.20,Props/sm2776_MaterialG01A/sm2776_MaterialG01A.mesh,Props/sm2776_MaterialG01A/sm2776_MaterialG01A.mdf2,EndOfZoe
FALSE,,,NumaItem010,TRUE,1,-1,-1,Normal,9,99e43d36-9a8e-4133-aae2-cdeb041fb723,092a5fea-cf95-405a-b753-fd2ed32ff43f,-30.87056,-0.5630938,-334.4709,0.7462045,0.6053749,0.05646869,0.2711298,sm2776_MaterialG01A_Get,natives/stm/ch9/leveldesign/itemset/chapter9/steamboat/normal.scn.20,Props/sm2776_MaterialG01A/sm2776_MaterialG01A.mesh,Props/sm2776_MaterialG01A/sm2776_MaterialG01A.mdf2,EndOfZoe
FALSE,,,NumaItem010,TRUE,1,-1,-1,Normal,9,33677b53-b44d-4095-a838-07d3e73b0592,73c5b282-ec74-4934-9cd9-44ee1a2b4aa9,-29.98244,4.112221,-335.3604,-0.2062475,-0.4449208,-0.02929902,0.8710046,sm2776_MaterialG01A_Get,natives/stm/ch9/leveldesign/itemset/chapter9/steamboat/normal.scn.20,Props/sm2776_MaterialG01A/sm2776_MaterialG01A.mesh,Props/sm2776_MaterialG01A/sm2776_MaterialG01A.mdf2,EndOfZoe
FALSE,,,NumaItem010,TRUE,1,-1,-1,Normal,9,46487ffa-3e80-4cc8-84ba-62ff30f4afff,1b67cbaa-a78f-4501-9ce0-6b7a0680ced2,-21.0409,7.333384,-334.9645,0.025529,0.9348177,-0.1577269,-0.3171535,sm2776_MaterialG01A_Get,natives/stm/ch9/leveldesign/itemset/chapter9/steamboat/normal.scn.20,Props/sm2776_MaterialG01A/sm2776_MaterialG01A.mesh,Props/sm2776_MaterialG01A/sm2776_MaterialG01A.mdf2,EndOfZoe
FALSE,,,NumaItem010,TRUE,1,-1,-1,,9,dd71ec06-4393-4e52-a19f-21ec82025015,602b9bf8-877d-0f2a-3298-1cf26bacab18,0,0,0,0,0,0,1,sm2776_MaterialG01A_Get,natives/stm/ch9/scenes/chapter/c09_itemresources.scn.20,Props/sm2776_MaterialG01A/sm2776_MaterialG01A.mesh,Props/sm2776_MaterialG01A/sm2776_MaterialG01A.mdf2,EndOfZoe
FALSE,,,NumaItem010,TRUE,1,-1,-1,Normal,9,3e61b96d-baef-4dcd-a75a-ab25f74e9b80,c1e49fa6-5df9-4228-b20e-4ab54a9e69fe,-232.7088,-4.999924,-109.8773,0.04154589,0,0,0.9991366,sm2776_MaterialG01A_Get,natives/stm/ch9/leveldesign/itemset/chapter9/moldswamp/normal.scn.20,Props/sm2776_MaterialG01A/sm2776_MaterialG01A.mesh,Props/sm2776_MaterialG01A/sm2776_MaterialG01A.mdf2,EndOfZoe
FALSE,,,NumaItem010,TRUE,1,-1,-1,Madhouse,9,88d2ea1e-ca78-4aeb-b39b-0b6c0f196fc1,6be93150-aae1-4bc4-9f1f-86071cd4f5be,-30.38683,-0.6535168,-333.9174,0.3391551,0.6581774,-0.6051701,0.2924815,sm2776_MaterialG01A_Get,natives/stm/ch9/leveldesign/itemset/chapter9/steamboat/hard.scn.20,Props/sm2776_MaterialG01A/sm2776_MaterialG01A.mesh,Props/sm2776_MaterialG01A/sm2776_MaterialG01A.mdf2,EndOfZoe
FALSE,,,NumaItem010,TRUE,1,-1,-1,Normal,9,409304a2-043c-493a-b5ac-3d8c33b7fff9,68c24d61-7bc0-4665-8715-1952ea61f89e,-222.8794,-4.702132,-2.781312,-0.1029543,0.7242277,0.6802865,0.04587968,sm2776_MaterialG01A_Get,natives/stm/ch9/leveldesign/itemset/chapter9/climbinghut/normal.scn.20,Props/sm2776_MaterialG01A/sm2776_MaterialG01A.mesh,Props/sm2776_MaterialG01A/sm2776_MaterialG01A.mdf2,EndOfZoe
FALSE,,,NumaItem010,TRUE,1,-1,-1,Normal,9,62d9573e-9079-45d7-b498-494cb4b14efa,dd22c735-5707-41a1-9332-10431aeb4b1e,-233.8131,-2.302956,21.00467,-0.6681567,0.7217382,0.09624549,-0.1529621,sm2776_MaterialG01A_Get,natives/stm/ch9/leveldesign/itemset/chapter9/climbinghut/normal.scn.20,Props/sm2776_MaterialG01A/sm2776_MaterialG01A.mesh,Props/sm2776_MaterialG01A/sm2776_MaterialG01A.mdf2,EndOfZoe
FALSE,,,NumaItem010,TRUE,1,-1,-1,Normal,9,1df2def2-2bfb-4bea-a5bb-cb3d6174f857,a0a8a90c-ef15-0a92-36bc-f62388da035a,-222.2808,-1.517479,-26.30482,-0.5020806,0.1045486,0.8319124,-0.2119114,sm2776_MaterialG01A_Get,natives/stm/ch9/leveldesign/itemset/chapter9/climbinghut/normal.scn.20,Props/sm2776_MaterialG01A/sm2776_MaterialG01A.mesh,Props/sm2776_MaterialG01A/sm2776_MaterialG01A.mdf2,EndOfZoe
FALSE,,,NumaItem010,TRUE,1,-1,-1,Madhouse,9,9d4a4c6f-17ff-448b-847f-d0d7de5223dc,20103b91-d311-05f3-1778-edc937fcd8d1,-83.52555,-2.391042,-337.3697,0.08248646,0.06667007,-0.6758388,0.7293785,sm2776_MaterialG01A_Get,natives/stm/ch9/leveldesign/itemset/chapter9/camparea/hard.scn.20,Props/sm2776_MaterialG01A/sm2776_MaterialG01A.mesh,Props/sm2776_MaterialG01A/sm2776_MaterialG01A.mdf2,EndOfZoe
FALSE,,,NumaItem013,TRUE,1,-1,-1,,9,05a01b54-6c4b-40bd-ba69-43c7af42687c,979b565a-75ba-00be-0573-5c4f545b09ce,-5.868318,-3.350968,106.8967,0,0,0,1,sm1852_CH9AntisepticSolutionMedium_Get,natives/stm/ch9/leveldesign/itemset/chapter9/bakerroad/bakerroad.scn.20,Props/sm1852_AntisepticSolutionMedium/sm1852_AntisepticSolutionMedium.mesh,Props/sm1852_AntisepticSolutionMedium/sm1852_CH9AntisepticSolutionMedium.mdf2,EndOfZoe
FALSE,,,NumaItem013,TRUE,1,-1,-1,,9,153a58f3-0510-48a8-8328-76fc26387c2f,5fbc313c-99e2-4a83-a3dd-8e97f3e9df33,2.657203,0.9810691,1.970924,0,0,0,1,sm1852_CH9AntisepticSolutionMedium_Get,natives/stm/ch9/leveldesign/itemset/chapter9/mainhouse/mainhouse.scn.20,Props/sm1852_AntisepticSolutionMedium/sm1852_AntisepticSolutionMedium.mesh,Props/sm1852_AntisepticSolutionMedium/sm1852_CH9AntisepticSolutionMedium.mdf2,EndOfZoe
FALSE,,,NumaItem013,TRUE,1,-1,-1,,9,4f6d7d8b-21ea-4969-847f-0693fee9370b,dd563085-381b-096a-3b65-191b05f056b9,-3.389443,0.9810672,10.21668,0,0.9657437,0,0.259498,sm1852_CH9AntisepticSolutionMedium_Get,natives/stm/ch9/leveldesign/itemset/chapter9/mainhouse/mainhouse.scn.20,Props/sm1852_AntisepticSolutionMedium/sm1852_AntisepticSolutionMedium.mesh,Props/sm1852_AntisepticSolutionMedium/sm1852_CH9AntisepticSolutionMedium.mdf2,EndOfZoe
FALSE,,,NumaItem013,TRUE,1,-1,-1,,9,4bbb99ba-4bd5-492f-9158-67759f008206,d980d4b4-5224-092c-2e42-78fd6419e3b4,14.75026,-0.7209486,24.59472,0,0,0,1,sm1852_CH9AntisepticSolutionMedium_Get,natives/stm/ch9/leveldesign/itemset/chapter9/gardenarea/gardenarea.scn.20,Props/sm1852_AntisepticSolutionMedium/sm1852_AntisepticSolutionMedium.mesh,Props/sm1852_AntisepticSolutionMedium/sm1852_CH9AntisepticSolutionMedium.mdf2,EndOfZoe
FALSE,,,NumaItem013,TRUE,1,-1,-1,Normal,9,2cd9c1de-b8b2-4bc1-8c14-f6528b950346,1e43e5c1-8fc2-4b74-a08d-2fa851e41eb1,-41.67345,-3.677161,-339.0534,0.05428746,0.7380645,-0.01598976,0.6723526,sm1852_CH9AntisepticSolutionMedium_Get,natives/stm/ch9/leveldesign/itemset/chapter9/steamboat/normal.scn.20,Props/sm1852_AntisepticSolutionMedium/sm1852_AntisepticSolutionMedium.mesh,Props/sm1852_AntisepticSolutionMedium/sm1852_CH9AntisepticSolutionMedium.mdf2,EndOfZoe
FALSE,,,NumaItem013,TRUE,1,-1,-1,Normal,9,03361e6f-ce72-4140-8909-11e667962028,5ed7abfc-a3b2-41b7-98a3-a860c9373042,-33.30544,-3.200707,-336.949,0.06305811,-0.1917364,0.04501195,0.9783837,sm1852_CH9AntisepticSolutionMedium_Get,natives/stm/ch9/leveldesign/itemset/chapter9/steamboat/normal.scn.20,Props/sm1852_AntisepticSolutionMedium/sm1852_AntisepticSolutionMedium.mesh,Props/sm1852_AntisepticSolutionMedium/sm1852_CH9AntisepticSolutionMedium.mdf2,EndOfZoe
FALSE,,,NumaItem013,TRUE,1,-1,-1,Normal,9,6d655a6a-dfae-4c1e-bd87-f1a3c3d1381d,678a37de-f037-4d99-b887-20f000e10289,-40.20896,1.855524,-332.9134,-0.2390569,0.5864823,0.6654712,0.3950169,sm1852_CH9AntisepticSolutionMedium_Get,natives/stm/ch9/leveldesign/itemset/chapter9/steamboat/normal.scn.20,Props/sm1852_AntisepticSolutionMedium/sm1852_AntisepticSolutionMedium.mesh,Props/sm1852_AntisepticSolutionMedium/sm1852_CH9AntisepticSolutionMedium.mdf2,EndOfZoe
FALSE,,,NumaItem013,TRUE,1,-1,-1,Normal,9,eb9a6fe7-0f63-42b8-91db-c17d17120cf3,d5f1935a-7eaa-41bd-932b-f9ed906cb4f5,-35.49299,11.36261,-337.5645,0,0,0,1,sm1852_CH9AntisepticSolutionMedium_Get,natives/stm/ch9/leveldesign/itemset/chapter9/steamboat/normal.scn.20,Props/sm1852_AntisepticSolutionMedium/sm1852_AntisepticSolutionMedium.mesh,Props/sm1852_AntisepticSolutionMedium/sm1852_CH9AntisepticSolutionMedium.mdf2,EndOfZoe
FALSE,,,NumaItem013,TRUE,1,-1,-1,,9,7eccda29-ef35-4d64-85e3-6ee29a6b8d0b,21424cea-8345-46ae-8f03-62b96778b6d7,0,0,0,0,0,0,1,sm1852_CH9AntisepticSolutionMedium_Get,natives/stm/ch9/scenes/chapter/c09_itemresources.scn.20,Props/sm1852_AntisepticSolutionMedium/sm1852_AntisepticSolutionMedium.mesh,Props/sm1852_AntisepticSolutionMedium/sm1852_CH9AntisepticSolutionMedium.mdf2,EndOfZoe
FALSE,,,NumaItem013,TRUE,1,-1,-1,Madhouse,9,0ed08413-76bb-42b8-b682-4c4700fe0ff3,9cebc91d-6f4a-02bb-0998-53cffbe76e41,-85.46677,-2.018839,-350.3089,0,0,0,1,sm1852_CH9AntisepticSolutionMedium_Get,natives/stm/ch9/leveldesign/itemset/chapter9/camparea/hard.scn.20,Props/sm1852_AntisepticSolutionMedium/sm1852_AntisepticSolutionMedium.mesh,Props/sm1852_AntisepticSolutionMedium/sm1852_CH9AntisepticSolutionMedium.mdf2,EndOfZoe
FALSE,,,NumaItem030,TRUE,1,-1,-1,,9,a31b0b2d-ed10-07cc-1384-cdd97d58f408,5bb81c8d-3f16-4882-8819-2e236ff09e00,0,0,0,0,0,0,1,sm2862_SerumTypeE01A_Get2,natives/stm/ch9/scenes/chapter/c09_1_levelprop.scn.20,Props/sm2862_SerumTypeE01A/sm2862_SerumTypeE01A.mesh,Props/sm2862_SerumTypeE01A/sm2862_SerumTypeE01A.mdf2,EndOfZoe
FALSE,,,NumaItem031,TRUE,1,-1,-1,,9,1cd49220-8708-4e37-be21-2074c69cd819,76cc9cb5-6b67-4666-8898-f2d59d1bdc46,0.2,0.8,0,0,0,0,1,sm2862_SerumTypeE01A_Get,natives/stm/ch9/environment/scene/chapter9/c09_steamboat1fasset01.scn.20,Props/sm2862_SerumTypeE01A/sm2862_SerumTypeE01A.mesh,Props/sm2862_SerumTypeE01A/sm2862_SerumTypeE01A.mdf2,EndOfZoe
FALSE,,,LiquidBomb,TRUE,1,-1,-1,Madhouse,4,6413212f-8d95-4dc1-8077-90bd7ed6768c,594bcc25-011f-0801-3859-57aa27936ab4,-23.9779,-40.55664,-183.1162,0.7071068,0,0,0.7071068,wp1270_Liquidbomb_Get,natives/stm/leveldesign/itemset/chapter4/saltdomeb2f/hard.scn.20,Weapon/wp1270_Liquidbomb/wp1270_Liquidbomb.mesh,Weapon/wp1270_Liquidbomb/wp1270.mdf2,
FALSE,,,LiquidBomb,TRUE,1,-1,-1,Normal,4,03ed4c90-b901-4682-9122-86d0ac85ca14,886b41fd-3d85-4162-a6b5-acf8d3f04c2b,66.80187,35.73818,32.79239,0.1981624,0.3895609,0.1889736,0.8793537,wp1270_Liquidbomb_Get,natives/stm/leveldesign/itemset/chapter4/ship4f/normal.scn.20,Weapon/wp1270_Liquidbomb/wp1270_Liquidbomb.mesh,Weapon/wp1270_Liquidbomb/wp1270.mdf2,
FALSE,,,LiquidBomb,TRUE,1,-1,-1,Normal,4,cfbc1a75-4cc8-4cee-9faa-89b1f42327cb,6b75b9d5-627f-4d1c-aa42-b6fade878f34,85.72836,32.39193,24.14312,0.02279302,0.4342875,-0.0516387,0.8990041,wp1270_Liquidbomb_Get,natives/stm/leveldesign/itemset/chapter4/ship4f/normal.scn.20,Weapon/wp1270_Liquidbomb/wp1270_Liquidbomb.mesh,Weapon/wp1270_Liquidbomb/wp1270.mdf2,
FALSE,,,LiquidBomb,TRUE,1,-1,-1,Normal,4,64ef9c82-9696-40d7-ab57-f4618f5c260a,0049b42c-200f-42c3-be21-7da20b04d4c6,98.2513,8.936952,1.354711,-0.01400644,-0.004650297,-0.04981335,0.9986495,wp1270_Liquidbomb_Get,natives/stm/leveldesign/itemset/chapter4/shipbf/normal.scn.20,Weapon/wp1270_Liquidbomb/wp1270_Liquidbomb.mesh,Weapon/wp1270_Liquidbomb/wp1270.mdf2,
FALSE,,,LiquidBomb,TRUE,1,-1,-1,Normal,4,91b09598-a99a-4eac-898f-c27ad4b10fc6,ea85f89c-0fc0-46dd-980b-00ff7f4d59b6,104.7376,8.971598,1.611243,-0.01421771,-0.003957522,-0.0007584407,0.9998914,wp1270_Liquidbomb_Get,natives/stm/leveldesign/itemset/chapter4/shipbf/normal.scn.20,Weapon/wp1270_Liquidbomb/wp1270_Liquidbomb.mesh,Weapon/wp1270_Liquidbomb/wp1270.mdf2,
FALSE,,,LiquidBomb,TRUE,1,-1,-1,Normal,4,894ecb68-6c4d-4016-b042-746341839fc2,d37545dc-2603-4fd1-980f-07c6753bba9c,93.35604,8.395031,9.685273,0.1471125,0.7592965,-0.6017551,-0.1992927,wp1270_Liquidbomb_Get,natives/stm/leveldesign/itemset/chapter4/shipbf/normal.scn.20,Weapon/wp1270_Liquidbomb/wp1270_Liquidbomb.mesh,Weapon/wp1270_Liquidbomb/wp1270.mdf2,
FALSE,,,LiquidBomb,TRUE,1,-1,-1,Normal,4,db966eb1-f1d9-4d48-a834-adae2193e286,a4b3073a-c689-49fe-a65f-17f005485179,105.362,8.650993,1.415763,0.02950985,0.7601016,0.6164747,0.2033067,wp1270_Liquidbomb_Get,natives/stm/leveldesign/itemset/chapter4/shipbf/normal.scn.20,Weapon/wp1270_Liquidbomb/wp1270_Liquidbomb.mesh,Weapon/wp1270_Liquidbomb/wp1270.mdf2,
FALSE,,,LiquidBomb,TRUE,1,-1,-1,Madhouse,4,82234144-5aa8-4a7e-a9a7-1b8d1067c1a3,bf7bac4e-d622-0fbe-1189-dc9a4922dd9b,80.63088,22.58436,27.37352,-0.2711292,-0.652665,0.6536217,-0.2707323,wp1270_Liquidbomb_Get,natives/stm/leveldesign/itemset/chapter4/ship1f/hard.scn.20,Weapon/wp1270_Liquidbomb/wp1270_Liquidbomb.mesh,Weapon/wp1270_Liquidbomb/wp1270.mdf2,
FALSE,,,LiquidBomb,TRUE,1,-1,-1,Madhouse,4,1143d314-fde6-42d2-815f-a1068cd95585,2c1b3e1e-716c-0712-3971-6611d59c49bd,80.42262,22.51373,27.31015,0,0,0,1,wp1270_Liquidbomb_Get,natives/stm/leveldesign/itemset/chapter4/ship1f/hard.scn.20,Weapon/wp1270_Liquidbomb/wp1270_Liquidbomb.mesh,Weapon/wp1270_Liquidbomb/wp1270.mdf2,
FALSE,,,Quill,TRUE,1,-1,-1,,7,d78e1ba2-c314-4fcc-bda9-ddc8cf50dea7,9814cfed-3ec9-4282-b986-ba1ff74d2da2,0,0,-0.1,0,0,0,1,sm1762_Quillpen_Get,natives/stm/scenes/birthday/stage2/copyasset/c03_leftarea1fpuzzleroom1/c03_leftarea1fpuzzleroom1.scn.20,Props/sm1762_Quillpen/sm1762_Quillpen.mesh,Props/sm1762_Quillpen/sm1762_Quillpen_IDS.mdf2,Jacks55thBirthday
FALSE,,,RedBlaster,TRUE,1,-1,-1,,7,1d12ea4f-1641-41b2-b178-72ddde4b07dd,fa69e50c-3987-43e0-8681-0368402d5281,89.78133,3.08042,-6.150467,0,0,0,1,wp1382_RedBlaster_Get,natives/stm/scenes/birthday/stage2/stage2_setb.scn.20,Weapon/wp1382_RedBlaster/wp1382_RedBlaster.mesh,Weapon/wp1382_RedBlaster/wp1382.mdf2,Jacks55thBirthday
FALSE,,,RedBlaster,TRUE,1,-1,-1,,7,e97af351-c363-4f49-8070-f1049bb8ed9e,0a9163b0-711c-05c1-31ad-034bb7a6cc02,-19.78818,-3.373357,21.31498,4.47E-08,3.55E-15,-1.59E-22,1,wp1382_RedBlaster_Get,natives/stm/scenes/birthday/stage3/stage3_seta.scn.20,Weapon/wp1382_RedBlaster/wp1382_RedBlaster.mesh,Weapon/wp1382_RedBlaster/wp1382.mdf2,Jacks55thBirthday
FALSE,,,RedBlaster,TRUE,1,-1,-1,,7,60b75bb1-dd6f-4868-b0ea-e31b89ea55e1,835ccb50-6f10-02e0-0137-1154a5f4747d,-2.074703,-4.022246,11.94447,0.232521,-0.6677829,0.2325209,0.6677829,wp1382_RedBlaster_Get,natives/stm/scenes/birthday/stage3/stage3_setb.scn.20,Weapon/wp1382_RedBlaster/wp1382_RedBlaster.mesh,Weapon/wp1382_RedBlaster/wp1382.mdf2,Jacks55thBirthday
FALSE,,,RemedyAmpoulesL,TRUE,1,-1,-1,,8,713b1a1b-5dc4-4f72-94c0-0f78312b709f,5ebe3f40-4de1-4b57-9be3-750b09386a50,0,0,0,0,0,0,1,sm9500_RemedyAmpoulesL_Get,natives/stm/ch8/scenes/residentweapons.scn.20,CH8/Props/sm1928_Depressant/sm1928_Depressant.mesh,CH8/Props/sm1928_Depressant/sm1928_Depressant.mdf2,NotAHero
FALSE,,,RemedyAmpoulesL,TRUE,1,-1,-1,,8,6d2717f8-216e-4be9-a98e-15d0de5ef342,5192e170-5d8e-0df8-1395-7b9cf8d2eeae,0,0,0,0,0,0,1,sm9500_RemedyAmpoulesL_Item,natives/stm/ch8/scenes/residentweapons.scn.20,CH8/Props/sm1928_Depressant/sm1928_Depressant.mesh,CH8/Props/sm1928_Depressant/sm1928_Depressant.mdf2,NotAHero
FALSE,,,RemedyAmpoulesL,TRUE,1,-1,-1,Normal,8,3466a7ef-aafc-4123-80a3-3da0e83a75f2,ad9f3e0f-df14-4eb2-903c-1cf654e61808,100.9665,-72.56809,-87.25489,0,0.4497918,0,0.8931335,sm9500_RemedyAmpoulesL_Get,natives/stm/ch8/leveldesign/itemset/chapter8/c08_bossroom01/normal.scn.20,CH8/Props/sm1928_Depressant/sm1928_Depressant.mesh,CH8/Props/sm1928_Depressant/sm1928_Depressant.mdf2,NotAHero
FALSE,,,RemedyAmpoulesL,TRUE,1,-1,-1,Normal,8,aacb3174-1e17-4efa-95ab-d228105a2efe,35be92d0-f7fc-4b86-9cf1-f135e3653717,100.9589,-72.56809,-87.3275,0,0.4497918,0,0.8931335,sm9500_RemedyAmpoulesL_Get,natives/stm/ch8/leveldesign/itemset/chapter8/c08_bossroom01/normal.scn.20,CH8/Props/sm1928_Depressant/sm1928_Depressant.mesh,CH8/Props/sm1928_Depressant/sm1928_Depressant.mdf2,NotAHero
FALSE,,,RemedyAmpoulesL,TRUE,1,-1,-1,,8,50accc63-d6bd-47ad-a1f5-7e9ab17b2726,7f29e938-c698-4388-aed6-04e989683de9,0,0,0,0,0,0,1,sm9500_RemedyAmpoulesL_Get,natives/stm/ch8/scenes/itemset_resident.scn.20,CH8/Props/sm1928_Depressant/sm1928_Depressant.mesh,CH8/Props/sm1928_Depressant/sm1928_Depressant.mdf2,NotAHero
FALSE,,,RemedyAmpoulesL,TRUE,1,-1,-1,Madhouse,8,f09121ce-6df5-4fc1-b138-59c6ab34e0f9,e67a7f03-4f50-4964-a634-b406a1f69390,101.3751,-72.6498,-85.93615,0,0.005797364,0,0.9999832,sm9500_RemedyAmpoulesL_Get,natives/stm/ch8/leveldesign/itemset/chapter8/c08_bossroom01/hard.scn.20,CH8/Props/sm1928_Depressant/sm1928_Depressant.mesh,CH8/Props/sm1928_Depressant/sm1928_Depressant.mdf2,NotAHero
FALSE,,,RemedyAmpoulesL,TRUE,1,-1,-1,Madhouse,8,6a10c86a-21ca-4053-9428-b4b51a0d6b93,c3b033f4-ff5f-4610-9bfb-736385bcf0a8,101.3159,-72.66131,-85.9372,0,0.1205829,0,0.9927033,sm9500_RemedyAmpoulesL_Get,natives/stm/ch8/leveldesign/itemset/chapter8/c08_bossroom01/hard.scn.20,CH8/Props/sm1928_Depressant/sm1928_Depressant.mesh,CH8/Props/sm1928_Depressant/sm1928_Depressant.mdf2,NotAHero
FALSE,,,RemedyAmpoulesM,TRUE,1,-1,-1,,8,74cf88f5-0fbb-41ba-9cfb-134fc8d05679,bf05da2a-25e8-0cf6-2987-251eda2cd242,0,0,0,0,0,0,1,sm9499_RemedyAmpoulesM_Get,natives/stm/ch8/scenes/residentweapons.scn.20,CH8/Props/sm1927_Stimulant/sm1927_Stimulant.mesh,CH8/Props/sm1927_Stimulant/sm1927_Stimulant.mdf2,NotAHero
FALSE,,,RemedyAmpoulesM,TRUE,1,-1,-1,,8,31a6a75b-bd5c-4ba4-8f00-56e592ea7475,cf572770-f262-0266-1980-08aac49ea3b3,0,0,0,0,0,0,1,sm9499_RemedyAmpoulesM_Item,natives/stm/ch8/scenes/residentweapons.scn.20,CH8/Props/sm1927_Stimulant/sm1927_Stimulant.mesh,CH8/Props/sm1927_Stimulant/sm1927_Stimulant.mdf2,NotAHero
FALSE,,,RemedyAmpoulesM,TRUE,1,-1,-1,Normal,8,0dbff6ca-8b22-421e-b287-6bd0da724b5b,c675a415-a171-0f52-07fb-5d81c88ecf60,130.0101,-75.65687,-207.1264,0,0.4645749,0,0.8855338,sm9499_RemedyAmpoulesM_Get,natives/stm/ch8/leveldesign/itemset/chapter8/c08_train03/normal.scn.20,CH8/Props/sm1927_Stimulant/sm1927_Stimulant.mesh,CH8/Props/sm1927_Stimulant/sm1927_Stimulant.mdf2,NotAHero
FALSE,,,RemedyAmpoulesM,TRUE,1,-1,-1,Normal,8,307a28ce-0bec-4dc4-a277-f3ae8bb4d552,fbb07a11-21bf-0088-170b-c5ff99485169,-86.06762,-91.47775,-219.802,0.02120221,-0.08437249,0.02022361,0.9960052,sm9499_RemedyAmpoulesM_Get,natives/stm/ch8/leveldesign/itemset/chapter8/c08_storagefuseroom01/normal.scn.20,CH8/Props/sm1927_Stimulant/sm1927_Stimulant.mesh,CH8/Props/sm1927_Stimulant/sm1927_Stimulant.mdf2,NotAHero
FALSE,,,RemedyAmpoulesM,TRUE,1,-1,-1,,8,f6ecd62b-70af-49c3-82d9-b247b4041856,3d2684f4-5afc-048f-37a5-8416a6f89c6d,0,0,0,0,0,0,1,sm9499_RemedyAmpoulesM_Get,natives/stm/ch8/scenes/itemset_resident.scn.20,CH8/Props/sm1927_Stimulant/sm1927_Stimulant.mesh,CH8/Props/sm1927_Stimulant/sm1927_Stimulant.mdf2,NotAHero
FALSE,,,RemedyAmpoulesM,TRUE,1,-1,-1,Madhouse,8,d5237b2e-4ae0-435b-afbb-fc0f94adea37,b9253e4b-74ec-4188-9ec1-cdb437ff6e85,124.6485,-72.73293,-117.7655,0,0,0,1,sm9499_RemedyAmpoulesM_Get,natives/stm/ch8/leveldesign/itemset/chapter8/c08_labo02/hard.scn.20,CH8/Props/sm1927_Stimulant/sm1927_Stimulant.mesh,CH8/Props/sm1927_Stimulant/sm1927_Stimulant.mdf2,NotAHero
FALSE,,,RemedyAmpoulesM,TRUE,1,-1,-1,Madhouse,8,e1005fcd-9253-4749-bcf3-4ce45929a0bf,2aca0d12-b800-0a05-098f-7ab54bd52484,124.7057,-72.72394,-117.7323,0,-0.268381,0,0.9633129,sm9499_RemedyAmpoulesM_Get,natives/stm/ch8/leveldesign/itemset/chapter8/c08_labo02/hard.scn.20,CH8/Props/sm1927_Stimulant/sm1927_Stimulant.mesh,CH8/Props/sm1927_Stimulant/sm1927_Stimulant.mdf2,NotAHero
FALSE,,,RemedyAmpoulesM,TRUE,1,-1,-1,Madhouse,8,138a3d0a-c841-4eb6-ad1d-878f51fb7534,d8406fd5-e212-03fa-1861-b1de4307f10f,48.09109,-75.48473,-177.3875,0,0,0,1,sm9499_RemedyAmpoulesM_Get,natives/stm/ch8/leveldesign/itemset/chapter8/c08_mine01/hard.scn.20,CH8/Props/sm1927_Stimulant/sm1927_Stimulant.mesh,CH8/Props/sm1927_Stimulant/sm1927_Stimulant.mdf2,NotAHero
FALSE,,,RemedyAmpoulesM,TRUE,1,-1,-1,Normal,8,97727c84-17c9-453a-b705-8dab10819282,9f2e3ca3-a353-4299-aa0c-d87ed8f6d8fa,106.5366,-75.5592,-218.3238,0,0.4645749,0,0.8855338,sm9499_RemedyAmpoulesM_Get,natives/stm/ch8/leveldesign/itemset/chapter8/c08_train02/normal.scn.20,CH8/Props/sm1927_Stimulant/sm1927_Stimulant.mesh,CH8/Props/sm1927_Stimulant/sm1927_Stimulant.mdf2,NotAHero
FALSE,,,RemedyAmpoulesM,TRUE,1,-1,-1,Madhouse,8,7691a0f9-f3d1-4817-96c2-5cc32b66b7fe,399fdd6a-0276-44a4-b50e-3b08f2d280f2,113.9376,-76.1398,-130.4176,0,-0.3866504,0,0.9222264,sm9499_RemedyAmpoulesM_Get,natives/stm/ch8/leveldesign/itemset/chapter8/c08_labo01/hard.scn.20,CH8/Props/sm1927_Stimulant/sm1927_Stimulant.mesh,CH8/Props/sm1927_Stimulant/sm1927_Stimulant.mdf2,NotAHero
FALSE,,,RemedyAmpoulesM,TRUE,1,-1,-1,Normal,8,69279e61-3e14-4fb9-ab5f-5bf5e1f2c3b9,fa4b8fb5-d3eb-4bc6-9e1c-cffa0e689448,-39.25974,-88.64389,-212.484,0.000447126,-0.3599457,-0.00789187,0.9329398,sm9499_RemedyAmpoulesM_Get,natives/stm/ch8/leveldesign/itemset/chapter8/c08_storage05/normal.scn.20,CH8/Props/sm1927_Stimulant/sm1927_Stimulant.mesh,CH8/Props/sm1927_Stimulant/sm1927_Stimulant.mdf2,NotAHero
FALSE,,,RemedyAmpoulesM,TRUE,1,-1,-1,Madhouse,8,75fe8ce9-f8e2-440d-a8dd-0e7308bc8c67,b4da3ede-4e0d-46bc-8fa4-872f67b5353f,28.68066,-68.20609,-106.5324,0,0,0,1,sm9499_RemedyAmpoulesM_Get,natives/stm/ch8/leveldesign/itemset/chapter8/c08_miningdome01/hard.scn.20,CH8/Props/sm1927_Stimulant/sm1927_Stimulant.mesh,CH8/Props/sm1927_Stimulant/sm1927_Stimulant.mdf2,NotAHero
FALSE,,,RemedyAmpoulesM,TRUE,1,-1,-1,Madhouse,8,b8c75e99-7dc8-43d4-955b-d0ca1b91b28a,d62e39ec-bd88-41eb-85c5-9c75003e7a11,130.7563,-75.66235,-207.1059,-0.008705698,0.4645525,0.004567245,0.885491,sm9499_RemedyAmpoulesM_Get,natives/stm/ch8/leveldesign/itemset/chapter8/c08_train03/hard.scn.20,CH8/Props/sm1927_Stimulant/sm1927_Stimulant.mesh,CH8/Props/sm1927_Stimulant/sm1927_Stimulant.mdf2,NotAHero
FALSE,,,RemedyAmpoulesM,TRUE,1,-1,-1,Madhouse,8,8fd517dd-1c33-4972-b236-ecf164532413,f2303de0-df19-4515-8db4-f86932fa4c61,-86.06762,-91.47775,-219.802,0.02120221,-0.08437249,0.02022361,0.9960052,sm9499_RemedyAmpoulesM_Get,natives/stm/ch8/leveldesign/itemset/chapter8/c08_storagefuseroom01/hard.scn.20,CH8/Props/sm1927_Stimulant/sm1927_Stimulant.mesh,CH8/Props/sm1927_Stimulant/sm1927_Stimulant.mdf2,NotAHero
FALSE,,,RemedyAmpoulesM,TRUE,1,-1,-1,Normal,8,af09283f-ab76-4c82-9c17-06caa8d832a5,64c37ae0-8125-01ce-296b-309bba24b69e,28.68066,-68.20609,-106.5324,0,0,0,1,sm9499_RemedyAmpoulesM_Get,natives/stm/ch8/leveldesign/itemset/chapter8/c08_miningdome01/normal.scn.20,CH8/Props/sm1927_Stimulant/sm1927_Stimulant.mesh,CH8/Props/sm1927_Stimulant/sm1927_Stimulant.mdf2,NotAHero
FALSE,,,RemedyAmpoulesM,TRUE,1,-1,-1,Normal,8,3d96d30c-5303-4e1a-badd-61f3e383539f,f65c81d3-7950-0356-0fa1-57a2f17fd7a4,113.9376,-76.1398,-130.4176,0,-0.3866504,0,0.9222264,sm9499_RemedyAmpoulesM_Get,natives/stm/ch8/leveldesign/itemset/chapter8/c08_labo01/normal.scn.20,CH8/Props/sm1927_Stimulant/sm1927_Stimulant.mesh,CH8/Props/sm1927_Stimulant/sm1927_Stimulant.mdf2,NotAHero
FALSE,,,RemedyAmpoulesM,TRUE,1,-1,-1,Madhouse,8,b3161920-e7f5-4ad4-9cd9-852068d18233,319da839-1d7d-4e79-8eab-73db1ea8e738,-28.65531,-41.19979,-177.5239,0,-0.3299628,0,0.9439939,sm9499_RemedyAmpoulesM_Get,natives/stm/ch8/leveldesign/itemset/chapter8/c08_cavepassage05/hard.scn.20,CH8/Props/sm1927_Stimulant/sm1927_Stimulant.mesh,CH8/Props/sm1927_Stimulant/sm1927_Stimulant.mdf2,NotAHero
FALSE,,,RemedyAmpoulesM,TRUE,1,-1,-1,Normal,8,16696e07-6ed3-4cc0-9811-1e71ae1aca31,dda33cd8-4480-018c-2d6d-2820bce64e0a,-23.95592,-40.27544,-185.1948,0,-0.3299628,0,0.9439939,sm9499_RemedyAmpoulesM_Get,natives/stm/ch8/leveldesign/itemset/chapter8/c08_cavepassage05/normal.scn.20,CH8/Props/sm1927_Stimulant/sm1927_Stimulant.mesh,CH8/Props/sm1927_Stimulant/sm1927_Stimulant.mdf2,NotAHero
FALSE,,,RemedyAmpoulesM,TRUE,1,-1,-1,Madhouse,8,fc72e7c8-65ce-44bf-abb7-4b1a61d96f63,a46d811a-9af6-4d20-a051-f9bac0c01c1e,75.42633,-73.29362,-181.3468,0.04355143,0.311917,-0.01431443,0.9490027,sm9499_RemedyAmpoulesM_Get,natives/stm/ch8/leveldesign/itemset/chapter8/c08_shieldmachine_entra/hard.scn.20,CH8/Props/sm1927_Stimulant/sm1927_Stimulant.mesh,CH8/Props/sm1927_Stimulant/sm1927_Stimulant.mdf2,NotAHero
FALSE,,,RemedyAmpoulesM,TRUE,1,-1,-1,Normal,8,07ee10d6-e0b1-4649-af1c-43e1ea96a431,cc244209-cae2-0b05-1a60-75b0f86a200a,48.98495,-68.43552,-67.88503,0,-0.4759713,0,0.8794608,sm9499_RemedyAmpoulesM_Get,natives/stm/ch8/leveldesign/itemset/chapter8/c08_miningtunnel01/normal.scn.20,CH8/Props/sm1927_Stimulant/sm1927_Stimulant.mesh,CH8/Props/sm1927_Stimulant/sm1927_Stimulant.mdf2,NotAHero
FALSE,,,RemedyAmpoulesM,TRUE,1,-1,-1,Madhouse,8,754cb047-8f57-4eff-a935-14569a352537,af6e2926-910a-4fc7-8e8f-3a2c938a8003,-3.849838,-84.96907,-195.3828,0,-0.4349217,0,0.9004683,sm9499_RemedyAmpoulesM_Get,natives/stm/ch8/leveldesign/itemset/chapter8/c08_storage03/hard.scn.20,CH8/Props/sm1927_Stimulant/sm1927_Stimulant.mesh,CH8/Props/sm1927_Stimulant/sm1927_Stimulant.mdf2,NotAHero
FALSE,,,RemedyAmpoulesM,TRUE,1,-1,-1,,8,8cea93fd-a49d-4f6c-ac65-b2c89589a5ce,e8c1af66-2d97-4718-a258-c71abe890cf1,123.0121,-72.83711,-89.23164,0,-0.7894711,0,0.6137877,sm9499_RemedyAmpoulesM_Get,natives/stm/ch8/leveldesign/itemset/chapter8/c08_bossroom01/casual.scn.20,CH8/Props/sm1927_Stimulant/sm1927_Stimulant.mesh,CH8/Props/sm1927_Stimulant/sm1927_Stimulant.mdf2,NotAHero
FALSE,,,RemedyAmpoulesM,TRUE,1,-1,-1,,8,6fae7344-ea05-42a0-aba5-b95b74737b97,a464219b-c056-0fec-1ed9-8f0a668fffac,122.894,-72.83629,-89.22453,0,0.5037395,0,0.8638556,sm9499_RemedyAmpoulesM_Get,natives/stm/ch8/leveldesign/itemset/chapter8/c08_bossroom01/casual.scn.20,CH8/Props/sm1927_Stimulant/sm1927_Stimulant.mesh,CH8/Props/sm1927_Stimulant/sm1927_Stimulant.mdf2,NotAHero
FALSE,,,RemedyAmpoulesM,TRUE,1,-1,-1,Madhouse,8,87fabdc6-b833-444a-a1e5-60df6ac212cf,316b1761-c960-4662-8df5-0c89ccd13678,48.98495,-68.43552,-67.88503,0,-0.4759713,0,0.8794608,sm9499_RemedyAmpoulesM_Get,natives/stm/ch8/leveldesign/itemset/chapter8/c08_miningtunnel01/hard.scn.20,CH8/Props/sm1927_Stimulant/sm1927_Stimulant.mesh,CH8/Props/sm1927_Stimulant/sm1927_Stimulant.mdf2,NotAHero
FALSE,,,RemedyAmpoulesM,TRUE,1,-1,-1,Madhouse,8,bb5fd153-6286-439f-be81-e8fb939a2b0b,71ca756c-5012-495b-a031-0783620ffb97,48.55141,-68.05816,-81.92228,0,0.7071068,0,0.7071068,sm9499_RemedyAmpoulesM_Get,natives/stm/ch8/leveldesign/itemset/chapter8/c08_miningtunnel01/hard.scn.20,CH8/Props/sm1927_Stimulant/sm1927_Stimulant.mesh,CH8/Props/sm1927_Stimulant/sm1927_Stimulant.mdf2,NotAHero
FALSE,,,RemedyAmpoulesM,TRUE,1,-1,-1,Normal,8,94375bbb-8184-4c34-a85f-e84f90bf4c63,46c86a9f-ab13-414f-8d2b-d51faed427d1,75.36145,-73.29588,-181.2685,0.0455816,0.675099,0.004893686,0.7363014,sm9499_RemedyAmpoulesM_Get,natives/stm/ch8/leveldesign/itemset/chapter8/c08_shieldmachine_entra/normal.scn.20,CH8/Props/sm1927_Stimulant/sm1927_Stimulant.mesh,CH8/Props/sm1927_Stimulant/sm1927_Stimulant.mdf2,NotAHero
FALSE,,,RemedyAmpoulesM,TRUE,1,-1,-1,Normal,8,2035c81a-c654-48f9-ab7f-4f49ce49b3cd,ebff9ac5-ec07-05b5-1e03-7918dcb537f6,75.42633,-73.29362,-181.3468,0.04355143,0.311917,-0.01431443,0.9490027,sm9499_RemedyAmpoulesM_Get,natives/stm/ch8/leveldesign/itemset/chapter8/c08_shieldmachine_entra/normal.scn.20,CH8/Props/sm1927_Stimulant/sm1927_Stimulant.mesh,CH8/Props/sm1927_Stimulant/sm1927_Stimulant.mdf2,NotAHero
FALSE,,,LiquidBomb,TRUE,1,-1,-1,Madhouse,4,83e358ff-17b2-440a-bf7c-73b5d264ff75,bebbb5f5-9b38-01ca-0752-b4a28b21e34d,54.85187,21.45016,29.389,0,0,0,1,wp1270_Liquidbomb_Get,natives/stm/leveldesign/itemset/chapter4/ship1f/hard.scn.20,Weapon/wp1270_Liquidbomb/wp1270_Liquidbomb.mesh,Weapon/wp1270_Liquidbomb/wp1270.mdf2,
FALSE,,,LiquidBomb,TRUE,1,-1,-1,,4,ab762fbe-df51-4129-a347-1c0c067b0204,af1a1e7b-5bee-4000-8e1a-8620c46b9741,0.2522583,1.188025,0.07807159,-2.33E-10,-4.66E-10,0.7071067,0.7071068,wp1270_Liquidbomb_Get,natives/stm/environment/scene/chapter4/c04_ship2fcorridorcpast.scn.20,Weapon/wp1270_Liquidbomb/wp1270_Liquidbomb.mesh,Weapon/wp1270_Liquidbomb/wp1270.mdf2,
FALSE,,,LiquidBomb,TRUE,1,-1,-1,,4,61c1aec4-6634-4bf7-a257-9ad4bce5e562,cb12de8f-3136-46dc-b054-912cd997e366,-0.1176453,1.116167,0,-1.16E-10,9.31E-10,0.2775546,0.9607099,wp1270_Liquidbomb_Get,natives/stm/environment/scene/chapter4/c04_ship2fcorridorcpast.scn.20,Weapon/wp1270_Liquidbomb/wp1270_Liquidbomb.mesh,Weapon/wp1270_Liquidbomb/wp1270.mdf2,
FALSE,,,LiquidBomb,TRUE,1,-1,-1,,4,296d68f6-93de-4d14-939b-4b49dbefaae2,143585fc-1f54-08d4-2bb5-8c5e82aab6da,0.009052277,1.188025,0.03533363,4.66E-10,0,-0.6869558,0.7266992,wp1270_Liquidbomb_Get,natives/stm/environment/scene/chapter4/c04_ship2fcabinapast.scn.20,Weapon/wp1270_Liquidbomb/wp1270_Liquidbomb.mesh,Weapon/wp1270_Liquidbomb/wp1270.mdf2,
FALSE,,,LiquidBomb,TRUE,1,-1,-1,,4,b758af84-ffd4-43dc-8ef5-5a2fddf956cf,8a00428e-735e-061c-36db-9d3884bc4af7,-0.2178078,1.116167,0,0,0,0,1,wp1270_Liquidbomb_Get,natives/stm/environment/scene/chapter4/c04_ship2fcabinapast.scn.20,Weapon/wp1270_Liquidbomb/wp1270_Liquidbomb.mesh,Weapon/wp1270_Liquidbomb/wp1270.mdf2,
FALSE,,,RemedyL,TRUE,1,-1,-1,,7,5d3fc5fd-4193-482a-837d-96bdaee90924,934be9f5-0678-04ce-0dab-67dd3f78e82b,15.33548,0,8.114552,0,0,0,1,sm1853_AntisepticSolutionStrong_Get,natives/stm/scenes/birthday/stage3/copyasset/c03_mainhouse1fldk/c03_mainhouse1fldk.scn.20,Props/sm1853_AntisepticSolutionStrong/sm1853_AntisepticSolutionStrong.mesh,Props/sm1853_AntisepticSolutionStrong/sm1853_AntisepticSolutionStrong.mdf2,Jacks55thBirthday
FALSE,,,RemedyM,TRUE,1,-1,-1,,7,eaccf90f-a165-43c4-b5d7-050a7e4dfc9c,2b236946-9b33-49f9-8a8c-eeb6fa46696a,18.18204,0.5806021,8.461574,0,0.9438591,0,0.3303483,sm1852_AntisepticSolutionMedium_Get,natives/stm/scenes/birthday/stage1/stage1_setb.scn.20,Props/sm1852_AntisepticSolutionMedium/sm1852_AntisepticSolutionMedium.mesh,Props/sm1852_AntisepticSolutionMedium/sm1852_AntisepticSolutionMedium.mdf2,Jacks55thBirthday
FALSE,,,RemedyM,TRUE,1,-1,-1,,7,9f178282-ffb9-4415-93bd-86f685dbdcaa,395cbad9-632c-477c-8701-3ed0113059ab,18.175,0.5806021,8.956679,0,0.9438591,0,0.3303483,sm1852_AntisepticSolutionMedium_Get,natives/stm/scenes/birthday/stage1/stage1_setb.scn.20,Props/sm1852_AntisepticSolutionMedium/sm1852_AntisepticSolutionMedium.mesh,Props/sm1852_AntisepticSolutionMedium/sm1852_AntisepticSolutionMedium.mdf2,Jacks55thBirthday
FALSE,,,RemedyM,TRUE,1,-1,-1,,7,8557fd11-e63c-4ceb-9d67-1869df45ec0a,6041329d-5899-499c-bead-ae1cb4124993,12.34081,7.313148,12.78285,0,0.9438591,0,0.3303483,sm1852_AntisepticSolutionMedium_Get,natives/stm/scenes/birthday/stage1/stage1_setb.scn.20,Props/sm1852_AntisepticSolutionMedium/sm1852_AntisepticSolutionMedium.mesh,Props/sm1852_AntisepticSolutionMedium/sm1852_AntisepticSolutionMedium.mdf2,Jacks55thBirthday
FALSE,,,RemedyM,TRUE,1,-1,-1,,7,e00171cd-ed2f-45d8-bb05-dd77b53a0dfe,59c890a7-4b0f-0d3d-2dbf-aace084b8ca2,1.826598,-5.908589,9.634562,0,-0.5199695,0,0.8541848,sm1852_AntisepticSolutionMedium_Get,natives/stm/scenes/birthday/stage1/stage1_setb.scn.20,Props/sm1852_AntisepticSolutionMedium/sm1852_AntisepticSolutionMedium.mesh,Props/sm1852_AntisepticSolutionMedium/sm1852_AntisepticSolutionMedium.mdf2,Jacks55thBirthday
FALSE,,,LiquidBomb,TRUE,1,-1,-1,Normal,4,01f1c23d-5ff9-4306-9a52-e82db526a676,fe013648-2347-4627-bb4c-70e0f5411e87,55.07552,26.34764,20.5141,0,0,0,1,wp1270_Liquidbomb_Get,natives/stm/leveldesign/itemset/chapter4/ship2f/normal.scn.20,Weapon/wp1270_Liquidbomb/wp1270_Liquidbomb.mesh,Weapon/wp1270_Liquidbomb/wp1270.mdf2,
FALSE,,,LiquidBomb,TRUE,1,-1,-1,Normal,4,a60a0616-8af5-4bac-8f45-dbb2d4a2ec75,5da39ed8-6439-4ad7-be84-dc8bcd0c98e8,57.8217,26.41558,21.37163,0.5611226,0.4388051,-0.4273618,0.5567346,wp1270_Liquidbomb_Get,natives/stm/leveldesign/itemset/chapter4/ship2f/normal.scn.20,Weapon/wp1270_Liquidbomb/wp1270_Liquidbomb.mesh,Weapon/wp1270_Liquidbomb/wp1270.mdf2,
FALSE,,,LiquidBomb,TRUE,1,-1,-1,Madhouse,4,36650333-bde0-444a-be9f-6f0c366e0a59,0b3dee39-316a-018a-06b1-a81b6f2b1661,106.8871,8.115559,1.943074,0,0,0,1,wp1270_Liquidbomb_Get,natives/stm/leveldesign/itemset/chapter4/shipbf/hard.scn.20,Weapon/wp1270_Liquidbomb/wp1270_Liquidbomb.mesh,Weapon/wp1270_Liquidbomb/wp1270.mdf2,
FALSE,,,LiquidBomb,TRUE,1,-1,-1,Madhouse,4,653a35db-7af7-47e8-a842-a3f9e9d627d7,5862d8d1-f67d-0228-106c-64eeb0933bef,87.26474,6.960433,-7.638132,-0.5843141,0.2495904,0.3325826,0.6969006,wp1270_Liquidbomb_Get,natives/stm/leveldesign/itemset/chapter4/shipbf/hard.scn.20,Weapon/wp1270_Liquidbomb/wp1270_Liquidbomb.mesh,Weapon/wp1270_Liquidbomb/wp1270.mdf2,
FALSE,,,LiquidBomb,TRUE,1,-1,-1,,4,1c981fe1-a2dd-44ed-8ae3-77620639412a,026175b7-f777-417f-a021-3c597dab7b18,67.47579,9.105041,12.78115,-0.1555559,-0.6702566,0.6788754,0.2562941,wp1270_Liquidbomb_Get,natives/stm/leveldesign/itemset/chapter4/shipbf/shipbf.scn.20,Weapon/wp1270_Liquidbomb/wp1270_Liquidbomb.mesh,Weapon/wp1270_Liquidbomb/wp1270.mdf2,
FALSE,,,LiquidBomb,TRUE,1,-1,-1,,4,46d27157-13f9-4f04-b5b3-e2575a88b6d0,ee5e2e4e-52bd-49d6-b10d-98364f66aced,67.76682,9.023163,12.62694,-0.01386322,-0.1795976,-0.00324499,0.9836372,wp1270_Liquidbomb_Get,natives/stm/leveldesign/itemset/chapter4/shipbf/shipbf.scn.20,Weapon/wp1270_Liquidbomb/wp1270_Liquidbomb.mesh,Weapon/wp1270_Liquidbomb/wp1270.mdf2,
FALSE,,,MachineGun,TRUE,1,-1,-1,,4,e15309d2-5d73-0b00-1be8-6dcd3f6fccbf,7063602a-882f-0b35-0dea-6e9c3b30ffd2,0.09506226,1.818844,0.07113647,0.3986108,0.6738419,0.5781394,-0.2297857,wp1160_MachineGun_Get,natives/stm/environment/scene/chapter4/c04_ship4fcabina.scn.20,Weapon/wp1160_MachineGun/wp1160_MachineGun.mesh,Weapon/wp1160_MachineGun/wp1160.mdf2,
FALSE,,,MachineGunBullet,TRUE,120,-1,-1,Normal,4,3f08322b-b40e-471c-a9ca-30054dd78280,ef6eaa9e-127a-096b-2fb1-7cf806a7c745,53.48123,0.847151,-43.05384,0,0.9945219,0,-0.1045284,wp1161_MachineGunBullet_Get,natives/stm/leveldesign/itemset/chapter4/shipoutside/normal.scn.20,Weapon/wp1161_MachineGunBullet/wp1161_MachineGunBullet.mesh,Weapon/wp1161_MachineGunBullet/wp1161.mdf2,
FALSE,,,RemedyM,TRUE,1,-1,-1,,7,d29515f5-8ac3-40ed-9aee-c2de6e34b706,6b5cf49f-2ce3-0808-0c54-b567d345365a,18.36962,7.301926,17.11446,0,0,0,1,sm1852_AntisepticSolutionMedium_Get,natives/stm/scenes/birthday/stage1/stage1_seta.scn.20,Props/sm1852_AntisepticSolutionMedium/sm1852_AntisepticSolutionMedium.mesh,Props/sm1852_AntisepticSolutionMedium/sm1852_AntisepticSolutionMedium.mdf2,Jacks55thBirthday
FALSE,,,MachineGunBullet,TRUE,60,-1,-1,Madhouse,4,07b6c217-d875-4f8a-89eb-38a933214c13,d7d05aa2-7e01-01fd-0f90-7454785109d6,51.52719,1.178084,-76.14874,0,0,0,1,wp1161_MachineGunBullet_Get,natives/stm/leveldesign/itemset/chapter4/saltdomeb1f/hard.scn.20,Weapon/wp1161_MachineGunBullet/wp1161_MachineGunBullet.mesh,Weapon/wp1161_MachineGunBullet/wp1161.mdf2,
FALSE,,,MachineGunBullet,TRUE,40,-1,-1,Normal,4,7d20bf5a-f0c7-46a4-a9cb-3708865dd8ff,e1c3f25e-a7b3-4ccd-95f5-4851f50ddd85,62.78243,30.2,19.08536,0,-0.4386021,0,0.8986814,wp1161_MachineGunBullet_Get,natives/stm/leveldesign/itemset/chapter4/ship3f/normal.scn.20,Weapon/wp1161_MachineGunBullet/wp1161_MachineGunBullet.mesh,Weapon/wp1161_MachineGunBullet/wp1161.mdf2,
FALSE,,,MachineGunBullet,TRUE,60,-1,-1,,4,043f94c1-8b75-4871-97b4-cb3f58b52bf0,d4590c74-2d01-0606-11cf-87c213c56e35,105.3773,8.982403,1.42973,0,-0.3129437,0,0.9497717,wp1161_MachineGunBullet_Get,natives/stm/leveldesign/itemset/ff050/bf/bf.scn.20,Weapon/wp1161_MachineGunBullet/wp1161_MachineGunBullet.mesh,Weapon/wp1161_MachineGunBullet/wp1161.mdf2,
FALSE,,,MachineGunBullet,TRUE,40,-1,-1,,4,8a0dceb5-e2bc-465c-8753-1707063af479,a453e95c-1232-4d2d-bb05-7da9ee070279,94.40299,8.557289,1.209722,0,0.5925308,0,0.8055478,wp1161_MachineGunBullet_Get,natives/stm/leveldesign/itemset/ff050/bf/bf.scn.20,Weapon/wp1161_MachineGunBullet/wp1161_MachineGunBullet.mesh,Weapon/wp1161_MachineGunBullet/wp1161.mdf2,
FALSE,,,MachineGunBullet,TRUE,40,-1,-1,,4,6e1c8de3-5401-43a4-b17a-beeb0fd43e4d,87e7e6f9-01d4-47cf-85e4-1d96284f2ecc,97.88408,8.944657,9.08426,-0.00236939,0.5925295,0.003048402,0.8055395,wp1161_MachineGunBullet_Get,natives/stm/leveldesign/itemset/ff050/bf/bf.scn.20,Weapon/wp1161_MachineGunBullet/wp1161_MachineGunBullet.mesh,Weapon/wp1161_MachineGunBullet/wp1161.mdf2,
FALSE,,,MachineGunBullet,TRUE,40,-1,-1,,4,431d5466-ed8e-47b3-be3b-0a38c8c1a2fe,4463106c-a762-46d3-956f-2a137adf5c9c,94.32798,7.899952,-8.088354,-0.00236939,0.5925295,0.003048402,0.8055395,wp1161_MachineGunBullet_Get,natives/stm/leveldesign/itemset/ff050/bf/bf.scn.20,Weapon/wp1161_MachineGunBullet/wp1161_MachineGunBullet.mesh,Weapon/wp1161_MachineGunBullet/wp1161.mdf2,
FALSE,,,SafeBottle,TRUE,1,-1,-1,,7,c41b487f-e969-4a0a-82eb-c77732eca7b5,89f8df9d-d4e6-0f9a-13ae-191bd88dd10c,0,0,0,0,0,0,1,sm9477_Weaponbottle_Get,natives/stm/scenes/chapter/chapter7/chapter7_4/c07_4_soft.scn.20,Props/sm9477_Weaponbottle/sm9477_Weaponbottle.mesh,Props/sm9477_Weaponbottle/sm9477_Weaponbottle.mdf2,Daughters
FALSE,,,MachineGunBullet,TRUE,20,-1,-1,,4,d6bca868-078a-4303-b878-ea885e82eeb3,13a19aef-7280-4828-ad08-a6858667eff0,81.63136,25.92673,27.57782,-0.003698604,0.9652209,-0.001107737,-0.2614073,wp1161_MachineGunBullet_Get,natives/stm/leveldesign/itemset/ff050/2f/2f.scn.20,Weapon/wp1161_MachineGunBullet/wp1161_MachineGunBullet.mesh,Weapon/wp1161_MachineGunBullet/wp1161.mdf2,
FALSE,,,MachineGunBullet,TRUE,40,-1,-1,,4,7a1b1f73-1fa7-4ea3-950c-0f9b15485e4f,35d79350-3c49-4ce2-bb9c-3d21c600c834,65.06216,25.59361,31.50933,-5.19E-08,0.9617402,-5.19E-08,-0.2739632,wp1161_MachineGunBullet_Get,natives/stm/leveldesign/itemset/ff050/2f/2f.scn.20,Weapon/wp1161_MachineGunBullet/wp1161_MachineGunBullet.mesh,Weapon/wp1161_MachineGunBullet/wp1161.mdf2,
FALSE,,,SaveTape,TRUE,1,-1,-1,Madhouse,9,70160817-bfd2-43a8-97e0-2fa156feefbe,064daf9f-36c3-409c-82ec-fcc267c5b676,-236.7618,-3.258203,-127.5823,0,0,0,1,sm9281_CassetteTape02A_Get,natives/stm/ch9/leveldesign/itemset/chapter9/moldswamp/hard.scn.20,Props/sm9281_CassetteTape02A/sm9281_CassetteTape02A.mesh,Props/sm9281_CassetteTape02A/sm9281_CassetteTape02A.mdf2,EndOfZoe
FALSE,,,SaveTape,TRUE,1,-1,-1,Madhouse,9,3772c143-0693-4cc6-bea6-3f4e750852c6,a5404341-aed4-4c39-b497-49ccd9d64317,-236.8252,-3.264218,-127.7492,0,0.9074635,0,-0.4201309,sm9281_CassetteTape02A_Get,natives/stm/ch9/leveldesign/itemset/chapter9/moldswamp/hard.scn.20,Props/sm9281_CassetteTape02A/sm9281_CassetteTape02A.mesh,Props/sm9281_CassetteTape02A/sm9281_CassetteTape02A.mdf2,EndOfZoe
FALSE,,,SaveTape,TRUE,1,-1,-1,Madhouse,9,6805e79c-78f0-4340-9ca5-23e81a7c7d2a,d916ef50-b695-06d8-31c8-6f372dbddd64,-223.3899,-4.280224,-56.19276,-0.3256606,0,0,0.9454868,sm9281_CassetteTape02A_Get,natives/stm/ch9/leveldesign/itemset/chapter9/moldswamp/hard.scn.20,Props/sm9281_CassetteTape02A/sm9281_CassetteTape02A.mesh,Props/sm9281_CassetteTape02A/sm9281_CassetteTape02A.mdf2,EndOfZoe
FALSE,,,MachineGunBullet,TRUE,60,-1,-1,,4,fb4278bd-c075-417e-80db-bed19da46418,0d3d629e-66ec-48fd-821e-4231955e5c41,88.00757,26.25843,17.03639,-5.19E-08,0.9617402,-5.19E-08,-0.2739632,wp1161_MachineGunBullet_Get,natives/stm/leveldesign/itemset/ff050/2f/2f.scn.20,Weapon/wp1161_MachineGunBullet/wp1161_MachineGunBullet.mesh,Weapon/wp1161_MachineGunBullet/wp1161.mdf2,
FALSE,,,MachineGunBullet,TRUE,40,-1,-1,Normal,4,d0edaf40-8bd7-4d59-a186-4f557793a4a8,008b37f5-2da3-032e-27fd-03a83ce3e16d,74.37251,23.23484,25.55254,0,0,0,1,wp1161_MachineGunBullet_Get,natives/stm/leveldesign/itemset/chapter4/ship1f/normal.scn.20,Weapon/wp1161_MachineGunBullet/wp1161_MachineGunBullet.mesh,Weapon/wp1161_MachineGunBullet/wp1161.mdf2,
FALSE,,,MachineGunBullet,TRUE,50,-1,-1,Normal,4,5f1dcf86-4716-4f16-8405-1492ef1507b0,09eb2046-2fc8-4696-b0dc-6ad6b9fa0484,63.13448,21.89192,29.42779,0,-0.4386021,0,0.8986814,wp1161_MachineGunBullet_Get,natives/stm/leveldesign/itemset/chapter4/ship1f/normal.scn.20,Weapon/wp1161_MachineGunBullet/wp1161_MachineGunBullet.mesh,Weapon/wp1161_MachineGunBullet/wp1161.mdf2,
FALSE,,,MachineGunBullet,TRUE,60,-1,-1,Madhouse,4,a09e3a18-541f-4a38-8937-0833b5fe75aa,70f8a2ad-f26b-044f-0f4c-44cefe8e306f,60.58498,26.3719,27.23003,0,-0.3629588,0,0.9318052,wp1161_MachineGunBullet_Get,natives/stm/leveldesign/itemset/chapter4/ship2f/hard.scn.20,Weapon/wp1161_MachineGunBullet/wp1161_MachineGunBullet.mesh,Weapon/wp1161_MachineGunBullet/wp1161.mdf2,
FALSE,,,MachineGunBullet,TRUE,30,-1,-1,Madhouse,4,b9df8f1f-37d0-40e5-955a-485cc315ce44,69b917aa-91a4-0e92-1321-04a188658b81,74.08157,26.37762,26.38754,0,0.3712313,0,0.9285404,wp1161_MachineGunBullet_Get,natives/stm/leveldesign/itemset/chapter4/ship2f/hard.scn.20,Weapon/wp1161_MachineGunBullet/wp1161_MachineGunBullet.mesh,Weapon/wp1161_MachineGunBullet/wp1161.mdf2,
FALSE,,,MachineGunBullet,TRUE,60,-1,-1,Madhouse,4,3ed70586-5b64-4e42-aa78-75bc8888e58c,eeb19d33-fd10-0035-2c03-3941c3f8a049,59.93615,35.51225,21.63733,0.05988592,0.2615191,-0.01625965,0.9632015,wp1161_MachineGunBullet_Get,natives/stm/leveldesign/itemset/chapter4/ship4f/hard.scn.20,Weapon/wp1161_MachineGunBullet/wp1161_MachineGunBullet.mesh,Weapon/wp1161_MachineGunBullet/wp1161.mdf2,
FALSE,,,MachineGunBullet,TRUE,40,-1,-1,Madhouse,4,12b5b5a4-1f35-4712-9b0b-69df3021b1af,c2d32d11-b941-0965-1d70-25227b51f46a,59.76323,35.49956,21.55936,0,-0.3472718,0,0.9377645,wp1161_MachineGunBullet_Get,natives/stm/leveldesign/itemset/chapter4/ship4f/hard.scn.20,Weapon/wp1161_MachineGunBullet/wp1161_MachineGunBullet.mesh,Weapon/wp1161_MachineGunBullet/wp1161.mdf2,
FALSE,,,SaveTape,TRUE,1,-1,-1,Madhouse,9,32cf762b-e324-47f7-8021-4f8fde28205a,d20b6e3d-037b-46f5-84b3-c8057a431902,-33.50594,-1.926937,-383.3106,0,0,0,1,sm9281_CassetteTape02A_Get,natives/stm/ch9/leveldesign/itemset/chapter9/camparea_ground/hard.scn.20,Props/sm9281_CassetteTape02A/sm9281_CassetteTape02A.mesh,Props/sm9281_CassetteTape02A/sm9281_CassetteTape02A.mdf2,EndOfZoe
FALSE,,,SaveTape,TRUE,1,-1,-1,Madhouse,9,bd7c3c3b-7d92-4ea5-806f-ef156cc6533c,9aa7e7a3-7819-46b7-85e8-5cfac8ffe636,-1.134139,-2.071784,97.31779,0,0.4588827,0,0.8884969,sm9281_CassetteTape02A_Get,natives/stm/ch9/leveldesign/itemset/chapter9/oldhouse/hard.scn.20,Props/sm9281_CassetteTape02A/sm9281_CassetteTape02A.mesh,Props/sm9281_CassetteTape02A/sm9281_CassetteTape02A.mdf2,EndOfZoe
FALSE,,,SaveTape,TRUE,1,-1,-1,Madhouse,9,ce398bc9-2b8b-4707-b9d6-911a05bad9e2,7f2a8305-e5ee-029f-14bb-ddc5327b79ac,-1.265403,-2.066397,97.44534,0,0,0,1,sm9281_CassetteTape02A_Get,natives/stm/ch9/leveldesign/itemset/chapter9/oldhouse/hard.scn.20,Props/sm9281_CassetteTape02A/sm9281_CassetteTape02A.mesh,Props/sm9281_CassetteTape02A/sm9281_CassetteTape02A.mdf2,EndOfZoe
FALSE,,,MachineGunBullet,TRUE,70,-1,-1,Normal,4,aae19568-03a9-4798-9f9e-eab10b569a96,b6a64267-7237-47a5-8c87-a3f852caed50,93.6142,8.777781,-0.1953199,-8.61E-09,-0.04443631,7.36E-09,0.9990122,wp1161_MachineGunBullet_Get,natives/stm/leveldesign/itemset/chapter4/shipbf/normal.scn.20,Weapon/wp1161_MachineGunBullet/wp1161_MachineGunBullet.mesh,Weapon/wp1161_MachineGunBullet/wp1161.mdf2,
FALSE,,,MachineGunBullet,TRUE,70,-1,-1,Normal,4,eed685cb-f7df-440f-a163-c648da3ef484,4b28fd47-924b-47a2-99f6-8f9f0ce66a9c,72.70032,9.218888,15.31886,-4.97E-09,-0.438602,1.02E-08,0.8986814,wp1161_MachineGunBullet_Get,natives/stm/leveldesign/itemset/chapter4/shipbf/normal.scn.20,Weapon/wp1161_MachineGunBullet/wp1161_MachineGunBullet.mesh,Weapon/wp1161_MachineGunBullet/wp1161.mdf2,
FALSE,,,MachineGunBullet,TRUE,80,-1,-1,Normal,4,9aad3d3e-4aff-4286-89ac-2c8848dff3b7,f8920599-2a13-4500-addc-16a53616ba80,108.8533,9.005772,3.929312,-4.97E-09,-0.438602,1.02E-08,0.8986814,wp1161_MachineGunBullet_Get,natives/stm/leveldesign/itemset/chapter4/shipbf/normal.scn.20,Weapon/wp1161_MachineGunBullet/wp1161_MachineGunBullet.mesh,Weapon/wp1161_MachineGunBullet/wp1161.mdf2,
FALSE,,,MachineGunBullet,TRUE,120,-1,-1,Madhouse,4,68241dc5-58ad-409c-a6c5-725eca1bdd3e,b8428570-fed9-0eeb-20be-3ea3816b98fb,54.78949,22.64611,29.35246,0,-0.2886988,0,0.95742,wp1161_MachineGunBullet_Get,natives/stm/leveldesign/itemset/chapter4/ship1f/hard.scn.20,Weapon/wp1161_MachineGunBullet/wp1161_MachineGunBullet.mesh,Weapon/wp1161_MachineGunBullet/wp1161.mdf2,
FALSE,,,MachineGunBullet,TRUE,30,-1,-1,Madhouse,4,08e63b6c-89ee-4170-8481-edf36c5a9a0e,d880a3d9-2f9a-0f07-02fa-a10e272adfcb,54.93068,22.34498,22.6392,-0.05129859,0,0,0.9986833,wp1161_MachineGunBullet_Get,natives/stm/leveldesign/itemset/chapter4/ship1f/hard.scn.20,Weapon/wp1161_MachineGunBullet/wp1161_MachineGunBullet.mesh,Weapon/wp1161_MachineGunBullet/wp1161.mdf2,
FALSE,,,MachineGunBullet,TRUE,30,-1,-1,Madhouse,4,b68719a5-1cb8-45bb-b5af-47bd88531cd9,66e18110-bacc-0bcc-33d4-0b40c323591c,62.41519,30.19698,22.04319,0,0.2757903,0,0.9612178,wp1161_MachineGunBullet_Get,natives/stm/leveldesign/itemset/chapter4/ship3f/hard.scn.20,Weapon/wp1161_MachineGunBullet/wp1161_MachineGunBullet.mesh,Weapon/wp1161_MachineGunBullet/wp1161.mdf2,
FALSE,,,MachineGunBullet,TRUE,30,-1,-1,Madhouse,4,ff68ba46-e9bf-4814-a4f7-b6f38c2af19a,2f0e22f3-4fcb-0663-228c-fa0ec75ab45f,62.26053,29.42355,28.39047,0,-0.2150439,0,0.9766043,wp1161_MachineGunBullet_Get,natives/stm/leveldesign/itemset/chapter4/ship3f/hard.scn.20,Weapon/wp1161_MachineGunBullet/wp1161_MachineGunBullet.mesh,Weapon/wp1161_MachineGunBullet/wp1161.mdf2,
FALSE,,,MachineGunBullet,TRUE,40,-1,-1,Madhouse,4,68b4501a-85bf-4e87-806f-4f10bac116e4,b8d2c8af-23cb-00f0-0614-03edf1b15321,62.31307,29.42179,28.03788,0,0.4961198,0,0.8682541,wp1161_MachineGunBullet_Get,natives/stm/leveldesign/itemset/chapter4/ship3f/hard.scn.20,Weapon/wp1161_MachineGunBullet/wp1161_MachineGunBullet.mesh,Weapon/wp1161_MachineGunBullet/wp1161.mdf2,
FALSE,,,MachineGunBullet,TRUE,40,-1,-1,Normal,4,31954e14-1063-4f4a-9138-dc8247d2b7ff,971da68f-3bf7-456c-87ca-295235d88491,65.745,26.22547,23.0525,0,-0.4386021,0,0.8986814,wp1161_MachineGunBullet_Get,natives/stm/leveldesign/itemset/chapter4/ship2f/normal.scn.20,Weapon/wp1161_MachineGunBullet/wp1161_MachineGunBullet.mesh,Weapon/wp1161_MachineGunBullet/wp1161.mdf2,
FALSE,,,MachineGunBullet,TRUE,80,-1,-1,Madhouse,4,8a5ec6b6-4e4c-46b5-b60a-886a2807a0a8,5a385e03-e838-08c2-3071-c4976377e56d,108.8533,8.982663,3.929312,-4.97E-09,-0.438602,1.02E-08,0.8986814,wp1161_MachineGunBullet_Get,natives/stm/leveldesign/itemset/chapter4/shipbf/hard.scn.20,Weapon/wp1161_MachineGunBullet/wp1161_MachineGunBullet.mesh,Weapon/wp1161_MachineGunBullet/wp1161.mdf2,
FALSE,,,Magnum,TRUE,1,-1,-1,,4,59cba3ca-5e50-48e8-b1ed-c3801bb964d3,f360118a-d165-4d5a-af4c-99c36363ede3,0,0,0,0,0,0,1,wp1140_Magnum_Get,natives/stm/environment/scene/chapter4/c04_cottage.scn.20,Weapon/wp1140_Magnum/wp1140_Magnum.mesh,Weapon/wp1140_Magnum/wp1140.mdf2,
FALSE,,,MagnumBullet,TRUE,1,-1,-1,Normal,4,31c4952b-29ee-46b4-b01b-9fcf1cdcceca,fa46af0e-f60d-03fb-0c0c-c1da783c7c3e,44.42831,1.272802,-44.95599,0,0.9978306,0,-0.06583427,wp1141_MagnumBullet_Get,natives/stm/leveldesign/itemset/chapter4/shipoutside/normal.scn.20,Weapon/wp1141_MagnumBullet/wp1141_MagnumBullet.mesh,Weapon/wp1141_MagnumBullet/wp1141.mdf2,
FALSE,,,SaveTape,TRUE,1,-1,-1,,9,0259dbb0-ac54-4982-99a1-22e1b58b446d,0cc1d1ce-deb1-4c52-92f2-95ff5053222d,0,0,0,0,0,0,1,sm9281_CassetteTape02A_Get,natives/stm/ch9/scenes/chapter/c09_itemresources.scn.20,Props/sm9281_CassetteTape02A/sm9281_CassetteTape02A.mesh,Props/sm9281_CassetteTape02A/sm9281_CassetteTape02A.mdf2,EndOfZoe
FALSE,,,MagnumBullet,TRUE,8,-1,-1,Madhouse,4,00917726-0263-486b-ae62-99b2a4ace806,e8e0d493-ded0-4fc1-bb50-31e0b99637f9,0,0,0,0,0,0,0.9999999,wp1141_MagnumBullet_Get,natives/stm/leveldesign/itemset/chapter4/saltdomeb1f/hard.scn.20,Weapon/wp1141_MagnumBullet/wp1141_MagnumBullet.mesh,Weapon/wp1141_MagnumBullet/wp1141.mdf2,
FALSE,,,MagnumBullet,TRUE,2,-1,-1,Normal,4,66999b9e-cc96-4929-9c2c-0e1b666c0fea,4274d1bb-ede3-47d5-973f-771e562a135f,-10.73742,-41.20002,-188.8206,0,0,0,1,wp1141_MagnumBullet_Get,natives/stm/leveldesign/itemset/chapter4/saltdomeb1f/normal.scn.20,Weapon/wp1141_MagnumBullet/wp1141_MagnumBullet.mesh,Weapon/wp1141_MagnumBullet/wp1141.mdf2,
FALSE,,,MagnumBullet,TRUE,1,-1,-1,Normal,4,a8742451-a8af-4730-80bd-dd4c3f509e76,63f61e74-774c-027f-3caa-83595bb02c82,-14.98174,-42.54825,-132.115,-6.10E-08,0.8128785,-6.10E-08,0.5824332,wp1141_MagnumBullet_Get,natives/stm/leveldesign/itemset/chapter4/saltdomeb1f/normal.scn.20,Weapon/wp1141_MagnumBullet/wp1141_MagnumBullet.mesh,Weapon/wp1141_MagnumBullet/wp1141.mdf2,
FALSE,,,MagnumBullet,TRUE,2,-1,-1,Normal,4,26ea623a-fbc6-4a4a-b355-74f3f622eaab,6cc8da28-95c9-4fad-96e0-993776da01f0,-41.97774,-46.05877,-175.5432,0.03075633,0.8117443,-0.04292546,0.5816208,wp1141_MagnumBullet_Get,natives/stm/leveldesign/itemset/chapter4/saltdomeb2f/normal.scn.20,Weapon/wp1141_MagnumBullet/wp1141_MagnumBullet.mesh,Weapon/wp1141_MagnumBullet/wp1141.mdf2,
FALSE,,,MagnumBullet,TRUE,4,-1,-1,Madhouse,4,2d1ded3b-e1b2-4c01-bb44-afc118234b42,e69fd71e-3e51-094e-0753-f1d47cc3f9b6,-48.40523,-36.39977,-176.0009,0,0,0,1,wp1141_MagnumBullet_Get,natives/stm/leveldesign/itemset/chapter4/saltdomeb2f/hard.scn.20,Weapon/wp1141_MagnumBullet/wp1141_MagnumBullet.mesh,Weapon/wp1141_MagnumBullet/wp1141.mdf2,
FALSE,,,SaveTape,TRUE,1,-1,-1,Madhouse,9,88165797-c554-4fe6-a515-8441900e851b,aa783c32-c723-4472-83b8-5a5704e0e30c,-45.36411,3.497566,-335.701,0,-0.7431599,0,0.6691138,sm9281_CassetteTape02A_Get,natives/stm/ch9/leveldesign/itemset/chapter9/steamboat/hard.scn.20,Props/sm9281_CassetteTape02A/sm9281_CassetteTape02A.mesh,Props/sm9281_CassetteTape02A/sm9281_CassetteTape02A.mdf2,EndOfZoe
FALSE,,,SaveTape,TRUE,1,-1,-1,Madhouse,9,d2b81745-78ef-4332-9aa8-f8a6b0fe0e02,cc936e22-1c75-4017-b28d-a424d8b066a5,-19.30644,4.855354,-331.4333,-0.51579,0.8048192,0.1707933,-0.2388647,sm9281_CassetteTape02A_Get,natives/stm/ch9/leveldesign/itemset/chapter9/steamboat/hard.scn.20,Props/sm9281_CassetteTape02A/sm9281_CassetteTape02A.mesh,Props/sm9281_CassetteTape02A/sm9281_CassetteTape02A.mdf2,EndOfZoe
FALSE,,,SaveTape,TRUE,1,-1,-1,Madhouse,9,fecae320-52a3-448f-93ab-1ea3dbee0c36,4fd9ebec-9cc6-0117-3ec6-527cec2fac78,-40.1749,8.354433,-334.1469,0,-0.6121742,0,0.790723,sm9281_CassetteTape02A_Get,natives/stm/ch9/leveldesign/itemset/chapter9/steamboat/hard.scn.20,Props/sm9281_CassetteTape02A/sm9281_CassetteTape02A.mesh,Props/sm9281_CassetteTape02A/sm9281_CassetteTape02A.mdf2,EndOfZoe
FALSE,,,SaveTape,TRUE,1,-1,-1,Madhouse,9,b7386d8f-9e78-48cd-9164-b008a16a9129,44c29f35-6398-49a7-b248-957e285f66a0,-206.5967,-0.9697835,26.45767,0,-0.2514496,0,0.9678704,sm9281_CassetteTape02A_Get,natives/stm/ch9/leveldesign/itemset/chapter9/climbinghut/hard.scn.20,Props/sm9281_CassetteTape02A/sm9281_CassetteTape02A.mesh,Props/sm9281_CassetteTape02A/sm9281_CassetteTape02A.mdf2,EndOfZoe
FALSE,,,SaveTape,TRUE,1,-1,-1,Madhouse,9,c4eabcbb-55ff-4f61-b04c-1cf5e2bfc87f,4d0ea4e7-2e3d-4d21-b476-95d36ad8ffd9,-221.1542,-1.932535,-2.696043,0.01544444,0.2081119,0.07237919,0.9753011,sm9281_CassetteTape02A_Get,natives/stm/ch9/leveldesign/itemset/chapter9/climbinghut/hard.scn.20,Props/sm9281_CassetteTape02A/sm9281_CassetteTape02A.mesh,Props/sm9281_CassetteTape02A/sm9281_CassetteTape02A.mdf2,EndOfZoe
FALSE,,,SaveTape,TRUE,1,-1,-1,Madhouse,9,e6d832b6-e2fa-43cb-a090-5a6fd09a71f3,57cb3a7a-2c9f-0653-0dfd-16b0e75bd1bd,-232.1911,-3.98604,-21.7645,0.01544444,0.2081119,0.07237919,0.9753011,sm9281_CassetteTape02A_Get,natives/stm/ch9/leveldesign/itemset/chapter9/climbinghut/hard.scn.20,Props/sm9281_CassetteTape02A/sm9281_CassetteTape02A.mesh,Props/sm9281_CassetteTape02A/sm9281_CassetteTape02A.mdf2,EndOfZoe
FALSE,,,SaveTape,TRUE,1,-1,-1,Madhouse,9,cc40e717-d914-4e1b-bee3-438616fe63f1,7d53efdb-1771-0b83-138e-0f59213fc3bf,12.12184,-0.6735566,29.13517,0.988224,-0.03801259,-0.1477406,0.01188127,sm9281_CassetteTape02A_Get,natives/stm/ch9/leveldesign/itemset/chapter9/gardenarea/hard.scn.20,Props/sm9281_CassetteTape02A/sm9281_CassetteTape02A.mesh,Props/sm9281_CassetteTape02A/sm9281_CassetteTape02A.mdf2,EndOfZoe
FALSE,,,MiaKnife,TRUE,1,-1,-1,Madhouse,4,3a789aa8-cf3e-4ccd-89f2-30867acb383b,fa06f14c-e7bd-0a3d-0338-429fb788786b,58.64434,22.29546,30.77703,0.6285818,-0.3238596,0.3238595,0.6285817,wp1360_MiaKnife_Get,natives/stm/leveldesign/itemset/chapter4/ship1f/hard.scn.20,Weapon/wp1360_MiaKnife/wp1360_MiaKnife.mesh,Weapon/wp1360_MiaKnife/wp1360.mdf2,
FALSE,,,SaveTape,TRUE,1,-1,-1,Madhouse,9,86235cae-3f2d-4c53-8512-3c548a6b7d19,62bc1b3d-5d2b-4755-b13e-c0d8f9d757cd,-97.49773,-3.213935,-323.8177,0,-0.8300599,0,0.5576742,sm9281_CassetteTape02A_Get,natives/stm/ch9/leveldesign/itemset/chapter9/camparea/hard.scn.20,Props/sm9281_CassetteTape02A/sm9281_CassetteTape02A.mesh,Props/sm9281_CassetteTape02A/sm9281_CassetteTape02A.mdf2,EndOfZoe
FALSE,,,SaveTape,TRUE,1,-1,-1,Madhouse,9,ea1e84d5-1c0f-4492-b496-f089c50ab8fb,4bd417e6-f2ad-48bb-a11f-3bda26d5086f,-97.63931,-3.213935,-323.8461,0,-0.8013423,0,0.5982061,sm9281_CassetteTape02A_Get,natives/stm/ch9/leveldesign/itemset/chapter9/camparea/hard.scn.20,Props/sm9281_CassetteTape02A/sm9281_CassetteTape02A.mesh,Props/sm9281_CassetteTape02A/sm9281_CassetteTape02A.mdf2,EndOfZoe
FALSE,,,SaveTape,TRUE,1,-1,-1,Madhouse,9,c2114fc5-4062-4563-8402-33024e1d33c7,813f37c3-19a4-450f-a286-785187933229,-97.51975,-3.213935,-323.9435,0,0,0,1,sm9281_CassetteTape02A_Get,natives/stm/ch9/leveldesign/itemset/chapter9/camparea/hard.scn.20,Props/sm9281_CassetteTape02A/sm9281_CassetteTape02A.mesh,Props/sm9281_CassetteTape02A/sm9281_CassetteTape02A.mdf2,EndOfZoe
FALSE,,,MiaKnife,TRUE,1,-1,-1,Normal,4,ab586cd2-f520-40fe-983d-b5a4ffd399da,6b260736-dda3-060e-12f7-c7bd3290d98a,74.66425,25.68923,16.86839,-0.5722776,-0.3155023,0.5873489,-0.4774703,wp1360_MiaKnife_Get,natives/stm/leveldesign/itemset/chapter4/ship2f/normal.scn.20,Weapon/wp1360_MiaKnife/wp1360_MiaKnife.mesh,Weapon/wp1360_MiaKnife/wp1360.mdf2,
FALSE,,,PowerUpCoin01A,TRUE,1,-1,-1,Madhouse,4,79dc7b86-d066-058b-3037-204aa7216c9b,a5607387-0a67-4a19-9147-01e1f77f40f7,0.0009323535,0.1768036,-0.004562499,0.6544088,-0.1698041,0.1958741,0.7103162,sm2479_PowerUpCoin01A_Get,natives/stm/leveldesign/itemset/chapter4/shipoutside/hard.scn.20,Props/sm2479_PowerUpCoin01A/sm2479_PowerUpCoin01A.mesh,Props/sm2479_PowerUpCoin01A/sm2479_PowerUpCoin01A.mdf2,
FALSE,,,PowerUpCoin01B,TRUE,1,-1,-1,Madhouse,4,73297c81-9232-086a-2322-7f32bcbb0e68,70be286a-4c10-44b8-9d42-4d4100adab63,0.0009323535,0.1768036,-0.004562499,0.654409,-0.1698044,0.1958742,0.7103159,sm2480_PowerUpCoin01B_Get,natives/stm/leveldesign/itemset/chapter4/shipoutside/hard.scn.20,Props/sm2480_PowerUpCoin01B/sm2480_PowerUpCoin01B.mesh,Props/sm2480_PowerUpCoin01B/sm2480_PowerUpCoin01B.mdf2,
FALSE,,,RemedyL,TRUE,1,-1,-1,Madhouse,4,80cbda4a-4200-4763-a07c-40ba35d2b471,5b60c511-a848-0b6a-229d-03731b1bdde6,-25.1148,-40.23981,-183.9481,0,0,0,1,sm1853_AntisepticSolutionStrong_Get,natives/stm/leveldesign/itemset/chapter4/saltdomeb1f/hard.scn.20,Props/sm1853_AntisepticSolutionStrong/sm1853_AntisepticSolutionStrong.mesh,Props/sm1853_AntisepticSolutionStrong/sm1853_AntisepticSolutionStrong.mdf2,
FALSE,,,RemedyL,TRUE,1,-1,-1,Madhouse,4,0f823856-8412-426e-8e94-b7c7000e53d5,d429270d-6e5a-0e67-0c75-f40e2ec73a42,91.14049,25.9688,20.17898,0,0,0,1,sm1853_AntisepticSolutionStrong_Get,natives/stm/leveldesign/itemset/chapter4/ship2f/hard.scn.20,Props/sm1853_AntisepticSolutionStrong/sm1853_AntisepticSolutionStrong.mesh,Props/sm1853_AntisepticSolutionStrong/sm1853_AntisepticSolutionStrong.mdf2,
FALSE,,,RemedyL,TRUE,1,-1,-1,Madhouse,4,82f2848f-8cf7-46bd-b7e1-e28f76196e14,59599bd4-66bf-0ab4-3500-a14658d00783,-66.32464,-31.57965,-168.3672,0,0,0,1,sm1853_AntisepticSolutionStrong_Get,natives/stm/leveldesign/itemset/chapter4/saltdomeb2f/hard.scn.20,Props/sm1853_AntisepticSolutionStrong/sm1853_AntisepticSolutionStrong.mesh,Props/sm1853_AntisepticSolutionStrong/sm1853_AntisepticSolutionStrong.mdf2,
FALSE,,,ScrewFinger,TRUE,1,-1,-1,,7,100cc9be-c71a-07c9-0769-f1272c92b1ae,d6eea2e1-9198-41ea-a068-1018b17383e7,0,0,0,0,0,0,1,sm1811_TatooDollFinger_DetailSearchItem,natives/stm/scenes/birthday/stage2/copyasset/c03_leftarea1fpuzzleroom1/c03_leftarea1fpuzzleroom1.scn.20,Props/sm1811_TatooDollFinger/sm1811_TatooDollFinger.mesh,Props/sm1811_TatooDollFinger/sm1811_TatooDollFinger.mdf2,Jacks55thBirthday
FALSE,,,RemedyM,TRUE,1,-1,-1,Normal,4,c00031d5-5f47-4854-9a9e-0ac1159d1098,6b65ef27-e1e1-4711-9f56-8196b3cd4ce1,-58.57458,-22.21287,-142.4807,0,0,0,1,sm1852_AntisepticSolutionMedium_Get,natives/stm/leveldesign/itemset/chapter4/saltdomeb2f/normal.scn.20,Props/sm1852_AntisepticSolutionMedium/sm1852_AntisepticSolutionMedium.mesh,Props/sm1852_AntisepticSolutionMedium/sm1852_AntisepticSolutionMedium.mdf2,
FALSE,,,RemedyM,TRUE,1,-1,-1,Madhouse,4,3419ed89-e20c-400c-8a6e-6744844692b4,2f4f668e-e231-01d8-1e0a-8e6263e5b334,88.60404,7.900525,10.21661,0,0,0,1,sm1852_AntisepticSolutionMedium_Get,natives/stm/leveldesign/itemset/chapter4/shipbf/hard.scn.20,Props/sm1852_AntisepticSolutionMedium/sm1852_AntisepticSolutionMedium.mesh,Props/sm1852_AntisepticSolutionMedium/sm1852_AntisepticSolutionMedium.mdf2,
FALSE,,,SaveTape,TRUE,1,-1,-1,Madhouse,4,aa738f64-ac8c-4680-b2a9-c4f3c8d31b05,1b6087a8-62e9-0318-1fc4-882cff12bb4b,-23.92049,-40.28496,-185.2193,0,0,0,1,sm9281_CassetteTape02A_Get,natives/stm/leveldesign/itemset/chapter4/saltdomeb1f/hard.scn.20,Props/sm9281_CassetteTape02A/sm9281_CassetteTape02A.mesh,Props/sm9281_CassetteTape02A/sm9281_CassetteTape02A.mdf2,
FALSE,,,SaveTape,TRUE,1,-1,-1,Madhouse,4,8bf9045f-4fe2-4545-a49d-ded4988c28c2,3aea0c93-8187-00dd-09f0-920baf4d888c,51.25991,1.656461,-44.79966,0,0,0,1,sm9281_CassetteTape02A_Get,natives/stm/leveldesign/itemset/chapter4/shipoutside/hard.scn.20,Props/sm9281_CassetteTape02A/sm9281_CassetteTape02A.mesh,Props/sm9281_CassetteTape02A/sm9281_CassetteTape02A.mdf2,
FALSE,,,SerumMaterialB,TRUE,1,-1,-1,,7,89e0718a-9f23-0ba7-2ec6-0affca6c028b,81c91993-a3ba-4ff8-9ee4-ed732901e5eb,0,0.2,0,0,0,0,1,sm0380_MedicineMaterialB_DetailSearchItem,natives/stm/scenes/birthday/stage2/copyasset/c03_leftarea1fmonitorroom/c03_leftarea1fmonitorroom.scn.20,Props/sm0380_MedicineMaterialB/sm0380_MedicineMaterialB.mesh,Props/sm0380_MedicineMaterialB/sm0380_MedicineMaterialB_IDS.mdf2,Jacks55thBirthday
FALSE,,,SaveTape,TRUE,1,-1,-1,Madhouse,4,4a20d883-d46b-46b8-8b07-9a37c23db908,fb33d04f-1a0e-0320-266a-d6e8f5fc1946,88.07118,26.25817,17.29041,0,-0.5083152,0,0.8611711,sm9281_CassetteTape02A_Get,natives/stm/leveldesign/itemset/chapter4/ship2f/hard.scn.20,Props/sm9281_CassetteTape02A/sm9281_CassetteTape02A.mesh,Props/sm9281_CassetteTape02A/sm9281_CassetteTape02A.mdf2,
FALSE,,,SaveTape,TRUE,1,-1,-1,Madhouse,4,df6b14db-4408-4fe6-956d-cda1d0d9d292,6e781c17-8a6d-0a7e-3800-817ee71872dc,88.2813,26.25345,17.26712,0,0.416917,0,0.9089445,sm9281_CassetteTape02A_Get,natives/stm/leveldesign/itemset/chapter4/ship2f/hard.scn.20,Props/sm9281_CassetteTape02A/sm9281_CassetteTape02A.mesh,Props/sm9281_CassetteTape02A/sm9281_CassetteTape02A.mdf2,
FALSE,,,SaveTape,TRUE,1,-1,-1,Madhouse,4,e3439bd6-7d40-4371-b2b3-cba01b432eaf,5250931a-b325-06e9-1fde-877f2c828ee1,88.17764,26.25436,17.21145,0,0,0,1,sm9281_CassetteTape02A_Get,natives/stm/leveldesign/itemset/chapter4/ship2f/hard.scn.20,Props/sm9281_CassetteTape02A/sm9281_CassetteTape02A.mesh,Props/sm9281_CassetteTape02A/sm9281_CassetteTape02A.mdf2,
FALSE,,,Shotgun_Albert,TRUE,1,-1,-1,,8,e1ffa6c0-8fd4-4057-aedd-1ceea01c49de,1fe812e0-5ff2-0155-0372-0d4e6a702c45,0,0,0,0,0,0,1,wp1330_ChrisShotgun_Item,natives/stm/ch8/scenes/residentweapons.scn.20,CH8/Weapon/wp1330_ChrisShotgun/wp1330_ChrisShotgun.mesh,CH8/Weapon/wp1330_ChrisShotgun/wp1330.mdf2,NotAHero
FALSE,,,Shotgun_Albert,TRUE,1,-1,-1,Madhouse,8,034a5aad-823a-457d-a759-f6e3e50c8c65,ea15cce3-8958-0c2b-01a8-a8d932bf0eaa,103.0325,-79.70575,-230.3107,-0.125399,-0.125399,0.6958988,0.6958988,wp1330_ChrisShotgun_Get,natives/stm/ch8/leveldesign/itemset/chapter8/c08_traincollapse01/hard.scn.20,CH8/Weapon/wp1330_ChrisShotgun/wp1330_ChrisShotgun.mesh,CH8/Weapon/wp1330_ChrisShotgun/wp1330.mdf2,NotAHero
FALSE,,,SaveTape,TRUE,1,-1,-1,Madhouse,4,b5cb2196-c71a-4931-b34f-2ce4d33167e4,04d8295a-097f-0ca9-1e22-603be4f0c7aa,-65.22345,-31.72337,-170.6661,0,0,0,1,sm9281_CassetteTape02A_Get,natives/stm/leveldesign/itemset/chapter4/saltdomeb2f/hard.scn.20,Props/sm9281_CassetteTape02A/sm9281_CassetteTape02A.mesh,Props/sm9281_CassetteTape02A/sm9281_CassetteTape02A.mdf2,
FALSE,,,Shotgun_DB,TRUE,1,-1,-1,,7,c48414f5-7994-417f-b63f-811ff41faf3f,017e8989-b61f-0e85-053b-215c7b2c583b,23.62831,-1.488173,14.76347,-2.77E-08,0.9302994,0.3668011,7.02E-08,wp1030_Shotgun_Get,natives/stm/scenes/birthday/stage3/stage3_seta.scn.20,Weapon/wp1030_shotgun/wp1030_shotgun.mesh,Weapon/wp1030_shotgun/wp1030.mdf2,Jacks55thBirthday
FALSE,,,Shotgun_DB,TRUE,1,-1,-1,,7,79ab1485-1aa5-4fbb-ba92-db96f2797d3c,3499255f-16c9-41fb-b62b-b6b1d0426db3,0,0,0,0,0,0,1,wp1030_Shotgun_Get,natives/stm/scenes/imd/randomitemboxset_imd.scn.20,Weapon/wp1030_shotgun/wp1030_shotgun.mesh,Weapon/wp1030_shotgun/wp1030.mdf2,EthanMustDie
FALSE,,,SaveTape,TRUE,1,-1,-1,Madhouse,4,ad4b01d9-44a5-4573-b282-ebb5d740a753,1c580915-8ac0-00eb-1fef-a76ae081071d,-68.26559,-15.38944,-107.872,0,0,0,1,sm9281_CassetteTape02A_Get,natives/stm/leveldesign/itemset/chapter4/saltdomeb2f/hard.scn.20,Props/sm9281_CassetteTape02A/sm9281_CassetteTape02A.mesh,Props/sm9281_CassetteTape02A/sm9281_CassetteTape02A.mdf2,
FALSE,,,Shotgun_M37,TRUE,1,-1,-1,,7,acbecb5c-5979-4022-94fd-9cbea0d478d5,7df56dca-ecbb-4f41-a463-eb2dd0a17150,0,0,0,0,0,0,1,wp1230_PumpShotgun_Get,natives/stm/scenes/imd/randomitemboxset_imd.scn.20,Weapon/wp1230_PumpShotgun/wp1230_PumpShotgun.mesh,Weapon/wp1230_PumpShotgun/wp1230.mdf2,EthanMustDie
FALSE,,,Shotgun_M37,TRUE,1,-1,-1,,7,b8859026-6cf1-4ea6-b1bc-80220c7104bb,84a01189-065c-0bd3-2b0e-56874c19cd25,32.4931,0.9240401,12.17271,-0.1578479,0.1578479,-0.6892634,0.6892634,wp1230_PumpShotgun_Get,natives/stm/scenes/birthday/stage3/stage3_setb.scn.20,Weapon/wp1230_PumpShotgun/wp1230_PumpShotgun.mesh,Weapon/wp1230_PumpShotgun/wp1230.mdf2,Jacks55thBirthday
FALSE,,,SaveTape,TRUE,1,-1,-1,Madhouse,4,ffd3d555-f0fc-496b-bab2-cb956ea8d457,4ec0dd99-3e99-0cf3-17df-874a59697419,90.02946,22.19951,18.70238,0.0002682115,0.006308018,0.04247992,0.9990774,sm9281_CassetteTape02A_Get,natives/stm/leveldesign/itemset/chapter4/ship1f/hard.scn.20,Props/sm9281_CassetteTape02A/sm9281_CassetteTape02A.mesh,Props/sm9281_CassetteTape02A/sm9281_CassetteTape02A.mdf2,
FALSE,,,SaveTape,TRUE,1,-1,-1,Madhouse,4,899240d6-765b-4fb5-b8b5-2a24f7b0b85b,3881481a-b83e-0a2d-15d8-66fbc0711815,84.08768,30.20397,20.4677,0,0.3907046,0,0.9205161,sm9281_CassetteTape02A_Get,natives/stm/leveldesign/itemset/chapter4/ship3f/hard.scn.20,Props/sm9281_CassetteTape02A/sm9281_CassetteTape02A.mesh,Props/sm9281_CassetteTape02A/sm9281_CassetteTape02A.mdf2,
FALSE,,,ShotgunBullet,TRUE,3,-1,-1,,7,aa453783-1fc9-4321-9ddc-0e9f01239218,21fb6add-bcd2-4b66-ab6a-a2406a4220c0,10.48628,-6.265007,25.33279,0,0.9665722,0,0.2563947,wp1031_ShotgunBullet_Get,natives/stm/scenes/birthday/stage1/stage1_setb.scn.20,Weapon/wp1031_ShotgunBullet/wp1031_ShotgunBullet.mesh,Weapon/wp1031_ShotgunBullet/wp1031.mdf2,Jacks55thBirthday
FALSE,,,ShotgunBullet,TRUE,20,-1,-1,,7,b98b1624-7434-46c0-a788-df67a3f65e0c,e2506e06-1997-02dd-10a0-a11432537078,18.18386,1.007859,8.899405,0,0.6096613,0,0.792662,wp1031_ShotgunBullet_Get,natives/stm/scenes/birthday/stage1/stage1_setb.scn.20,Weapon/wp1031_ShotgunBullet/wp1031_ShotgunBullet.mesh,Weapon/wp1031_ShotgunBullet/wp1031.mdf2,Jacks55thBirthday
FALSE,,,SerumTypeE,TRUE,1,-1,-1,,4,b19139c6-547d-0163-0801-5ad9f43015ae,e6b43037-2ada-0268-1169-740e059510cf,0,0,0,0,0,0,1,ItemObj,natives/stm/leveldesign/itemset/chapter4/saltdomeb1f/saltdomeb1f.scn.20,,,
FALSE,,,SerumTypeE,TRUE,1,-1,-1,,4,151c1ecd-4484-02be-340c-43e607ca7b11,a1ada5c4-5d97-407f-be3f-bb55c1f463f4,0.1649,0.1748,0.0329,0,1,0,-4.37E-08,sm9361_SerumTypeE_DetailSearchItem,natives/stm/leveldesign/itemset/chapter4/saltdomeb1f/saltdomeb1f.scn.20,Props/sm9361_SerumTypeE/sm9361_SerumTypeE.mesh,Props/sm9361_SerumTypeE/sm9361_SerumTypeE.mdf2,
FALSE,,,ShotgunBullet,TRUE,10,-1,-1,,4,b3daacfe-f5d0-481f-a65b-d8d158351f1e,e801d4dc-9873-0c02-1173-a6a2c990316a,-75.36364,-2.732035,-144.0439,0,-0.3386498,0,0.9409125,wp1031_ShotgunBullet_Get,natives/stm/leveldesign/itemset/chapter4/lastbattle/lastbattle.scn.20,Weapon/wp1031_ShotgunBullet/wp1031_ShotgunBullet.mesh,Weapon/wp1031_ShotgunBullet/wp1031.mdf2,
FALSE,,,ShotgunBullet,TRUE,6,-1,-1,Madhouse,4,8b121169-b66b-4afd-92a0-5883dbe0a943,d0c9694b-dbc8-0ee0-2588-26f04a458737,28.38762,0.4646314,-60.01054,0,0,0,1,wp1031_ShotgunBullet_Get,natives/stm/leveldesign/itemset/chapter4/saltdomeb1f/hard.scn.20,Weapon/wp1031_ShotgunBullet/wp1031_ShotgunBullet.mesh,Weapon/wp1031_ShotgunBullet/wp1031.mdf2,
FALSE,,,ShotgunBullet,TRUE,8,-1,-1,Madhouse,4,82041b37-d0df-4e7e-96c7-8537cd96a493,d9df6315-bd7c-0a63-21ef-fb445c338ae7,-11.75389,-32.76778,-108.4173,0,0.6869583,0,0.7266968,wp1031_ShotgunBullet_Get,natives/stm/leveldesign/itemset/chapter4/saltdomeb1f/hard.scn.20,Weapon/wp1031_ShotgunBullet/wp1031_ShotgunBullet.mesh,Weapon/wp1031_ShotgunBullet/wp1031.mdf2,
FALSE,,,ShotgunBullet,TRUE,12,-1,-1,Madhouse,4,84c8f6ef-69c3-48a6-bc59-122ac47cb2f7,df138ecd-0460-0cbb-0b71-6c5955d99c83,-20.12769,-40.24025,-176.8437,0,0.7495907,0,0.6619017,wp1031_ShotgunBullet_Get,natives/stm/leveldesign/itemset/chapter4/saltdomeb1f/hard.scn.20,Weapon/wp1031_ShotgunBullet/wp1031_ShotgunBullet.mesh,Weapon/wp1031_ShotgunBullet/wp1031.mdf2,
FALSE,,,ShotgunBullet,TRUE,8,-1,-1,Madhouse,4,419b06aa-70af-4616-ae6f-d08d69fc7d6e,1a407e88-1d0c-020b-1947-aefef859531a,-50.25687,-36.39634,-171.9779,0,0,0,1,wp1031_ShotgunBullet_Get,natives/stm/leveldesign/itemset/chapter4/saltdomeb2f/hard.scn.20,Weapon/wp1031_ShotgunBullet/wp1031_ShotgunBullet.mesh,Weapon/wp1031_ShotgunBullet/wp1031.mdf2,
FALSE,,,SpareKey,TRUE,1,-1,-1,,4,dfa15efd-e270-4778-b0ed-192963e99a1e,920d8119-4bbe-466d-924f-92834b405ea0,108.8813,8.585731,4.394204,0,-0.788945,0,0.6144639,sm2186_Solution01A_Get,natives/stm/leveldesign/itemset/ff050/bf/bf.scn.20,Props/sm2186_Solution01A/sm2186_Solution01A.mesh,Props/sm2186_Solution01A/sm2186_Solution01A.mdf2,
FALSE,,,SpareKey,TRUE,1,-1,-1,,4,9c5de4b4-5e99-4bbc-bf21-bd904789401a,fc0f66e0-6783-46a0-94d4-a2440777f24d,69.26034,8.620021,9.861669,0,-0.788945,0,0.6144639,sm2186_Solution01A_Get,natives/stm/leveldesign/itemset/ff050/bf/bf.scn.20,Props/sm2186_Solution01A/sm2186_Solution01A.mesh,Props/sm2186_Solution01A/sm2186_Solution01A.mdf2,
FALSE,,,SpareKey,TRUE,1,-1,-1,,4,802213a2-7a22-4d87-9b0f-af57c1bd4a71,ff494abb-eb76-4634-952b-56387377f706,69.14693,8.675664,9.839048,-0.6812179,0,0,0.7320807,sm2186_Solution01A_Get,natives/stm/leveldesign/itemset/ff050/bf/bf.scn.20,Props/sm2186_Solution01A/sm2186_Solution01A.mesh,Props/sm2186_Solution01A/sm2186_Solution01A.mdf2,
FALSE,,,SpareKey,TRUE,1,-1,-1,,4,2c5c06d7-bcea-4df7-9a72-62657522dad6,385b6515-2ea8-09f8-342b-c6cbf9a5833d,68.96826,8.624969,9.711059,0,0,0,1,sm2186_Solution01A_Get,natives/stm/leveldesign/itemset/ff050/bf/bf.scn.20,Props/sm2186_Solution01A/sm2186_Solution01A.mesh,Props/sm2186_Solution01A/sm2186_Solution01A.mdf2,
FALSE,,,SpareKey,TRUE,1,-1,-1,Normal,4,bf548e1d-5b96-4129-bd95-f2a9f6413c83,19ff9634-b7fe-48cb-afab-50a8ef8c2015,60.32097,22.26774,34.49851,0,0,0,1,sm2186_Solution01A_Get,natives/stm/leveldesign/itemset/chapter4/ship1f/normal.scn.20,Props/sm2186_Solution01A/sm2186_Solution01A.mesh,Props/sm2186_Solution01A/sm2186_Solution01A.mdf2,
FALSE,,,ShotgunBullet,TRUE,8,-1,-1,,7,8e9b34d2-afbf-466e-b9ac-d21b150ab7ad,d5404cf0-c21c-0273-0e84-ac6884af99d9,-13.05959,4.898565,7.234599,0,0.7071068,0,0.7071068,wp1031_ShotgunBullet_Get,natives/stm/scenes/birthday/stage3/stage3_seta.scn.20,Weapon/wp1031_ShotgunBullet/wp1031_ShotgunBullet.mesh,Weapon/wp1031_ShotgunBullet/wp1031.mdf2,Jacks55thBirthday
FALSE,,,SpareKey,TRUE,1,-1,-1,,4,aeb30396-40c7-4272-90b0-161f2440fe08,b8ce2a7b-6850-4cb4-9b82-5146084bbe6a,0.1406479,-0.005691528,-0.0625515,0,0,0,0.9999995,sm2186_Solution01A_Get,natives/stm/environment/scene/chapter4/c04_ship2freceptionroompast.scn.20,Props/sm2186_Solution01A/sm2186_Solution01A.mesh,Props/sm2186_Solution01A/sm2186_Solution01A.mdf2,
FALSE,,,ShotgunBullet,TRUE,6,-1,-1,,9,fbbd9f92-022f-4274-ba85-234738893977,a066e7b0-6f8c-0669-0dad-5d34a92c1703,0,0,0,0,0,0,1,wp1031_ShotgunBullet_Get,natives/stm/ch9/scenes/chapter/c09_itemresources.scn.20,Weapon/wp1031_ShotgunBullet/wp1031_ShotgunBullet.mesh,Weapon/wp1031_ShotgunBullet/wp1031.mdf2,EndOfZoe
FALSE,,,SpareKey,TRUE,1,-1,-1,,4,5fcf24e4-526b-4a7e-ab3d-b7357b2ac243,abad11ba-ecc7-42da-893c-e8b9f1fc4772,-0.0311203,-0.005691528,-0.0625515,0,0,0,0.9999995,sm2186_Solution01A_Get,natives/stm/environment/scene/chapter4/c04_ship2freceptionroompast.scn.20,Props/sm2186_Solution01A/sm2186_Solution01A.mesh,Props/sm2186_Solution01A/sm2186_Solution01A.mdf2,
FALSE,,,SpareKey,TRUE,1,-1,-1,,4,f2a6c628-621b-40c9-aba7-4ff07ddaddff,e6a1a5ea-f059-04c6-05fe-eb5ef15d8414,-0.1865234,-0.005691528,-0.0625515,0,0,0,0.9999995,sm2186_Solution01A_Get,natives/stm/environment/scene/chapter4/c04_ship2freceptionroompast.scn.20,Props/sm2186_Solution01A/sm2186_Solution01A.mesh,Props/sm2186_Solution01A/sm2186_Solution01A.mdf2,
FALSE,,,SpareKey,TRUE,1,-1,-1,,4,aeb30396-40c7-4272-90b0-161f2440fe08,b8ce2a7b-6850-4cb4-9b82-5146084bbe6a,0.1406479,-0.005691528,-0.0625515,0,0,0,0.9999995,sm2186_Solution01A_Get,natives/stm/environment/scene/chapter4/c04_ship2freceptionroom.scn.20,Props/sm2186_Solution01A/sm2186_Solution01A.mesh,Props/sm2186_Solution01A/sm2186_Solution01A.mdf2,
FALSE,,,SpareKey,TRUE,1,-1,-1,,4,5fcf24e4-526b-4a7e-ab3d-b7357b2ac243,abad11ba-ecc7-42da-893c-e8b9f1fc4772,-0.0311203,-0.005691528,-0.0625515,0,0,0,0.9999995,sm2186_Solution01A_Get,natives/stm/environment/scene/chapter4/c04_ship2freceptionroom.scn.20,Props/sm2186_Solution01A/sm2186_Solution01A.mesh,Props/sm2186_Solution01A/sm2186_Solution01A.mdf2,
FALSE,,,SpareKey,TRUE,1,-1,-1,,4,f2a6c628-621b-40c9-aba7-4ff07ddaddff,e6a1a5ea-f059-04c6-05fe-eb5ef15d8414,-0.1865234,-0.005691528,-0.0625515,0,0,0,0.9999995,sm2186_Solution01A_Get,natives/stm/environment/scene/chapter4/c04_ship2freceptionroom.scn.20,Props/sm2186_Solution01A/sm2186_Solution01A.mesh,Props/sm2186_Solution01A/sm2186_Solution01A.mdf2,
FALSE,,,ShotgunBullet,TRUE,1,-1,-1,Madhouse,9,3a951301-ffc2-4523-a3c9-d18f591fd38e,614e6b23-9261-013e-14e1-affcc8bafdfa,-30.23166,-0.6500022,-334.4165,0,0.555461,0,0.8315426,wp1031_ShotgunBullet_Get,natives/stm/ch9/leveldesign/itemset/chapter9/steamboat/hard.scn.20,Weapon/wp1031_ShotgunBullet/wp1031_ShotgunBullet.mesh,Weapon/wp1031_ShotgunBullet/wp1031.mdf2,EndOfZoe
FALSE,,,ShotgunBullet,TRUE,1,-1,-1,Madhouse,9,3a2e9351-4fab-4a57-a6ff-b8e3bdfa89ee,61f5eb73-2208-0e4a-11d7-c6902c5fa79a,-245.1472,-4.682734,20.68673,-0.8520579,6.01E-08,6.01E-08,0.5234476,wp1031_ShotgunBullet_Get,natives/stm/ch9/leveldesign/itemset/chapter9/climbinghut/hard.scn.20,Weapon/wp1031_ShotgunBullet/wp1031_ShotgunBullet.mesh,Weapon/wp1031_ShotgunBullet/wp1031.mdf2,EndOfZoe
FALSE,,,SpareKey,TRUE,1,-1,-1,,4,d02c77ce-2be3-41bb-a367-9b42479bed19,c42b140c-b9a1-05b4-0d3e-3feccb1cb4f2,66.89129,30.34111,31.76163,0.5661268,0.4658931,0.5270288,0.4297513,sm2186_Solution01A_Get,natives/stm/leveldesign/itemset/chapter4/ship3f/ship3f.scn.20,Props/sm2186_Solution01A/sm2186_Solution01A.mesh,Props/sm2186_Solution01A/sm2186_Solution01A.mdf2,
FALSE,,,SpareKey,TRUE,1,-1,-1,,4,aae064d9-a9ac-45b9-a3b0-d955d2d9a0b1,822ee00a-7ce5-400c-9485-9dd38be64406,-0.006881714,-9.54E-06,0.1513557,0,-0.980478,0,-0.196629,sm2186_Solution01A_Get,natives/stm/alphatest/leveldesign/placeholder/c04_1_placeholder.scn.20,Props/sm2186_Solution01A/sm2186_Solution01A.mesh,Props/sm2186_Solution01A/sm2186_Solution01A.mdf2,
FALSE,,,SpareKey,TRUE,1,-1,-1,,4,a83e1976-909b-478f-88b6-5035c9c7667c,34bac30c-3de7-4692-b921-30ce873ee315,0.01531219,-9.54E-06,0.04404449,0,-0.980478,0,-0.196629,sm2186_Solution01A_Get,natives/stm/alphatest/leveldesign/placeholder/c04_1_placeholder.scn.20,Props/sm2186_Solution01A/sm2186_Solution01A.mesh,Props/sm2186_Solution01A/sm2186_Solution01A.mdf2,
FALSE,,,SpareKey,TRUE,1,-1,-1,,4,e950678d-b8a1-4960-8578-c488d4824927,fd57044f-2ae3-0d6f-2b21-6026580510cc,0.04110718,-9.54E-06,-0.1147423,0,-0.980478,0,-0.196629,sm2186_Solution01A_Get,natives/stm/alphatest/leveldesign/placeholder/c04_1_placeholder.scn.20,Props/sm2186_Solution01A/sm2186_Solution01A.mesh,Props/sm2186_Solution01A/sm2186_Solution01A.mdf2,
FALSE,,,SpareKey,TRUE,1,-1,-1,,4,58c21929-6631-4b77-936b-030aff889d59,e7af4eb5-4732-4de5-b04b-bc3701c14302,89.51484,26.03961,22.46074,0,0,0,1,sm2186_Solution01A_Get,natives/stm/alphatest/leveldesign/placeholder/c04_1_placeholder.scn.20,Props/sm2186_Solution01A/sm2186_Solution01A.mesh,Props/sm2186_Solution01A/sm2186_Solution01A.mdf2,
FALSE,,,SpareKey,TRUE,1,-1,-1,,4,08f8d7c9-17f6-4a2c-90bc-74fe8ee4a2a3,1c2d04dd-71a5-4b8d-974b-a76dd032a098,89.51484,26.03961,22.25271,0,0,0,1,sm2186_Solution01A_Get,natives/stm/alphatest/leveldesign/placeholder/c04_1_placeholder.scn.20,Props/sm2186_Solution01A/sm2186_Solution01A.mesh,Props/sm2186_Solution01A/sm2186_Solution01A.mdf2,
FALSE,,,SpareKey,TRUE,1,-1,-1,,4,1b1f3af1-b729-44fb-bc35-6494dfc7c8f7,0f185933-256b-00f4-126c-c03a5340911c,89.51484,26.03961,22.6731,0,0,0,1,sm2186_Solution01A_Get,natives/stm/alphatest/leveldesign/placeholder/c04_1_placeholder.scn.20,Props/sm2186_Solution01A/sm2186_Solution01A.mesh,Props/sm2186_Solution01A/sm2186_Solution01A.mdf2,
FALSE,,,SpareKey,TRUE,1,-1,-1,,4,284aa600-8e59-475a-82b4-d7cd353f70e9,3c4dc5c2-1c1b-0355-2ced-7363b9b82902,90.63427,25.46243,20.60736,0.4990852,0.6587284,-0.5009826,-0.2569189,sm2186_Solution01A_Get,natives/stm/leveldesign/itemset/chapter4/ship2f/ship2f.scn.20,Props/sm2186_Solution01A/sm2186_Solution01A.mesh,Props/sm2186_Solution01A/sm2186_Solution01A.mdf2,
FALSE,,,ShotgunBullet,TRUE,6,-1,-1,,7,b654ff2f-3b00-4374-afe4-d7e31ba92aee,ed8f870d-56a3-0769-18cc-a9908a0c049a,-1.959309,-6.363829,-1.071809,0,-0.7071068,0,0.7071068,wp1031_ShotgunBullet_Get,natives/stm/scenes/birthday/stage3/stage3_setb.scn.20,Weapon/wp1031_ShotgunBullet/wp1031_ShotgunBullet.mesh,Weapon/wp1031_ShotgunBullet/wp1031.mdf2,Jacks55thBirthday
FALSE,,,ShotgunBullet,TRUE,6,-1,-1,,7,80a7a38a-c371-4b0a-b178-7adff8e9ab0a,db7cdba8-aed2-0f17-0650-04ac694c857e,-9.414105,5.04672,1.594748,0,1,0,-4.37E-08,wp1031_ShotgunBullet_Get,natives/stm/scenes/birthday/stage3/stage3_setb.scn.20,Weapon/wp1031_ShotgunBullet/wp1031_ShotgunBullet.mesh,Weapon/wp1031_ShotgunBullet/wp1031.mdf2,Jacks55thBirthday
FALSE,,,Stimulant,TRUE,1,-1,-1,,4,8dbcca92-78c1-4143-917e-cdf7d0673897,5aac84ee-b699-014b-3db9-90b26fc73fb3,-18.45489,-41.20495,-169.1246,0,-0.258819,0,0.9659258,sm1927_Stimulant_Get,natives/stm/leveldesign/itemset/chapter4/saltdomeb1f/saltdomeb1f.scn.20,Props/sm1927_Stimulant/sm1927_Stimulant.mesh,Props/sm1927_Stimulant/sm1927_Stimulant.mdf2,
FALSE,,,Stimulant,TRUE,1,-1,-1,,4,eb642b44-ea23-42c5-9308-eb8791401d0f,23b1ea7d-8399-4eb2-a474-5870e6fb0e3d,0.003393282,0.1777113,0.001475856,0.5111446,0.05720813,0.1858583,0.8372067,sm1927_Stimulant_Get,natives/stm/environment/scene/chapter4/c04_cottage.scn.20,Props/sm1927_Stimulant/sm1927_Stimulant.mesh,Props/sm1927_Stimulant/sm1927_Stimulant.mdf2,
FALSE,,,SyntheticDetergent,TRUE,1,-1,-1,,4,a957e417-16b9-42fb-b1a3-707cb29815b4,fb1cd577-2bcb-0e31-3948-1bcbd77740a4,108.8441,8.982406,3.627275,0,0,0,1,sm2028_SyntheticDetergent01A_Get,natives/stm/leveldesign/itemset/chapter4/shipbf/shipbf.scn.20,Props/sm2028_SyntheticDetergent01A/sm2028_SyntheticDetergent01A.mesh,Props/sm2028_SyntheticDetergent01A/sm2028_SyntheticDetergent01A.mdf2,
FALSE,,,3CrestKeyBch74,TRUE,1,-1,-1,,7,1c0f41c3-2187-409d-936d-a64a3442a367,fe510481-9b28-4adb-84a8-46c6d447b425,0.2160788,0.09670353,-0.05891418,-0.3099149,-0.05651511,-0.1783589,0.9321732,sm2010_TripleCrest01B_DetailSearchItemCh74,natives/stm/environment/scene/chapter7/c07_mainhousoutsideterrace2f_7_4.scn.20,Props/sm2010_TripleCrest01B/sm2010_TripleCrest01B.mesh,Props/sm2010_TripleCrest01B/sm2010_TripleCrest01B.mdf2,
FALSE,,,3CrestKeyC,TRUE,1,-1,-1,,7,93822a85-a733-4912-bb1d-3f329be5d7b5,5757f4a7-9582-4a8e-8d42-8fa491c09897,-0.01553297,0.06867266,-0.02503967,-0.1227012,-0.9880863,-0.07556164,-0.05403941,sm2011_TripleCrest01C_DetailSearchItem,natives/stm/environment/scene/chapter7/c07_rightareab1ffreezer_7_3.scn.20,Props/sm2011_TripleCrest01C/sm2011_TripleCrest01C.mesh,Props/sm2011_TripleCrest01C/sm2011_TripleCrest01C_IDS.mdf2,
FALSE,,,AlcoholCh71,TRUE,1,-1,-1,,7,0ed3ad3c-3485-01f9-38be-f143f3bc5ec7,419981e2-de89-4e98-ad8c-26ee1bc8b693,-0.3953133,0.4981632,0.1133937,0,0,0,1,sm2026_Alcohol01A_GetCh71,natives/stm/environment/scene/chapter7/c07_mainhouse2fstoreroom_7_1.scn.20,Props/sm2026_Alcohol01A/sm2026_Alcohol01A.mesh,Props/sm2026_Alcohol01A/sm2026_Alcohol01A.mdf2,
FALSE,,,ClockHand,TRUE,1,-1,-1,,7,36e56e29-a4df-41ab-a6c7-4452af6c5186,8a34619d-eb09-0006-3593-b8197631ba40,0.0538,0.0008,0.0779,0.5263526,0.4738826,-0.4657972,0.5304914,sm2375_ClockHand01A_DetailSearchItem,natives/stm/environment/scene/chapter7/c07_mainhouse2fbedroom_7_1.scn.20,Props/sm2375_ClockHand01A/sm2375_ClockHand01A.mesh,Props/sm2375_ClockHand01A/sm2375_ClockHand01A.mdf2,
FALSE,,,ClockHand2,TRUE,1,-1,-1,,7,2c85cec0-a763-0961-15ff-223cba52e66b,654dda68-d4de-4756-96e8-4974a2f004e8,0,0,0,0,0,0,1,sm2561_ClockHand02A_Get,natives/stm/environment/scene/chapter7/c07_gimmickobject_reset_7_1.scn.20,Props/sm2561_ClockHand02A/sm2561_ClockHand02A.mesh,Props/sm2561_ClockHand02A/sm2561_ClockHand02A.mdf2,
FALSE,,,Clothes,TRUE,1,-1,-1,,7,d461d56b-75a3-4904-a979-61541482e373,78276df3-f729-03cb-2b6b-b6bdae7c3cda,34.69781,0.9915464,9.929394,0,-0.7204636,0,0.6934928,sm9455_Clothes01F_Get,natives/stm/environment/scene/chapter7/c07_mainhouse1fwash_7_4.scn.20,Props/sm9455_Clothes01F/sm9455_Clothes01F.mesh,Props/sm9455_Clothes01F/sm9455_Clothes01F.mdf2,
FALSE,,,Coin,TRUE,1,-1,-1,,7,ccd5a2ee-49f5-485b-97a8-42cf8282da07,390ec98e-bab3-4494-94b8-49c5d29d5eb2,-0.9364495,4.032249,5.197316,0,0,0,1,sm2164_Coin01A_DetailSearchItem,natives/stm/environment/scene/chapter7/c07_mainhousehall_7_4.scn.20,Props/sm2164_Coin01A/sm2164_Coin01A.mesh,Props/sm2164_Coin01A/sm2164_Coin01A.mdf2,
FALSE,,,CylinderKey,TRUE,1,-1,-1,,7,7433e7fb-9c38-456a-8d84-9eca8de8ebf9,69ecaac3-8fb1-0741-18f4-57739fa755f7,10.7299,-1.368303,12.20471,0.3012459,-0.3983593,-0.4996425,0.7077557,sm1796_KeyPick01A_DetailSearchItem,natives/stm/environment/scene/chapter7/c07_mainhousoutsideterrace1f_7_4.scn.20,Props/sm1796_KeyPick01A/sm1796_KeyPick01A.mesh,Props/sm1796_KeyPick01A/sm1796_KeyPick01A.mdf2,
FALSE,,,SilhouettePazzlePiece,TRUE,1,-1,-1,,7,71417782-8c02-4be1-88d2-735fc79e7940,3f170eb1-7477-49d4-bc9f-409173b138fe,-0.0001142213,0.316,-0.3542,0,0,0,1,sm9092_ShadowPiece02_DetailSearchItem,natives/stm/scenes/birthday/stage3/copyasset/c03_mainhouse2fbath/c03_mainhouse2fbath.scn.20,Props/sm9092_ShadowPiece02/sm9092_ShadowPiece02.mesh,Props/sm9092_ShadowPiece02/sm9092_ShadowPiece02_IDS.mdf2,Jacks55thBirthday
FALSE,,,FoundFootage040,TRUE,1,-1,-1,,7,31aa60d9-4317-4139-973d-7c3d09fc426d,636d20e5-6aa4-09a6-33e4-4c47b9b5230f,-0.01747513,1.343451,0.02905178,0.00839472,0.06183382,0.002637376,0.9980476,sm1785_Videotape01F_DetailSearchItem,natives/stm/environment/scene/chapter7/c07_mainhouse2fkids02_7_4.scn.20,Props/sm1785_Videotape01F/sm1785_Videotape01F.mesh,Props/sm1785_Videotape01F/sm1785_Videotape01F.mdf2,
FALSE,,,GimmickFork,TRUE,1,-1,-1,,7,d8f706f3-4f9a-439b-a8f1-b7e73750a096,2f2717a5-4d94-0401-2a1e-1f4618746d0c,-0.1200023,1.085,7.607521,0,-0.7660445,0,0.6427877,sm9402_Fork01A_Get,natives/stm/environment/scene/chapter7/c07_mainhouse2fbedroom_7_1.scn.20,Props/sm9402_Fork01A/sm9402_Fork01A.mesh,Props/sm9402_Fork01A/sm9402_Fork01A.mdf2,
FALSE,,,GimmickFork,TRUE,1,-1,-1,,7,2052ab8b-f08d-0842-3aca-1bd12fe0d586,d782badd-f283-4fd8-b825-b37000c4181c,-1.612118,0.9984388,-0.01446201,0,0.1992249,0,0.9799538,sm9402_Fork01A_Get,natives/stm/environment/scene/chapter7/c07_gimmickobject_reset_7_1.scn.20,Props/sm9402_Fork01A/sm9402_Fork01A.mesh,Props/sm9402_Fork01A/sm9402_Fork01A.mdf2,
FALSE,,,GimmickForkCh7_4,TRUE,1,-1,-1,,7,04e5169a-ef2a-00a5-39ea-23dcf293b6a0,55e31eff-d19d-0435-0818-9f50618885ac,0,0,0,0,0,0,1,sm2563_Fork02A_Get,natives/stm/environment/scene/chapter7/c07_mainhouse2fgrandma_7_4.scn.20,Props/sm2563_Fork02A/sm2563_Fork02A.mesh,Props/sm2563_Fork02A/sm2563_Fork02A.mdf2,
FALSE,,,GimmickKnife,TRUE,1,-1,-1,,7,cb8b7e84-4280-4976-80e1-3c4312bc683d,067291c1-0f28-0d32-0d8d-489d933be227,-9.481698,4.509622,2.18443,-0.3992054,-0.5834969,-0.3993922,0.5836543,wp2170_Knife01A_Get,natives/stm/environment/scene/chapter7/c07_mainhouse2fbedroom_7_1.scn.20,Weapon/wp2170_Knife01A/wp2170_Knife01A.mesh,Weapon/wp2170_Knife01A/wp2170.mdf2,
FALSE,,,GimmickKnife,TRUE,1,-1,-1,,7,9d973552-9b6a-08af-2d3d-05f583965226,29722d52-3f3e-4b65-b83c-03f63112c6e5,0,0,0,0,0,0,1,wp2170_Knife01A_Event,natives/stm/environment/scene/chapter7/c07_gimmickobject_reset_7_1.scn.20,Weapon/wp2170_Knife01A/wp2170_Knife01A.mesh,Weapon/wp2170_Knife01A/wp2170.mdf2,
FALSE,,,GimmickLighter,TRUE,1,-1,-1,,7,e87d77bf-f1f5-01c5-029f-60cddcce3c6e,7862b3fc-5f85-4d91-9bea-9404e2e2f642,0,0.1373827,0.01815222,-0.3161797,-0.02758857,-0.03916039,0.9474891,wp2180_Lighter01A_GetKeyitem,natives/stm/environment/scene/chapter7/c07_mainhouse2fbedroom_7_1.scn.20,Weapon/wp2180_Lighter01A/wp2180_Lighter01A.mesh,Weapon/wp2180_Lighter01A/wp2180.mdf2,
FALSE,,,GimmickOpener,TRUE,1,-1,-1,,7,3a490252-5190-494e-a9a7-406bbb0b90b7,91cd63fe-20ba-0f60-2f26-4c6edde807e3,0,0,0,0,0,0,1,sm2367_WineOpener01A_DetailSearchItem,natives/stm/environment/scene/chapter7/c07_gimmickobject_reset_7_1.scn.20,Props/sm2367_WineOpener01A/sm2367_WineOpener01A.mesh,Props/sm2367_WineOpener01A/sm2367_WineOpener01A.mdf2,
FALSE,,,GimmickPictureA,TRUE,1,-1,-1,,7,46b3d5ae-074c-0857-09c7-f2c826e89510,968c2d2f-fd03-44a0-be41-d492971e6158,-0.1344676,0.6849591,-0.01103649,0.1554464,0.2910291,0.6906289,0.6435605,sm2359_HintPicture01A_DetailSearchItem,natives/stm/environment/scene/chapter7/c07_gimmickobject_reset_7_1.scn.20,Props/sm2359_HintPicture01A/sm2359_HintPicture01A.mesh,Props/sm2359_HintPicture01A/sm2359_HintPicture01A.mdf2,
FALSE,,,GimmickPictureA,TRUE,1,-1,-1,,7,4f57ba31-fc9b-4e8e-a64e-16f4496ccb3a,72b105ab-218b-4d33-8ab2-53893c386401,0,0,0,0,0,0,1,sm2359_HintPicture01A_DetailSearchItem_A,natives/stm/environment/scene/chapter7/c07_gimmickobject_reset_7_1.scn.20,Props/sm2359_HintPicture01A/sm2359_HintPicture01A.mesh,Props/sm2359_HintPicture01A/sm2359_HintPicture01A.mdf2,
FALSE,,,GimmickPictureA,TRUE,1,-1,-1,,7,12589f50-6229-09af-1460-48cc51bbe988,03894371-2286-0bf0-3aca-6ceb8d3de627,0,0,0,0,0,0,1,sm2359_HintPicture01A_DetailSearchItem_A,natives/stm/environment/scene/chapter7/c07_gimmickobject_reset_7_1.scn.20,Props/sm2359_HintPicture01A/sm2359_HintPicture01A.mesh,Props/sm2359_HintPicture01A/sm2359_HintPicture01A.mdf2,
FALSE,,,GimmickPictureA,TRUE,1,-1,-1,,7,d04372eb-7273-0f72-14bc-33ba5110f1dc,7269074e-adbf-0b25-070b-c1551e150346,0,0,0,0,0,0,1,sm2359_HintPicture01A_DetailSearchItem_A,natives/stm/environment/scene/chapter7/c07_gimmickobject_reset_7_1.scn.20,Props/sm2359_HintPicture01A/sm2359_HintPicture01A.mesh,Props/sm2359_HintPicture01A/sm2359_HintPicture01A.mdf2,
FALSE,,,GimmickPictureB,TRUE,1,-1,-1,,7,26f9d915-5fea-0a41-1fee-95a7682fe0a5,4aca5e4c-c125-45c7-be25-85033f7affa0,0,1.207067,0.1895231,-0.08715575,0,0,0.9961947,sm2362_HintPicture02A_DetailSearchItem,natives/stm/environment/scene/chapter7/c07_gimmickobject_reset_7_1.scn.20,Props/sm2362_HintPicture02A/sm2362_HintPicture02A.mesh,Props/sm2362_HintPicture02A/sm2362_HintPicture02A.mdf2,
FALSE,,,GimmickPictureB,TRUE,1,-1,-1,,7,70334801-ed85-4a12-9b14-01ea376b22a5,a8c27561-0fb7-473a-a5ae-f183f435431a,0,0,0,0,0,0,1,sm2362_HintPicture02A_DetailSearchItem_B,natives/stm/environment/scene/chapter7/c07_gimmickobject_reset_7_1.scn.20,Props/sm2362_HintPicture02A/sm2362_HintPicture02A.mesh,Props/sm2362_HintPicture02A/sm2362_HintPicture02A.mdf2,
FALSE,,,GimmickPictureB,TRUE,1,-1,-1,,7,16a66e50-a813-00cf-151b-4676e3c31160,a3ce424a-a1ea-0529-3fb2-d18c77f8c289,0,0,0,0,0,0,1,sm2362_HintPicture02A_DetailSearchItem_B,natives/stm/environment/scene/chapter7/c07_gimmickobject_reset_7_1.scn.20,Props/sm2362_HintPicture02A/sm2362_HintPicture02A.mesh,Props/sm2362_HintPicture02A/sm2362_HintPicture02A.mdf2,
FALSE,,,GimmickPictureB,TRUE,1,-1,-1,,7,99b2f77e-21a7-0766-2cb2-6d7246f9d8f7,b5e8178c-4b88-00c9-02ea-244851ecbd73,0,0,0,0,0,0,1,sm2362_HintPicture02A_DetailSearchItem_B,natives/stm/environment/scene/chapter7/c07_gimmickobject_reset_7_1.scn.20,Props/sm2362_HintPicture02A/sm2362_HintPicture02A.mesh,Props/sm2362_HintPicture02A/sm2362_HintPicture02A.mdf2,
FALSE,,,GimmickPictureC,TRUE,1,-1,-1,,7,d2486b1f-ab5c-4ed7-837c-cc219cf6859c,16ba20c4-1858-4ebf-a0e5-7a617e035fa0,0,0,0,0,0,0,1,sm2364_HintPicture03A_DetailSearchItem_C,natives/stm/environment/scene/chapter7/c07_gimmickobject_reset_7_1.scn.20,Props/sm2364_HintPicture03A/sm2364_HintPicture03A.mesh,Props/sm2364_HintPicture03A/sm2364_HintPicture03A.mdf2,
FALSE,,,GimmickPictureC,TRUE,1,-1,-1,,7,4ffd7787-70ed-03ea-23b9-e5711ea596bb,0e945e32-32a9-05ce-17ef-7a6230be6f3f,0,0,0,0,0,0,1,sm2364_HintPicture03A_DetailSearchItem_C,natives/stm/environment/scene/chapter7/c07_gimmickobject_reset_7_1.scn.20,Props/sm2364_HintPicture03A/sm2364_HintPicture03A.mesh,Props/sm2364_HintPicture03A/sm2364_HintPicture03A.mdf2,
FALSE,,,GimmickPictureC,TRUE,1,-1,-1,,7,f8622ead-36b4-023f-3fae-a1ecc94a896d,d1be9bbe-b44e-0b4a-1f43-da6077324160,0,0,0,0,0,0,1,sm2364_HintPicture03A_DetailSearchItem_C,natives/stm/environment/scene/chapter7/c07_gimmickobject_reset_7_1.scn.20,Props/sm2364_HintPicture03A/sm2364_HintPicture03A.mesh,Props/sm2364_HintPicture03A/sm2364_HintPicture03A.mdf2,
FALSE,,,GimmickSpoon,TRUE,1,-1,-1,,7,17c1507d-cfea-4ac3-924b-3d58994979f2,a098aaaa-1a9e-0c72-2ca6-a59b13966798,-0.1200023,1.085,7.607521,0,-0.7660445,0,0.6427877,sm9401_Spoon01A_Get,natives/stm/environment/scene/chapter7/c07_mainhouse2fbedroom_7_1.scn.20,Props/sm9401_Spoon01A/sm9401_Spoon01A.mesh,Props/sm9401_Spoon01A/sm9401_Spoon01A.mdf2,
FALSE,,,HandgunBullet,TRUE,5,-1,-1,,7,3e6a9272-9495-44b5-963e-299206d95e16,3ff9028b-8c1f-0a73-220c-3c3e786dfb44,-4.648896,0.004823029,5.22007,0.01030881,-0.7070318,0.01030881,0.7070315,wp1011_HandgunBullet_Get,natives/stm/environment/scene/chapter7/c07_mainhouse1fliving_7_4.scn.20,Weapon/wp1011_HandgunBullet/wp1011_HandgunBullet.mesh,Weapon/wp1011_HandgunBullet/wp1011.mdf2,
FALSE,,,ItemRope,TRUE,1,-1,-1,,7,e8a7bdde-7490-0d9c-08a0-a6019a72e3fb,82c0c95d-8c99-4e8b-8d80-47b2bc70cb6b,0,0,0,0,0,0,1,sm2514_ItemRope01A_Get,natives/stm/environment/scene/chapter7/c07_mainhouse1fgarage_7_4.scn.20,Props/sm2514_ItemRope01A/sm2514_ItemRope01A.mesh,Props/sm2514_ItemRope01A/sm2514_ItemRope01A.mdf2,
FALSE,,,Lantern_C,TRUE,1,-1,-1,,7,b46f6c48-e356-05a7-31f3-d4ca997f5bef,e25f9d35-ef6d-07b1-10d1-9b57b8eff3fd,0,0,0,0,0,0,1,wp2190_Lantern_Get,natives/stm/environment/scene/chapter7/c07_gimmickobject_reset_7_1.scn.20,Weapon/wp2190_Lantern/wp2190_Lantern.mesh,Weapon/wp2190_Lantern/wp2190.mdf2,
FALSE,,,Stangrenadebomb,TRUE,1,-1,-1,Normal,8,8639c99a-dc94-4a17-a49d-248606907e0b,580ed96e-4de3-4d02-ac5c-bfcd6865a52f,-31.20193,-88.55678,-222.0982,-0.7450811,-0.05487668,-0.03263346,0.6639109,wp3020_Stangrenadebomb_Get,natives/stm/ch8/leveldesign/itemset/chapter8/c08_storage04/normal.scn.20,CH8/Weapon/wp3020_Stangrenadebomb/wp3020_Stangrenadebomb.mesh,CH8/Weapon/wp3020_Stangrenadebomb/wp3020_Stangrenadebomb.mdf2,NotAHero
FALSE,,,Stangrenadebomb,TRUE,1,-1,-1,Normal,8,7653a89f-72ef-4d15-ad6d-84ac6ff88557,0a0583ca-4797-44c5-b9fd-adeee680f983,-31.28312,-88.48358,-222.1008,0,0,0,1,wp3020_Stangrenadebomb_Get,natives/stm/ch8/leveldesign/itemset/chapter8/c08_storage04/normal.scn.20,CH8/Weapon/wp3020_Stangrenadebomb/wp3020_Stangrenadebomb.mesh,CH8/Weapon/wp3020_Stangrenadebomb/wp3020_Stangrenadebomb.mdf2,NotAHero
FALSE,,,Stangrenadebomb,TRUE,1,-1,-1,,8,0abd959f-2157-49df-8380-c0cf8bbc4d4b,76ebbeca-142f-400f-9710-e98d02c4319f,0,0,0,0,0,0,1,wp3020_Stangrenadebomb_Get,natives/stm/ch8/scenes/residentweapons.scn.20,CH8/Weapon/wp3020_Stangrenadebomb/wp3020_Stangrenadebomb.mesh,CH8/Weapon/wp3020_Stangrenadebomb/wp3020_Stangrenadebomb.mdf2,NotAHero
FALSE,,,Stangrenadebomb,TRUE,1,-1,-1,,8,d02f5652-3021-461c-b81d-cda33852e87f,2fd57ab4-2f92-4269-8956-07b8cc9999fa,0,0,0,0,0,0,1,wp3020_Stangrenadebomb_Item,natives/stm/ch8/scenes/residentweapons.scn.20,CH8/Weapon/wp3020_Stangrenadebomb/wp3020_Stangrenadebomb.mesh,CH8/Weapon/wp3020_Stangrenadebomb/wp3020_Stangrenadebomb.mdf2,NotAHero
FALSE,,,Stangrenadebomb,TRUE,1,-1,-1,Normal,8,97ef64c4-5abe-47b3-b324-d4037d95d2e6,ebb94f91-6fc6-4e63-a7b4-fd41f4edae32,17.58944,-83.69449,-229.3392,0,0,0,1,wp3020_Stangrenadebomb_Get,natives/stm/ch8/leveldesign/itemset/chapter8/c08_storage01/normal.scn.20,CH8/Weapon/wp3020_Stangrenadebomb/wp3020_Stangrenadebomb.mesh,CH8/Weapon/wp3020_Stangrenadebomb/wp3020_Stangrenadebomb.mdf2,NotAHero
FALSE,,,Stangrenadebomb,TRUE,1,-1,-1,Normal,8,41411823-dbca-4865-b16b-514a98e94acc,3d173376-eeb2-41b5-a5fb-780811913618,11.91619,-70.09282,-75.66578,0.4378132,0.7009909,-0.5579948,0.07465949,wp3020_Stangrenadebomb_Get,natives/stm/ch8/leveldesign/itemset/chapter8/c08_miningcollapse01/normal.scn.20,CH8/Weapon/wp3020_Stangrenadebomb/wp3020_Stangrenadebomb.mesh,CH8/Weapon/wp3020_Stangrenadebomb/wp3020_Stangrenadebomb.mdf2,NotAHero
FALSE,,,Stangrenadebomb,TRUE,1,-1,-1,Madhouse,8,795020db-cf1a-4c1d-aa2f-03a30ef8ffd2,30ff84c6-404d-4003-b925-af43065e9aea,17.58944,-83.69449,-229.3392,0,0,0,1,wp3020_Stangrenadebomb_Get,natives/stm/ch8/leveldesign/itemset/chapter8/c08_storage01/hard.scn.20,CH8/Weapon/wp3020_Stangrenadebomb/wp3020_Stangrenadebomb.mesh,CH8/Weapon/wp3020_Stangrenadebomb/wp3020_Stangrenadebomb.mdf2,NotAHero
FALSE,,,Stangrenadebomb,TRUE,1,-1,-1,Madhouse,8,8f57a946-cd5a-408d-9da2-e18ff1e9f81b,f3018213-f822-495d-8932-c8cd789184cf,-47.10314,-89.85265,-213.5673,0,0,0,1,wp3020_Stangrenadebomb_Get,natives/stm/ch8/leveldesign/itemset/chapter8/c08_storage05/hard.scn.20,CH8/Weapon/wp3020_Stangrenadebomb/wp3020_Stangrenadebomb.mesh,CH8/Weapon/wp3020_Stangrenadebomb/wp3020_Stangrenadebomb.mdf2,NotAHero
FALSE,,,Stangrenadebomb,TRUE,1,-1,-1,,8,4be27f48-847d-475c-8920-15e2b57521b0,37b4541d-b105-4e8c-9db0-3ca03c0d5d64,0,0,0,0,0,0,1,wp3020_Stangrenadebomb_Get,natives/stm/ch8/scenes/itemset_resident.scn.20,CH8/Weapon/wp3020_Stangrenadebomb/wp3020_Stangrenadebomb.mesh,CH8/Weapon/wp3020_Stangrenadebomb/wp3020_Stangrenadebomb.mdf2,NotAHero
FALSE,,,Stangrenadebomb,TRUE,1,-1,-1,Madhouse,8,30c32d96-3609-4a48-91c5-a7eb64c24183,4c9506c3-0371-4398-8555-8ea9edba3d57,44.55238,-75.26832,-173.8799,0.7071068,0,0,0.7071068,wp3020_Stangrenadebomb_Get,natives/stm/ch8/leveldesign/itemset/chapter8/c08_mine01/hard.scn.20,CH8/Weapon/wp3020_Stangrenadebomb/wp3020_Stangrenadebomb.mesh,CH8/Weapon/wp3020_Stangrenadebomb/wp3020_Stangrenadebomb.mdf2,NotAHero
FALSE,,,Stangrenadebomb,TRUE,1,-1,-1,Madhouse,8,ea5e69fa-1eda-4076-8a51-aef39d312e8f,c4ed23e9-7420-42b7-89c8-7d0701de761d,12.0451,-70.08739,-75.70129,-0.2192953,0.6649442,-0.6935977,-0.1693569,wp3020_Stangrenadebomb_Get,natives/stm/ch8/leveldesign/itemset/chapter8/c08_miningcollapse01/hard.scn.20,CH8/Weapon/wp3020_Stangrenadebomb/wp3020_Stangrenadebomb.mesh,CH8/Weapon/wp3020_Stangrenadebomb/wp3020_Stangrenadebomb.mdf2,NotAHero
FALSE,,,Stangrenadebomb,TRUE,1,-1,-1,Normal,8,6d2b923d-2952-4293-abdb-deae11846ce8,117db968-1c2a-4b43-bf4b-f7ec98fc103c,17.03039,-68.11054,-99.84799,-0.5764089,0.6286437,-0.4095764,-0.3237393,wp3020_Stangrenadebomb_Get,natives/stm/ch8/leveldesign/itemset/chapter8/c08_miningdome01/normal.scn.20,CH8/Weapon/wp3020_Stangrenadebomb/wp3020_Stangrenadebomb.mesh,CH8/Weapon/wp3020_Stangrenadebomb/wp3020_Stangrenadebomb.mdf2,NotAHero
FALSE,,,Stangrenadebomb,TRUE,1,-1,-1,Normal,8,a2e8875b-fad6-4d0c-9e02-cde4111a3881,54b92975-a2d5-43ad-adb3-416da5ef6943,17.04989,-68.05121,-99.98418,0,0,0,1,wp3020_Stangrenadebomb_Get,natives/stm/ch8/leveldesign/itemset/chapter8/c08_miningdome01/normal.scn.20,CH8/Weapon/wp3020_Stangrenadebomb/wp3020_Stangrenadebomb.mesh,CH8/Weapon/wp3020_Stangrenadebomb/wp3020_Stangrenadebomb.mdf2,NotAHero
FALSE,,,Stangrenadebomb,TRUE,1,-1,-1,Madhouse,8,8028dd05-71c0-4b08-be36-06a4e1441d62,fc7ef650-44b8-42d8-aaa6-2fe6683c61b6,-26.53299,-41.25251,-177.2215,0.6992311,0.1052422,0.1052422,0.6992311,wp3020_Stangrenadebomb_Get,natives/stm/ch8/leveldesign/itemset/chapter8/c08_cavepassage05/hard.scn.20,CH8/Weapon/wp3020_Stangrenadebomb/wp3020_Stangrenadebomb.mesh,CH8/Weapon/wp3020_Stangrenadebomb/wp3020_Stangrenadebomb.mdf2,NotAHero
FALSE,,,Stangrenadebomb,TRUE,1,-1,-1,Madhouse,8,688222f0-f394-427c-85db-2d059a9e46f9,1379aa19-46dd-438c-95ea-56eacc248e6a,-17.45983,-86.46918,-197.853,0,0,0,1,wp3020_Stangrenadebomb_Get,natives/stm/ch8/leveldesign/itemset/chapter8/c08_storage03/hard.scn.20,CH8/Weapon/wp3020_Stangrenadebomb/wp3020_Stangrenadebomb.mesh,CH8/Weapon/wp3020_Stangrenadebomb/wp3020_Stangrenadebomb.mdf2,NotAHero
FALSE,,,Stimulant,TRUE,1,-1,-1,,7,b1548f47-609a-0190-3976-50b2aeafd6b6,58f08034-02bc-42e9-ad32-27e0e1cc49cb,-0.01562643,0.2165902,-0.06938171,0.4025806,-0.6016054,-0.4467274,0.5257704,sm1927_Stimulant_Get,natives/stm/scenes/birthday/stage3/copyasset/c03_rightarea1fparlor/c03_rightarea1fparlor.scn.20,Props/sm1927_Stimulant/sm1927_Stimulant.mesh,Props/sm1927_Stimulant/sm1927_Stimulant.mdf2,Jacks55thBirthday
FALSE,,,Lantern_C,TRUE,1,-1,-1,,7,cda3e207-f241-0ff7-3bc3-27a8e6e75504,ae9a8fee-e2d7-0b36-0686-d3d13d200028,0,0,0,0,0,0,1,wp2190_Lantern_Get,natives/stm/environment/scene/chapter7/c07_gimmickobject_reset_7_1.scn.20,Weapon/wp2190_Lantern/wp2190_Lantern.mesh,Weapon/wp2190_Lantern/wp2190.mdf2,
FALSE,,,Lantern_C,TRUE,1,-1,-1,,7,8c378471-f7f8-0a6c-3058-40d02b4369af,da07750c-fbc3-087a-117a-0f4d0ad3c1bd,0,0,0,0,0,0,1,wp2190_Lantern_Get,natives/stm/environment/scene/chapter7/c07_gimmickobject_reset_7_1.scn.20,Weapon/wp2190_Lantern/wp2190_Lantern.mesh,Weapon/wp2190_Lantern/wp2190.mdf2,
FALSE,,,Lantern_C,TRUE,1,-1,-1,,7,f5fb0a3e-e6ef-003c-3a68-b3b254db6744,96c267d7-f679-04fd-072d-47cb8f1c3268,0,0,0,0,0,0,1,wp2190_Lantern_Get,natives/stm/environment/scene/chapter7/c07_gimmickobject_reset_7_1.scn.20,Weapon/wp2190_Lantern/wp2190_Lantern.mesh,Weapon/wp2190_Lantern/wp2190.mdf2,
FALSE,,,Stimulant,TRUE,1,-1,-1,,7,b1548f47-609a-0190-3976-50b2aeafd6b6,58f08034-02bc-42e9-ad32-27e0e1cc49cb,-0.01562643,0.2165902,-0.06938171,0.4025806,-0.6016054,-0.4467274,0.5257704,sm1927_Stimulant_Get,natives/stm/scenes/imd/copyscene/c03_rightarea1fparlor/c03_rightarea1fparlor.scn.20,Props/sm1927_Stimulant/sm1927_Stimulant.mesh,Props/sm1927_Stimulant/sm1927_Stimulant.mdf2,EthanMustDie
FALSE,,,Lantern_C,TRUE,1,-1,-1,,7,743873bf-ddf8-053b-388a-cd2c1d7e9371,c04b290c-c6fb-4662-befb-5a5b365cd070,-2.45,1.63,1.86E-09,0,-0.7071068,0,0.7071068,wp2190_Lantern_Get,natives/stm/environment/scene/chapter7/c07_gimmickobject_reset_7_1.scn.20,Weapon/wp2190_Lantern/wp2190_Lantern.mesh,Weapon/wp2190_Lantern/wp2190.mdf2,
FALSE,,,LanternHookA,TRUE,1,-1,-1,,7,9fac38c8-beb5-0e2d-2727-7bbe7b43de60,e9389272-67ea-02a0-3b0e-8301cad3cd32,0,0,0,0,0,0,1,sm2346_LanternHook01A_DetailSearchItem_A,natives/stm/environment/scene/chapter7/c07_gimmickobject_reset_7_1.scn.20,Props/sm2346_LanternHook01A/sm2346_LanternHook01A.mesh,Props/sm2346_LanternHook01A/sm2346_LanternHook01A.mdf2,
FALSE,,,StimulantAmpoules,TRUE,1,-1,-1,,8,e8abf9bd-7c40-49d9-8296-610b5a922bf2,d6eb8be8-36d8-083d-1655-a5d048461614,0,0,0,0,0,0,1,sm1927_StimulantAmpoules_Get,natives/stm/ch8/scenes/residentweapons.scn.20,Props/sm1927_Stimulant/sm1927_Stimulant.mesh,Props/sm1927_Stimulant/sm1927_Stimulant.mdf2,NotAHero
FALSE,,,StimulantAmpoules,TRUE,1,-1,-1,,8,6d2ccb5b-f010-475b-a7fb-4976f7140071,a2b13d71-d01e-0cd3-21ba-eb5f480ec89e,0,0,0,0,0,0,1,sm1927_StimulantAmpoules_Item,natives/stm/ch8/scenes/residentweapons.scn.20,Props/sm1927_Stimulant/sm1927_Stimulant.mesh,Props/sm1927_Stimulant/sm1927_Stimulant.mdf2,NotAHero
FALSE,,,StimulantAmpoules,TRUE,1,-1,-1,Normal,8,dc8c123a-7553-498c-b2d2-7d503ba7376f,e2cc606f-3fcb-0868-2611-b98b29730a89,16.71416,-70.34853,-75.02136,0,0,0,1,sm1927_StimulantAmpoules_Get,natives/stm/ch8/leveldesign/itemset/chapter8/c08_miningcollapse01/normal.scn.20,Props/sm1927_Stimulant/sm1927_Stimulant.mesh,Props/sm1927_Stimulant/sm1927_Stimulant.mdf2,NotAHero
FALSE,,,StimulantAmpoules,TRUE,1,-1,-1,,8,dafa4988-0741-0956-0ccc-b13c7e0ab755,e4ba3bdd-4dd9-48b2-980f-75e76cde8ab3,0.003393282,0.1777113,0.001475856,0.5111446,0.05720813,0.1858583,0.8372067,sm1927_StimulantAmpoules_Get,natives/stm/ch8/environment/scene/chapter8/c08_mine01.scn.20,Props/sm1927_Stimulant/sm1927_Stimulant.mesh,Props/sm1927_Stimulant/sm1927_Stimulant.mdf2,NotAHero
FALSE,,,LanternHookA,TRUE,1,-1,-1,,7,a7f4d0f1-aa1b-01e6-268c-efa4c97fec20,d1607a4b-7344-0d6b-3aa5-171b78efff72,0,0,0,0,0,0,1,sm2346_LanternHook01A_DetailSearchItem_A,natives/stm/environment/scene/chapter7/c07_gimmickobject_reset_7_1.scn.20,Props/sm2346_LanternHook01A/sm2346_LanternHook01A.mesh,Props/sm2346_LanternHook01A/sm2346_LanternHook01A.mdf2,
FALSE,,,LanternHookB,TRUE,1,-1,-1,,7,c9a04020-6f2f-09c5-3da3-45ff73382e0f,93892c94-7ff7-4456-aa0a-f3ee03f2a2b4,0,0,0,0,0,0,1,sm2358_LanternHook01B_DetailSearchItem_B,natives/stm/environment/scene/chapter7/c07_gimmickobject_reset_7_1.scn.20,Props/sm2358_LanternHook01B/sm2358_LanternHook01B.mesh,Props/sm2358_LanternHook01B/sm2358_LanternHook01B.mdf2,
FALSE,,,Thermatebomb,TRUE,1,-1,-1,,8,16d3f1dc-44e7-45ad-bb94-ff618ef08db2,47a1781b-a9c1-013e-2643-72403e25a30c,0,0,0,0,0,0,1,wp3010_Thermatebomb_Get,natives/stm/ch8/scenes/residentweapons.scn.20,CH8/Weapon/wp3010_Thermatebomb/wp3010_Thermatebomb.mesh,CH8/Weapon/wp3010_Thermatebomb/wp3010_Thermatebomb.mdf2,NotAHero
FALSE,,,Thermatebomb,TRUE,1,-1,-1,,8,3bc16035-e8dd-4c95-8589-9f7d28833846,6f4e1744-3fed-05df-1fc1-f3ad46749a86,0,0,0,0,0,0,1,wp3010_Thermatebomb_Item,natives/stm/ch8/scenes/residentweapons.scn.20,CH8/Weapon/wp3010_Thermatebomb/wp3010_Thermatebomb.mesh,CH8/Weapon/wp3010_Thermatebomb/wp3010_Thermatebomb.mdf2,NotAHero
FALSE,,,Thermatebomb,TRUE,1,-1,-1,Normal,8,cfdad35d-87ef-4ce1-808d-679a90ec23f9,1504e3a9-77e0-44f5-a1bb-09e13f153982,37.58468,-68.60281,-87.96081,0,-0.14747,0,0.9890665,wp3010_Thermatebomb_Get,natives/stm/ch8/leveldesign/itemset/chapter8/c08_miningpassage06/normal.scn.20,CH8/Weapon/wp3010_Thermatebomb/wp3010_Thermatebomb.mesh,CH8/Weapon/wp3010_Thermatebomb/wp3010_Thermatebomb.mdf2,NotAHero
FALSE,,,Thermatebomb,TRUE,1,-1,-1,Normal,8,6fed4952-3580-4f4d-93f5-14e3fb931e97,9a913491-2555-406e-979f-006382e074e2,37.6775,-68.60686,-88.05573,0,0.9195645,0,0.3929392,wp3010_Thermatebomb_Get,natives/stm/ch8/leveldesign/itemset/chapter8/c08_miningpassage06/normal.scn.20,CH8/Weapon/wp3010_Thermatebomb/wp3010_Thermatebomb.mesh,CH8/Weapon/wp3010_Thermatebomb/wp3010_Thermatebomb.mdf2,NotAHero
FALSE,,,Thermatebomb,TRUE,1,-1,-1,Normal,8,aa9dee18-3b57-4057-b09f-9dbcbe36c7c4,96214967-9c69-4a7b-bc86-3b850aa447ce,-74.92737,-91.51998,-221.1569,0.3447051,0.538402,0.6337802,0.4354588,wp3010_Thermatebomb_Get,natives/stm/ch8/leveldesign/itemset/chapter8/c08_storagefuseroom01/normal.scn.20,CH8/Weapon/wp3010_Thermatebomb/wp3010_Thermatebomb.mesh,CH8/Weapon/wp3010_Thermatebomb/wp3010_Thermatebomb.mdf2,NotAHero
FALSE,,,Thermatebomb,TRUE,1,-1,-1,Normal,8,d68c14a4-9750-43a8-8aff-72a4cbc053de,87fe9d63-7a76-073b-1728-ff857b157d60,-74.85966,-91.45001,-221.0481,0,0.9083539,0,0.4182023,wp3010_Thermatebomb_Get,natives/stm/ch8/leveldesign/itemset/chapter8/c08_storagefuseroom01/normal.scn.20,CH8/Weapon/wp3010_Thermatebomb/wp3010_Thermatebomb.mesh,CH8/Weapon/wp3010_Thermatebomb/wp3010_Thermatebomb.mdf2,NotAHero
FALSE,,,Thermatebomb,TRUE,1,-1,-1,Normal,8,ed6f8744-393c-4273-8613-f7b7bde96cab,bc1d0e83-d41a-06e0-1bc4-7a960d3c4215,-66.62461,-91.47771,-192.7696,0.6298175,-0.5631621,0.2040092,0.4945286,wp3010_Thermatebomb_Get,natives/stm/ch8/leveldesign/itemset/chapter8/c08_storage06/normal.scn.20,CH8/Weapon/wp3010_Thermatebomb/wp3010_Thermatebomb.mesh,CH8/Weapon/wp3010_Thermatebomb/wp3010_Thermatebomb.mdf2,NotAHero
FALSE,,,Thermatebomb,TRUE,1,-1,-1,,8,7f06d921-95fe-4491-931d-3daba88f3f23,2e7450e6-78d8-0002-0eca-b08a185a119d,0,0,0,0,0,0,1,wp3010_Thermatebomb_Get,natives/stm/ch8/scenes/itemset_resident.scn.20,CH8/Weapon/wp3010_Thermatebomb/wp3010_Thermatebomb.mesh,CH8/Weapon/wp3010_Thermatebomb/wp3010_Thermatebomb.mdf2,NotAHero
FALSE,,,Thermatebomb,TRUE,1,-1,-1,Madhouse,8,047d379b-6ff3-4541-ba8d-305beac17179,83565109-c572-4d0b-8e09-7cdff95d9a94,124.9637,-72.63579,-116.8737,0.3049746,0.3434987,0.6445221,0.6112204,wp3010_Thermatebomb_Get,natives/stm/ch8/leveldesign/itemset/chapter8/c08_labo02/hard.scn.20,CH8/Weapon/wp3010_Thermatebomb/wp3010_Thermatebomb.mesh,CH8/Weapon/wp3010_Thermatebomb/wp3010_Thermatebomb.mdf2,NotAHero
FALSE,,,Thermatebomb,TRUE,1,-1,-1,Madhouse,8,e74423bc-a755-4825-9e03-413a6fdccbc2,d4571ede-6142-4568-8c6b-18e85c3cb13b,125.1581,-72.63251,-116.8783,0.6917779,0.1459499,-0.1461272,0.6919457,wp3010_Thermatebomb_Get,natives/stm/ch8/leveldesign/itemset/chapter8/c08_labo02/hard.scn.20,CH8/Weapon/wp3010_Thermatebomb/wp3010_Thermatebomb.mesh,CH8/Weapon/wp3010_Thermatebomb/wp3010_Thermatebomb.mdf2,NotAHero
FALSE,,,Thermatebomb,TRUE,1,-1,-1,Normal,8,ee5f45da-d9d3-4a34-b37b-be3d3821096c,d8951a61-b845-4966-828b-ba5e72586859,124.9637,-72.63579,-116.8737,0.3049746,0.3434987,0.6445221,0.6112204,wp3010_Thermatebomb_Get,natives/stm/ch8/leveldesign/itemset/chapter8/c08_labo02/normal.scn.20,CH8/Weapon/wp3010_Thermatebomb/wp3010_Thermatebomb.mesh,CH8/Weapon/wp3010_Thermatebomb/wp3010_Thermatebomb.mdf2,NotAHero
FALSE,,,Thermatebomb,TRUE,1,-1,-1,Normal,8,c41f1fee-ed6c-4051-99c4-8924461066ce,956d9629-004a-04c2-0413-0405f6c54870,125.1581,-72.63251,-116.8783,0.6917779,0.1459499,-0.1461272,0.6919457,wp3010_Thermatebomb_Get,natives/stm/ch8/leveldesign/itemset/chapter8/c08_labo02/normal.scn.20,CH8/Weapon/wp3010_Thermatebomb/wp3010_Thermatebomb.mesh,CH8/Weapon/wp3010_Thermatebomb/wp3010_Thermatebomb.mdf2,NotAHero
FALSE,,,Thermatebomb,TRUE,1,-1,-1,Madhouse,8,73cda6ab-d49b-4664-9ab8-2bf0ee01887b,22bf2f6c-39bd-02f7-076f-a6d15ed4a6c5,114.0317,-72.5834,-87.36327,0.6828947,0.1830443,-0.1829811,0.6831306,wp3010_Thermatebomb_Get,natives/stm/ch8/leveldesign/itemset/chapter8/c08_bossroom01/hard.scn.20,CH8/Weapon/wp3010_Thermatebomb/wp3010_Thermatebomb.mesh,CH8/Weapon/wp3010_Thermatebomb/wp3010_Thermatebomb.mdf2,NotAHero
FALSE,,,Thermatebomb,TRUE,1,-1,-1,Madhouse,8,60474752-bb90-4847-84f9-13e0edb24285,3135ce95-56b6-0cd4-192e-9ec15d676c3b,113.8535,-72.58146,-87.34447,0,0,0.7107608,0.7034338,wp3010_Thermatebomb_Get,natives/stm/ch8/leveldesign/itemset/chapter8/c08_bossroom01/hard.scn.20,CH8/Weapon/wp3010_Thermatebomb/wp3010_Thermatebomb.mesh,CH8/Weapon/wp3010_Thermatebomb/wp3010_Thermatebomb.mdf2,NotAHero
FALSE,,,Thermatebomb,TRUE,1,-1,-1,Madhouse,8,83afb5a4-8be1-4951-ac07-c71335ddb415,cb0584d5-ac28-4094-99c0-5d815013127e,-74.92737,-91.51998,-221.1569,0.3447051,0.538402,0.6337802,0.4354588,wp3010_Thermatebomb_Get,natives/stm/ch8/leveldesign/itemset/chapter8/c08_storagefuseroom01/hard.scn.20,CH8/Weapon/wp3010_Thermatebomb/wp3010_Thermatebomb.mesh,CH8/Weapon/wp3010_Thermatebomb/wp3010_Thermatebomb.mdf2,NotAHero
FALSE,,,Thermatebomb,TRUE,1,-1,-1,Madhouse,8,e99c8984-90af-495c-8655-bae72d2c6825,4b4a458d-d67f-4ae9-bf1c-d03d22d5ad92,-74.85966,-91.45001,-221.0481,0,0.9083539,0,0.4182023,wp3010_Thermatebomb_Get,natives/stm/ch8/leveldesign/itemset/chapter8/c08_storagefuseroom01/hard.scn.20,CH8/Weapon/wp3010_Thermatebomb/wp3010_Thermatebomb.mesh,CH8/Weapon/wp3010_Thermatebomb/wp3010_Thermatebomb.mdf2,NotAHero
FALSE,,,Thermatebomb,TRUE,1,-1,-1,Madhouse,8,bb079dbb-1939-44e5-8d1b-856903dd51c7,6ab06ed3-b949-4eab-b541-5184f575f4a9,76.06783,-72.57996,-181.5386,0,0,0,1,wp3010_Thermatebomb_Get,natives/stm/ch8/leveldesign/itemset/chapter8/c08_shieldmachine_entra/hard.scn.20,CH8/Weapon/wp3010_Thermatebomb/wp3010_Thermatebomb.mesh,CH8/Weapon/wp3010_Thermatebomb/wp3010_Thermatebomb.mdf2,NotAHero
FALSE,,,Thermatebomb,TRUE,1,-1,-1,Madhouse,8,904311b4-2733-4e0e-be88-773592908cbb,556554c5-b9e1-4731-b895-752e4b14b525,37.58468,-68.60281,-87.96081,0,-0.14747,0,0.9890665,wp3010_Thermatebomb_Get,natives/stm/ch8/leveldesign/itemset/chapter8/c08_miningpassage06/hard.scn.20,CH8/Weapon/wp3010_Thermatebomb/wp3010_Thermatebomb.mesh,CH8/Weapon/wp3010_Thermatebomb/wp3010_Thermatebomb.mdf2,NotAHero
FALSE,,,Thermatebomb,TRUE,1,-1,-1,Madhouse,8,1ff634c8-3dfa-4613-99d8-a34ef89878d7,3115f7c4-597f-41af-bc42-c7fb22205cd8,37.6775,-68.60686,-88.05573,0,0.9195645,0,0.3929392,wp3010_Thermatebomb_Get,natives/stm/ch8/leveldesign/itemset/chapter8/c08_miningpassage06/hard.scn.20,CH8/Weapon/wp3010_Thermatebomb/wp3010_Thermatebomb.mesh,CH8/Weapon/wp3010_Thermatebomb/wp3010_Thermatebomb.mdf2,NotAHero
FALSE,,,Thermatebomb,TRUE,1,-1,-1,Normal,8,62513ca1-7a3d-4b88-aece-2ef86fc05446,3323b566-971b-0f1b-3319-a3d9df157af8,76.06783,-72.57996,-181.5386,0,0,0,1,wp3010_Thermatebomb_Get,natives/stm/ch8/leveldesign/itemset/chapter8/c08_shieldmachine_entra/normal.scn.20,CH8/Weapon/wp3010_Thermatebomb/wp3010_Thermatebomb.mesh,CH8/Weapon/wp3010_Thermatebomb/wp3010_Thermatebomb.mdf2,NotAHero
FALSE,,,Thermatebomb,TRUE,1,-1,-1,Madhouse,8,af584406-db22-47e6-ae57-2937df8ae215,c454bfc0-2154-4098-8e52-85427ae27e4e,-66.62461,-91.47771,-192.7696,0.6298175,-0.5631621,0.2040092,0.4945286,wp3010_Thermatebomb_Get,natives/stm/ch8/leveldesign/itemset/chapter8/c08_storage06/hard.scn.20,CH8/Weapon/wp3010_Thermatebomb/wp3010_Thermatebomb.mesh,CH8/Weapon/wp3010_Thermatebomb/wp3010_Thermatebomb.mdf2,NotAHero
FALSE,,,LanternHookB,TRUE,1,-1,-1,,7,f1f8a819-7b81-060e-3c08-d1e5c1041c4f,abd1c4ad-6b59-4b9d-aba1-67f4b1ce90f4,0,0,0,0,0,0,1,sm2358_LanternHook01B_DetailSearchItem_B,natives/stm/environment/scene/chapter7/c07_gimmickobject_reset_7_1.scn.20,Props/sm2358_LanternHook01B/sm2358_LanternHook01B.mesh,Props/sm2358_LanternHook01B/sm2358_LanternHook01B.mdf2,
FALSE,,,Lighter_Z,TRUE,1,-1,-1,,7,ac85be79-c6d5-4c7a-a5df-1ba989e06531,e10facd5-5309-066d-1108-c113df65c0e9,11.14388,4.862695,-4.518181,0,0,0,1,wp2180_Lighter01A_Z_Get,natives/stm/environment/scene/chapter7/c07_mainhouse2fkids_7_4.scn.20,Weapon/wp2180_Lighter01A/wp2180_Lighter01A.mesh,Weapon/wp2180_Lighter01A/wp2180.mdf2,
FALSE,,,MasterKey,TRUE,1,-1,-1,,7,958f8429-3729-0a00-13bb-50e12d17f141,f6268d68-c815-4870-913f-42c7d8d909b2,-0.02670217,0.3732719,0.03981018,-0.6933212,0.418073,0.2741576,0.5189974,sm1787_DiamondDoorKey01A_DetailSearchItem,natives/stm/environment/scene/chapter7/c07_gimmickobject_reset_7_1.scn.20,Props/sm1787_DiamondDoorKey01A/sm1787_DiamondDoorKey01A.mesh,Props/sm1787_DiamondDoorKey01A/sm1787_DiamondDoorKey01A_IDS.mdf2,
FALSE,,,PortableStove,TRUE,1,-1,-1,,7,4e8fa20a-c47a-487b-be12-693701d9a2ac,f05e7e09-5195-0083-0e92-ad31d34313c5,-0.110002,1.085,7.757521,0,0,0,1,sm9449_SmallStove01_Get,natives/stm/environment/scene/chapter7/c07_mainhouse2fbedroom_7_1.scn.20,Props/sm9449_SmallStove01/sm9449_SmallStove01.mesh,Props/sm9449_SmallStove01/sm9449_SmallStove01.mdf2,
FALSE,,,Trap_Drum,TRUE,0,-1,-1,,7,98e1a69c-8fa6-0017-3dda-f2544d6d3817,881d8277-bd5d-4e2a-9c17-6ba7c9573a57,0,1.1,0,0,0,0,1,CraftTrapUnitInteractOilCan,natives/stm/scenes/chapter/chapter7/chapter7_3/c07_3_itemset.scn.20,,,Nightmare
FALSE,,,Trap_Drum,TRUE,0,-1,-1,,7,a1fff6cd-66b2-0720-234b-c92178c78b79,b103d226-5449-491d-8286-50d2fcfd8939,0,1.1,0,0,0,0,1,CraftTrapUnitInteractOilCan,natives/stm/scenes/chapter/chapter7/chapter7_3/c07_3_itemset.scn.20,,,Nightmare
FALSE,,,Trap_Drum,TRUE,0,-1,-1,,7,c421a874-8f05-079b-20b5-40c0dca863ee,d4dd8c9f-bdfe-49a6-8178-d933589261ae,0,1.1,0,0,0,0,1,CraftTrapUnitInteractOilCan,natives/stm/scenes/chapter/chapter7/chapter7_3/c07_3_itemset.scn.20,,,Nightmare
FALSE,,,Trap_Drum,TRUE,0,-1,-1,,7,9532e9d0-89e9-0ec4-2f92-f51c96dfe639,85cecd3b-bb12-40f9-8e5f-6cef12e5e479,0,1.1,0,0,0,0,1,CraftTrapUnitInteractOilCan,natives/stm/scenes/chapter/chapter7/chapter7_3/c07_3_itemset.scn.20,,,Nightmare
FALSE,,,Trap_Drum,TRUE,0,-1,-1,,7,fed0d1cb-ecb1-020f-07ac-9a301a91f633,ee2cf520-de4a-4c32-a661-03c39eabf473,0,1.1,0,0,0,0,1,CraftTrapUnitInteractOilCan,natives/stm/scenes/chapter/chapter7/chapter7_3/c07_3_itemset.scn.20,,,Nightmare
FALSE,,,Trap_Drum,TRUE,0,-1,-1,,7,94e0411a-f133-087e-203c-5e7c49156856,841c65f1-c3c8-4643-81f1-c78fcd2f6a16,0,1.1,0,0,0,0,1,CraftTrapUnitInteractOilCan,natives/stm/scenes/chapter/chapter7/chapter7_3/c07_3_itemset.scn.20,,,Nightmare
FALSE,,,Trap_Drum,TRUE,0,-1,-1,,7,ba2c4c42-624f-011d-11c8-21c02cd577d6,aad068a9-50b4-4f20-b005-b833a8ef7596,0,1.1,0,0,0,0,1,CraftTrapUnitInteractOilCan,natives/stm/scenes/chapter/chapter7/chapter7_3/c07_3_itemset.scn.20,,,Nightmare
FALSE,,,Trap_Mine,TRUE,0,-1,-1,,7,d7eee5fa-ec21-0faa-32d8-1e824c9c9ce8,afaa03db-0d33-4320-af17-b10dcd40f3d7,0,0.9,0,0,0,0,1,CraftTrapUnitInteractGasTrap,natives/stm/scenes/chapter/chapter7/chapter7_3/c07_3_itemset.scn.20,,,Nightmare
FALSE,,,Trap_Mine,TRUE,0,-1,-1,,7,1d3cef44-bcaa-07e5-226c-1e5adf39c455,65780965-5db8-4b6f-bfa3-b1d55ee5ab6a,0,0.9,0,0,0,0,1,CraftTrapUnitInteractGasTrap,natives/stm/scenes/chapter/chapter7/chapter7_3/c07_3_itemset.scn.20,,,Nightmare
FALSE,,,Trap_Mine,TRUE,0,-1,-1,,7,76c85fd3-960f-06dc-22bb-71ed43a2a802,0e8cb9f2-771d-4a56-bf74-de62c27ec73d,0,0.9,0,0,0,0,1,CraftTrapUnitInteractGasTrap,natives/stm/scenes/chapter/chapter7/chapter7_3/c07_3_itemset.scn.20,,,Nightmare
FALSE,,,Trap_Mine,TRUE,0,-1,-1,,7,5c4fbbee-7e56-0732-0825-f36228b0b2bc,240b5dcf-9f44-4bb8-95ea-5ceda96cdd83,0,0.9,0,0,0,0,1,CraftTrapUnitInteractGasTrap,natives/stm/scenes/chapter/chapter7/chapter7_3/c07_3_itemset.scn.20,,,Nightmare
FALSE,,,Trap_Mine,TRUE,0,-1,-1,,7,926701f0-891c-01b8-0a49-7507137ded36,ea23e7d1-680e-4d32-9786-da8892a18209,0,0.9,0,0,0,0,1,CraftTrapUnitInteractGasTrap,natives/stm/scenes/chapter/chapter7/chapter7_3/c07_3_itemset.scn.20,,,Nightmare
FALSE,,,Trap_Turret_LV1,TRUE,0,-1,-1,,7,aab8384b-11b0-0d16-3f1b-046d732f7dda,deaf4be3-b52d-456e-a232-9ccb28f2e036,0,0.28,0.47,0,0,0,1,CraftTrapUnitInteractTurret,natives/stm/scenes/chapter/chapter7/chapter7_3/c07_3_itemset.scn.20,,,Nightmare
FALSE,,,Trap_Turret_LV1,TRUE,0,-1,-1,,7,f2c6d62c-e002-0055-11e1-1c0321675a45,86d1a584-449f-482d-8cc8-84a57abac7a9,0,0.28,0.47,0,0,0,1,CraftTrapUnitInteractTurret,natives/stm/scenes/chapter/chapter7/chapter7_3/c07_3_itemset.scn.20,,,Nightmare
FALSE,,,Trap_Turret_LV1,TRUE,0,-1,-1,,7,19650212-6631-0934-30f2-d9fe901db12d,6d7271ba-c2ac-414c-addb-4158cbc02cc1,0,0.28,0.47,0,0,0,1,CraftTrapUnitInteractTurret,natives/stm/scenes/chapter/chapter7/chapter7_3/c07_3_itemset.scn.20,,,Nightmare
FALSE,,,Trap_Turret_LV2,TRUE,0,-1,-1,,7,64e035af-276c-095e-3554-4c3df1c431ea,10f74607-83f1-4126-a87d-d49baa19ac06,0,0.28,0.47,0,0,0,1,CraftTrapUnitInteractTurret,natives/stm/scenes/chapter/chapter7/chapter7_3/c07_3_itemset.scn.20,,,Nightmare
FALSE,,,Trap_Turret_LV2,TRUE,0,-1,-1,,7,3c9edbc8-d6de-041d-1bae-5453a38c1675,4889a860-7243-4c65-8687-ccf5f8518b99,0,0.28,0.47,0,0,0,1,CraftTrapUnitInteractTurret,natives/stm/scenes/chapter/chapter7/chapter7_3/c07_3_itemset.scn.20,,,Nightmare
FALSE,,,Trap_Turret_LV2,TRUE,0,-1,-1,,7,d73d0ff6-50ed-0d7c-3abd-91ae12f6fd1d,a32a7c5e-f470-4504-a794-0908492b60f1,0,0.28,0.47,0,0,0,1,CraftTrapUnitInteractTurret,natives/stm/scenes/chapter/chapter7/chapter7_3/c07_3_itemset.scn.20,,,Nightmare
FALSE,,,Trap_Turret_LV3,TRUE,0,-1,-1,,7,e86f306d-92c1-0f8e-289a-da283c220dd0,9c7843c5-365c-47f6-b5b3-428e67ff903c,0,0.28,0.47,0,0,0,1,CraftTrapUnitInteractTurret,natives/stm/scenes/chapter/chapter7/chapter7_3/c07_3_itemset.scn.20,,,Nightmare
FALSE,,,Trap_Turret_LV3,TRUE,0,-1,-1,,7,b011de0a-6373-02cd-0660-c2466e6a2a4f,c406ada2-c7ee-4ab5-9b49-5ae035b7b7a3,0,0.28,0.47,0,0,0,1,CraftTrapUnitInteractTurret,natives/stm/scenes/chapter/chapter7/chapter7_3/c07_3_itemset.scn.20,,,Nightmare
FALSE,,,Trap_Turret_LV3,TRUE,0,-1,-1,,7,5bb20a34-e540-0bac-2773-07bbdf10c127,2fa5799c-41dd-43d4-ba5a-9f1d84cd5ccb,0,0.28,0.47,0,0,0,1,CraftTrapUnitInteractTurret,natives/stm/scenes/chapter/chapter7/chapter7_3/c07_3_itemset.scn.20,,,Nightmare
FALSE,,,Trap_Wire,TRUE,0,-1,-1,,7,37b8c9d3-df9b-06dc-3fec-68e8cc4ad066,3e683d76-f761-4e72-afaf-27c5cee90b16,0,0.13,0,0,0,0,1,CraftTrapUnitInteractWire,natives/stm/scenes/chapter/chapter7/chapter7_3/c07_3_itemset.scn.20,,,Nightmare
FALSE,,,Trap_Wire,TRUE,0,-1,-1,,7,934f75c7-f9fd-0063-3336-431a4762bd65,9a9f8162-d107-48cd-a375-0c3745c16615,0,0.13,0,0,0,0,1,CraftTrapUnitInteractWire,natives/stm/scenes/chapter/chapter7/chapter7_3/c07_3_itemset.scn.20,,,Nightmare
FALSE,,,Trap_Wire,TRUE,0,-1,-1,,7,dc8bac8d-eb67-01dc-1620-a632f866cdf9,d55b5828-c39d-4972-8663-e91ffac51689,0,0.13,0,0,0,0,1,CraftTrapUnitInteractWire,natives/stm/scenes/chapter/chapter7/chapter7_3/c07_3_itemset.scn.20,,,Nightmare
FALSE,,,Trap_Wire,TRUE,0,-1,-1,,7,c54700e2-bda5-0407-1b2d-defd49f9784f,cc97f447-955f-4ca9-8b6e-91d04b5aa33f,0,0.13,0,0,0,0,1,CraftTrapUnitInteractWire,natives/stm/scenes/chapter/chapter7/chapter7_3/c07_3_itemset.scn.20,,,Nightmare
FALSE,,,Trap_Wire,TRUE,0,-1,-1,,7,7b9852d1-e70d-0a0b-1d7f-548137bf2775,7248a674-cff7-42a5-8d3c-1bac351cfc05,0,0.13,0,0,0,0,1,CraftTrapUnitInteractWire,natives/stm/scenes/chapter/chapter7/chapter7_3/c07_3_itemset.scn.20,,,Nightmare
FALSE,,,Trap_Wire,TRUE,0,-1,-1,,7,b407dca4-29ac-0a00-24e9-513327f3b182,bdd72801-0156-42ae-b4aa-1e1e25506af2,0,0.13,0,0,0,0,1,CraftTrapUnitInteractWire,natives/stm/scenes/chapter/chapter7/chapter7_3/c07_3_itemset.scn.20,,,Nightmare
FALSE,,,Trap_Wire,TRUE,0,-1,-1,,7,bbb4c103-a0a0-01e5-18c3-4ffdcc65a8af,b26435a6-885a-494b-8880-00d0cec673df,0,0.13,0,0,0,0,1,CraftTrapUnitInteractWire,natives/stm/scenes/chapter/chapter7/chapter7_3/c07_3_itemset.scn.20,,,Nightmare
FALSE,,,Trap_Wire,TRUE,0,-1,-1,,7,61ef8326-730b-0c32-2cec-0edf38fc6eb6,683f7783-5bf1-449c-bcaf-41f23a5fb5c6,0,0.13,0,0,0,0,1,CraftTrapUnitInteractWire,natives/stm/scenes/chapter/chapter7/chapter7_3/c07_3_itemset.scn.20,,,Nightmare
FALSE,,,PortableStove,TRUE,1,-1,-1,,7,4bc8c3dc-f444-03f0-2265-6baf5b9a43f5,f5191fdf-61ab-4b08-92e5-afa98900f29c,-4.97E-09,0.85,0.25,0,0,0,1,sm9449_SmallStove01_Get,natives/stm/environment/scene/chapter7/c07_gimmickobject_reset_7_1.scn.20,Props/sm9449_SmallStove01/sm9449_SmallStove01.mesh,Props/sm9449_SmallStove01/sm9449_SmallStove01.mdf2,
FALSE,,,PortableStoveFuel,TRUE,1,-1,-1,,7,5154d84c-360e-0caf-10d7-dd1736191da8,e5166c35-85ac-4b6a-a325-1864d36e6ec0,-4.97E-09,0.85,0.25,0,0,0,1,sm9449_SmallStove01_GetBoth,natives/stm/environment/scene/chapter7/c07_gimmickobject_reset_7_1.scn.20,Props/sm9449_SmallStove01/sm9449_SmallStove01.mesh,Props/sm9449_SmallStove01/sm9449_SmallStove01.mdf2,
FALSE,,,SafeBottle,TRUE,1,-1,-1,,7,634f4123-3971-4fb0-8ae2-a96136022466,2eacd6c1-04fe-0a20-1ba7-770ddc6352df,15.82627,0.03316414,6.779095,0,0.9288846,0,0.3703693,sm9477_Weaponbottle_Get,natives/stm/environment/scene/chapter7/c07_mainhouse1fpantry_7_4.scn.20,Props/sm9477_Weaponbottle/sm9477_Weaponbottle.mesh,Props/sm9477_Weaponbottle/sm9477_Weaponbottle.mdf2,
FALSE,,,UmbrellaFile00,TRUE,1,-1,-1,,8,a107e185-8bed-4e84-a3cb-40011caa02aa,2db6cc00-4639-05dc-13aa-e9aa1e1602c3,0,0,0,0,0,0,1,sm2764_UmbrellaFile_Item,natives/stm/ch8/scenes/residentweapons.scn.20,CH8/Props/sm2764_UmbrellaFile/sm2764_UmbrellaFile.mesh,CH8/Props/sm2764_UmbrellaFile/sm2764_UmbrellaFile.mdf2,NotAHero
FALSE,,,UmbrellaFile01,TRUE,1,-1,-1,,8,b1cffa90-7f81-4590-9913-259990dab55c,16463c25-b9b6-0064-293e-61cc7134992b,0,0,0,0,0,0,1,sm2765_UmbrellaFile2_Item,natives/stm/ch8/scenes/residentweapons.scn.20,CH8/Props/sm2765_UmbrellaFile2/sm2765_UmbrellaFile2.mesh,CH8/Props/sm2765_UmbrellaFile2/sm2765_UmbrellaFile2.mdf2,NotAHero
FALSE,,,SafeBottle,TRUE,1,-1,-1,,7,205f6c96-53bd-022e-358c-a4f188320d49,6dbcfb74-6e32-47be-a4c9-7a9d62537bf0,0,0,0,0,0,0,1,sm9477_Weaponbottle_Get,natives/stm/environment/scene/chapter7/c07_mainhouse1fpantry_7_4.scn.20,Props/sm9477_Weaponbottle/sm9477_Weaponbottle.mesh,Props/sm9477_Weaponbottle/sm9477_Weaponbottle.mdf2,
FALSE,,,ShadowPiece4,TRUE,1,-1,-1,,7,9f2e850a-6d67-00a8-1d4e-f33c88e02d2e,cc0e6a17-8193-4ba7-86e6-c78de5dec48c,0.0003108978,1.043972,-0.04650223,-0.677847,0.2020458,0.2019252,0.6774417,sm2346_LanternHook01A_UniteKeyItem,natives/stm/environment/scene/chapter7/c07_gimmickobject_reset_7_1.scn.20,,,
FALSE,,,WorkroomKey,TRUE,1,-1,-1,,7,06e57d0a-5b5c-4a37-b6ad-c3abbdb0ac04,a3a23842-9f8b-4bac-ac13-0cb2df3ddc4d,0.2837481,0.05796433,0.7885042,0.5206154,0.6591249,0.4165066,0.3479026,sm2050_workroomkey01A_Get,natives/stm/environment/scene/chapter7/c07_rightareab1fmorgue_7_3.scn.20,Props/sm2050_workroomkey01A/sm2050_workroomkey01A.mesh,Props/sm2050_workroomkey01A/sm2050_workroomkey01A_IDS.mdf2,