Campaign,Guid,Chapter,Description,Stage,X,Y,Z,Pitch,Yaw,Roll,Condition,SkipCondition,MiniBoss,Events,Tags,Include,Exclude
Ethan,36e28438-0a9c-475c-8a31-c8c4d905e925,1,police   * // Forget your makeup?,40500,0,0,0,0,0,0,,,,,preserve noduplicate nowave,,
Ethan,ccd9520b-2fd0-44e7-9b14-24491bce2367,1,villager   *,40510,0,0,0,0,0,0,,,,,,,boss colmillos
Ethan,52061032-d686-401c-b1b7-ebdcd629e8ea,1,villager   * // First Desnucado,40510,0,0,0,0,0,0,,,,,,,boss* colmillos*
Ethan,bacf6775-91ec-4932-85ed-db488c2a35ee,1,villager   *,40510,0,0,0,0,0,0,,,,,,,boss colmillos
Ethan,afc35303-7d98-4615-ad30-ac0c99e2e709,1,villager  hatchet * // Patrol Ganados after Basement,40510,0,0,0,0,0,0,,,,,,,boss* colmillos*
Ethan,7627dd62-89c8-4964-ac6e-0df675e2ad10,1,villager  hatchet *,40504,0,0,0,0,0,0,,,,,,,boss colmillos
Ethan,ed0cf043-e107-480c-a3c1-58877a84f22f,1,villager  hoe * // LEDGE REINFORCEMENT,40504,0,0,0,0,0,0,,,,,,climber*,
Ethan,444f5d9b-4b54-4c44-8d66-2557f501407a,1,villager  pitchfork *,40504,0,0,0,0,0,0,,,,,,,boss
Ethan,4ab9f0a3-891e-441e-a1d6-3de1028fda1a,1,villager  hatchet *,40505,0,0,0,0,0,0,,,,,,,boss
Ethan,07d41ff3-1ec6-d325-466c-6fd249922e51,1,[EXTRA] OPENER // Flank Right of Sign,40501,-255,6,50,0,0,0,,8d40f8b4-b56d-4588-b71a-5a5e1c40d20d,,,,,boss*
Ethan,caa655c1-7de3-82e4-45cc-94769362c824,1,[EXTRA] OPENER // Behind Wire Fence,40501,-240,6,54,0,0,0,,8d40f8b4-b56d-4588-b71a-5a5e1c40d20d,,,,,boss*
Ethan,,1,[EXTRA] HUNTERS CABIN PORCH (AFTER GO INTO HOUSE),40502,-192,10,91,0,-90,0,8d40f8b4-b56d-4588-b71a-5a5e1c40d20d,b3bee246-d762-4244-bdb8-c7db24764ae8,,,,,boss
Ethan,,1,[EXTRA] HUNTERS CABIN PORCH (AFTER GO INTO HOUSE),40502,-209,9,79,0,-60,0,8d40f8b4-b56d-4588-b71a-5a5e1c40d20d,b3bee246-d762-4244-bdb8-c7db24764ae8,,,,,boss
Ethan,f2802869-58b2-4e5c-9b11-a72604ff5be3,1,[EXTRA] HUNTERS CABIN // Ambusher Before First cutscene,40501,-176,10,75,0,48,0,8d40f8b4-b56d-4588-b71a-5a5e1c40d20d,b3bee246-d762-4244-bdb8-c7db24764ae8,,,,,boss
Ethan,61523dde-7cf4-46f1-abaa-1a6e4f55b2d1,1,[EXTRA] HUNTERS CABIN // Guest Room ,40501,-185,10,76,0,83,0,8d40f8b4-b56d-4588-b71a-5a5e1c40d20d,b3bee246-d762-4244-bdb8-c7db24764ae8,,,,,boss
Ethan,f774819f-49fc-4e13-995f-d22ac50d15c0,1,[EXTRA] HUNTERS CABIN // Dining Room,40510,-183,10,80,0,0,0,b3bee246-d762-4244-bdb8-c7db24764ae8,ed3e9aac-6ad2-4eb4-a714-a96808ca8bdc,,,,,boss
Ethan,,1,[EXTRA] HUNTERS CABIN // Basement stairs,40510,-174,10,77,0,-177,0,8d40f8b4-b56d-4588-b71a-5a5e1c40d20d,,,,,,boss
Ethan,777a5601-d506-4483-839c-b5fc6849edd1,1,[EXTRA] HUNTERS CABIN // Top of the stairs,40510,-186,13,69,0,0,0,b3bee246-d762-4244-bdb8-c7db24764ae8,ed3e9aac-6ad2-4eb4-a714-a96808ca8bdc,,,,,boss
Ethan,00a00310-dfa9-6e14-42f0-6707fd6256b0,1,[EXTRA] RUINED HOUSE // Across the Bridge,40504,-144,8,58,0,0,0,,,,,,,boss
Ethan,b230cab9-e6a1-3b1d-4753-1feedc3a4d59,1,[EXTRA] RUINED HOUSE // Before Crow Clearing,40504,-128,7,48,0,0,0,,,,,,,boss
Ethan,cd1d1e06-fd32-2c59-43df-bbd0f7ed71fa,1,[EXTRA] RUINED HOUSE // Before Ruined House Entrance,40504,-120,7,48,0,0,0,,,,,,,boss
Ethan,304b2af5-9353-aedb-4ff2-3eebe4935a40,1,[EXTRA] RUINED HOUSE // Standing by Crow,40504,-123,7,46,0,0,0,,,,,,,boss
Ethan,f024256f-5ba5-4bca-4dfc-79afe3e77cce,1,[EXTRA] PATH TO SIEGE // Before Crouch Branch,40504,-113,5,32,0,0,0,35882cb7-d15a-4ea9-b44b-8329e14b5309,,,,,fodder elite,
Ethan,cd91a02f-8b2a-853d-4ecb-8d59389eb6bd,1,[EXTRA] PATH TO SIEGE // After Ruined House,40504,-108,7,45,0,0,0,35882cb7-d15a-4ea9-b44b-8329e14b5309,,,,,fodder elite,
Ethan,75152fe5-89b9-ecce-4c4d-6eb76be6ac98,1,[EXTRA] PATH TO SIEGE // The Drawer Guardian,40504,-124,7,35,0,0,0,35882cb7-d15a-4ea9-b44b-8329e14b5309,,,,,fodder elite,
Ethan,da73460d-62b6-4dc2-9882-1183bba45389,1,chainsaw   Emerald x1,40200,0,0,0,0,0,0,,,,,noduplicate horde essential,,
Ethan,d47e2d46-cd1f-41b4-8f5e-9c58183540ee,1,chainsaw   Emerald x1,40200,0,0,0,0,0,0,,,,,noduplicate horde essential,,
Ethan,0c2ca06f-f6ac-4cc2-8405-12399fd2db4b,1,villager   * // Pail Carrier,40200,0,0,0,0,0,0,,,,,,elite boss,
Ethan,4a59a26f-da75-4f63-b2f3-e5b61f2658fa,1,villager  pitchfork * // Guarding Front of Shotgun House,40200,0,0,0,0,0,0,,,,,,elite boss,
Ethan,66c6e4ae-2c19-4552-9fe0-b89ecd0e0ea6,1,villager   * // Guarding Path to Farm,40200,0,0,0,0,0,0,,,,,,elite boss,
Ethan,87827167-575d-4f83-bba2-8c3b525332f5,1,villager  pitchfork * // Westside Hay Mover,40200,0,0,0,0,0,0,,,,,lockweapon,fodder elite ,
Ethan,f078d716-0fd8-4b3f-90d5-9ededc3ff195,1,villager   * // Granny Patrol,40200,0,0,0,0,0,0,,,,,,elite boss,
Ethan,bb879336-1b47-492b-8dd7-48c41d620453,1,villager  hatchet * // Outside Shotgun house Window,40200,0,0,0,0,0,0,,,,,,fodder elite ,
Ethan,bb1e5c3d-13d8-4a4b-b49d-cb8ba9c25012,1,villager  hatchet * // Bonfire Left,40200,0,0,0,0,0,0,,,,,,elite boss,
Ethan,75a68531-8cb0-476c-9909-5bd3cac1310c,1,villager   * // Firestarter,40200,0,0,0,0,0,0,,,,,,elite boss,
Ethan,7a5c62b8-00c8-4fb2-9a02-6e806c38f7b4,1,villager   * // Guarding Fence,40200,0,0,0,0,0,0,,,,,,elite boss,
Ethan,f4497266-8763-425c-b543-331dbdbfe44d,1,villager  hatchet * // Between Shotgun House and small Key Hut,40200,0,0,0,0,0,0,,,,,,fodder elite ,
Ethan,cba7d4c3-1780-4127-9d90-17645db43af2,1,villager  hatchet *,40200,0,0,0,0,0,0,,,,,,,
Ethan,cf0a04a2-e1b9-4ffc-b6dc-034192f04807,1,villager  hatchet *,40200,0,0,0,0,0,0,,,,,,,
Ethan,47a9c9e5-4f3a-4ea3-bd30-f66201b3a4ed,1,villager  shovel *,40200,0,0,0,0,0,0,,,,,,,
Ethan,3c07568b-9298-4bd6-b624-5872f4e60384,1,villager  hatchet *,40200,0,0,0,0,0,0,,,,,,,
Ethan,0ed74b78-7241-42c8-84cb-cddcb0534869,1,villager  hoe *,40200,0,0,0,0,0,0,,,,,,,
Ethan,6bf678af-432d-419b-bc9f-18e09e097112,1,villager   * // Grenade House Couch,40211,0,0,0,0,0,0,,,,,,small,
Ethan,1034c33d-6f02-4679-9ab8-4a1acce410a3,1,villager  hatchet * //Grenade House Chair,40211,0,0,0,0,0,0,,,,,,small,
Ethan,beeac7f4-214f-4b31-ad01-78fd82f1f584,1,villager   *,40210,0,0,0,0,0,0,,,,,noduplicate horde ,,krauser_1 mendez_2 verdugo pesanta u3
Ethan,63af98e8-3120-40e3-8748-32adc26e36c5,1,villager   .,40200,0,0,0,0,0,0,,,,,,,
Ethan,9cce7c37-d655-4c86-8bd0-1023ae850ce3,1,villager   .,40200,0,0,0,0,0,0,,,,,,,
Ethan,e5ca768d-af15-4752-9868-ea4154cb7fd0,1,villager  hatchet *,40200,0,0,0,0,0,0,,,,,,,
Ethan,679fa437-fe6a-4328-9ea0-df3eb3e3311c,1,villager   *,40200,0,0,0,0,0,0,,,,,,,
Ethan,6d4fd351-f657-4378-a84b-c42161d8c396,1,villager  hoe *,40200,0,0,0,0,0,0,,,,,,,
Ethan,759ce883-2bbf-473c-b4af-c238220d2f35,1,villager  knife *,40200,0,0,0,0,0,0,,,,,,,
Ethan,51aa211d-b7b2-4885-9965-97a9841456a5,1,villager  shovel *,40200,0,0,0,0,0,0,,,,,,,
Ethan,650760a3-c70b-4528-9282-ebd462fcfb59,1,villager  pitchfork *,40200,0,0,0,0,0,0,,,,,,,
Ethan,ab0fb467-863d-4127-95fe-dc4f99a0ff03,1,villager  hatchet *,40200,0,0,0,0,0,0,,,,,,,
Ethan,bbd00fce-e5c4-4bee-9d11-135efddedb95,1,villager   *,40200,0,0,0,0,0,0,,,,,,,
Ethan,bd7454bf-8aff-4caf-86c3-6e52b789e4bf,1,villager  hoe *,40200,0,0,0,0,0,0,,,,,,,
Ethan,a1d33fc4-8eaf-4062-86d2-625dfd6cf154,1,villager  hatchet *,40200,0,0,0,0,0,0,,,,,,,
Ethan,db7a0413-2860-46b5-9862-91d71b6cfe11,1,villager  knife *,40200,0,0,0,0,0,0,,,,,,,
Ethan,07054d3a-bddb-4ea7-ad50-68c57857812c,1,villager   *,40200,0,0,0,0,0,0,,,,,,,
Ethan,34d968b5-1321-40b6-aa54-6a067dcadddb,1,villager  shovel *,40200,0,0,0,0,0,0,,,,,,,
Ethan,110bf00a-7014-4a08-9ce9-269e817c9809,1,villager  pitchfork *,40200,0,0,0,0,0,0,,,,,,,
Ethan,9412b247-92ca-4232-a459-31697d834230,1,villager  hoe *,40200,0,0,0,0,0,0,,,,,,,
Ethan,3252af82-ba7f-4169-bf53-88352742875e,1,villager  hatchet *,40200,0,0,0,0,0,0,,,,,,,
Ethan,ac7e38a9-7576-4726-8717-94b7e5d8564d,1,villager   *,40200,0,0,0,0,0,0,,,,,,,
Ethan,793c6e1c-9f22-47b8-9f96-28b5c4313ce9,1,villager  hatchet *,40200,0,0,0,0,0,0,,,,,,,
Ethan,a2b498cc-2e4d-4a0a-bae8-773cde32e0d2,1,villager  knife *,40200,0,0,0,0,0,0,,,,,,,
Ethan,0889c6de-d8ed-4d3f-96da-49a70f931842,1,villager  hoe *,40200,0,0,0,0,0,0,,,,,,,
Ethan,cbd32609-d76c-4b0b-95d2-ab9f594acdbf,1,villager  shovel *,40200,0,0,0,0,0,0,,,,,,,
Ethan,32bc78f9-de19-4671-9930-ee6f71de918d,1,villager  pitchfork *,40200,0,0,0,0,0,0,,,,,,,
Ethan,40fccfa0-acfc-4ca8-97e0-fa38c47e12a3,1,villager   *,40200,0,0,0,0,0,0,,,,,,,
Ethan,ade94312-0d59-4405-a784-783f7281fff5,1,villager  hatchet *,40200,0,0,0,0,0,0,,,,,,,
Ethan,85995724-681c-4c28-b8af-1eed5f6ade93,1,villager  hoe *,40200,0,0,0,0,0,0,,,,,,,
Ethan,d7bb3cd8-0876-409a-9617-132ba1482d23,1,villager  knife *,40200,0,0,0,0,0,0,,,,,,,
Ethan,22dae440-b535-420a-8810-f8449aeaf05a,1,villager  hatchet *,40200,0,0,0,0,0,0,,,,,,,
Ethan,69c8963c-b753-4c13-8598-5cf101981e07,1,villager   *,40200,0,0,0,0,0,0,,,,,,,
Ethan,8cea3d0c-e81d-42e6-a076-6c82186767d8,1,villager  shovel *,40200,0,0,0,0,0,0,,,,,,,
Ethan,28c1426d-ceae-40a5-936e-232cbd72bd28,1,villager  pitchfork *,40200,0,0,0,0,0,0,,,,,,,
Ethan,32678bfb-8782-4b20-89ce-15fad84bfdfe,1,villager  hoe *,40200,0,0,0,0,0,0,,,,,,,
Ethan,a0574407-689f-44d4-8ad4-4bc252226d44,1,villager  hatchet *,40200,0,0,0,0,0,0,,,,,,,
Ethan,0e88e166-f1ee-4fb5-8e14-3329ad59c982,1,villager   *,40200,0,0,0,0,0,0,,,,,,,
Ethan,1afe081a-94d4-464c-8853-c6c5dea90ab4,1,villager  knife *,40200,0,0,0,0,0,0,,,,,,,
Ethan,73cde0e8-72bc-4846-956e-2ab6d4eb65c2,1,villager  hatchet * [REINFORCEMENTS],40200,0,0,0,0,0,0,,,,,,climber,
Ethan,6bc0ce27-9cee-4ea2-8617-50f377276ee7,1,villager  hoe * [REINFORCEMENTS],40200,0,0,0,0,0,0,,,,,,climber,
Ethan,ee0020d6-db18-4423-a945-02809e0ef583,1,villager   * [REINFORCEMENTS],40200,0,0,0,0,0,0,,,,,,climber,
Ethan,adbd4406-2acc-4723-a584-c1ffc85ffb44,1,villager  shovel * [REINFORCEMENTS],40200,0,0,0,0,0,0,,,,,,climber,
Ethan,a95334e7-3890-4ed8-abd8-9ac89ef60207,1,villager  pitchfork * [REINFORCEMENTS],40200,0,0,0,0,0,0,,,,,,climber,
Ethan,5873576a-a987-4471-a9b8-956ee271a89e,1,villager  hatchet * [REINFORCEMENTS],40200,0,0,0,0,0,0,,,,,,climber,
Ethan,f04407ed-4997-4392-96e6-176d7376e3a7,1,villager  knife * [REINFORCEMENTS],40200,0,0,0,0,0,0,,,,,,climber,
Ethan,bf82a9fc-0e6e-422a-b88f-8b4f5b4b02ef,1,villager  hoe * [REINFORCEMENTS],40200,0,0,0,0,0,0,,,,,,climber,
Ethan,df91062a-1488-445e-b8c3-2bc69be91137,1,villager   * [REINFORCEMENTS],40200,0,0,0,0,0,0,,,,,,climber,
Ethan,99927254-b335-4575-b339-670d13962b73,1,villager  hatchet * [REINFORCEMENTS],40200,0,0,0,0,0,0,,,,,,climber,
Ethan,886d0e0d-02a8-4331-9831-20c39aa6d393,1,villager  shovel * [REINFORCEMENTS],40200,0,0,0,0,0,0,,,,,,climber,
Ethan,a5316a86-b4d3-48f2-aaba-4a35ab934e39,1,villager  pitchfork * [REINFORCEMENTS],40200,0,0,0,0,0,0,,,,,,climber,
Ethan,59d8ad78-468b-44e9-a8ca-a47098af76e4,1,villager  knife * [REINFORCEMENTS],40200,0,0,0,0,0,0,,,,,,climber,
Ethan,e6a9afd7-fef2-44bf-b9ca-42190fd0257a,1,villager  hoe * [REINFORCEMENTS],40200,0,0,0,0,0,0,,,,,,climber,
Ethan,c067196b-e909-415e-8232-56599cd50ed5,1,villager   * [REINFORCEMENTS],40200,0,0,0,0,0,0,,,,,,climber,
Ethan,306e643a-5ce2-4474-9ff5-caf19f4bc330,1,villager  hatchet * [REINFORCEMENTS],40200,0,0,0,0,0,0,,,,,,climber,
Ethan,875b72c1-3cab-4914-b77a-ae309ed8f459,1,police   . // Bonfire Cop,40200,0,0,0,0,0,0,,,,,preserve noduplicate,,
Ethan,9509b307-7a47-47c9-86e7-a2bd5eb4121f,1,villager  machete * // Haybale Camper,43300,0,0,0,0,0,0,,,,,,elite boss,
Ethan,ee20a0a5-eb61-497a-b373-a72cf53f47f0,1,villager  pitchfork * //Haybale Tosser 2F,43310,0,0,0,0,0,0,,,,,lockweapon,small,
Ethan,2cac2691-aed5-4a73-b646-6a882ee1b697,1,villager  pitchfork * // Haybale Tosser 1F,43300,0,0,0,0,0,0,,,,,lockweapon,fodder elite boss,
Ethan,ae8d0d23-6690-4d6a-be6d-bffd5a143f8b,1,villager  pitchfork * // Cog Wheel Reinforcements 0,43300,0,0,0,0,0,0,,,,,,,colmillos super-colmillos big
Ethan,af8fb44e-0b00-4147-8f63-e0ac49d544c6,1,villager  pitchfork * //Cog Wheel Reinforcements 1,43300,0,0,0,0,0,0,,,,,,,colmillos super-colmillos big
Ethan,9dde2bb3-bd1b-4f1a-92c8-fe55980e78d4,1,villager  hatchet * // Cog Wheel Reinforcements 2,43300,0,0,0,0,0,0,,,,,,,colmillos super-colmillos big
Ethan,409a4aad-e036-4fa3-aef0-16d39cce09eb,1,villager  hatchet * // Cog Wheel Reinforcements 3,43300,0,0,0,0,0,0,,,,,,,colmillos super-colmillos big
Ethan,555d5526-4f48-48da-bb1e-8b6e38b88dfa,1,villager  hammer Velvet Blue x1 // Barn Door Smasher,43300,0,0,0,0,0,0,,,,,,,colmillos super-colmillos big
Ethan,c50d4b6f-6f81-4b38-b2cb-3535ddea7bc6,1,villager  machete * // Bridge Enemy,43302,0,0,0,0,0,0,,,,,,climber,
Ethan,9d93c218-a547-4513-87af-48426c7daa57,1,villager  hatchet * // Bridge Enemy,43302,0,0,0,0,0,0,,,,,,climber,
Ethan,4c763a50-db63-4c64-ac28-d1da23b13ee5,1,villager  hoe * // Bridge Enemy,43302,0,0,0,0,0,0,,,,,,climber,
Ethan,5bc4bd86-e148-4270-85bb-7f9131f6558e,1,villager  pitchfork * // Boulder Ambush,43302,0,0,0,0,0,0,,,,,,small,
Ethan,bbd85d12-563e-4d9c-9ee6-079ec7ae5b93,1,villager  hatchet * // Beartrap Destiny Guy,43400,0,0,0,0,0,0,,,,,,fodder elite boss,
Ethan,c94c7ff4-f613-4c57-9edc-090f4c08ed9e,1,villager  dynamite * // Dynamite Guy Wood Fort,43400,0,0,0,0,0,0,,,,,,small,
Ethan,7da8fbc2-663d-4703-8308-7ac68d7a5f05,1,villager  dynamite * // Dynamite House Window Thrower,43411,0,0,0,0,0,0,,,,,,small,
Ethan,5bf5d61d-4338-44a5-975c-7e3b78ad1ff7,1,villager  hoe * // Ladder Guardian,43400,0,0,0,0,0,0,,,,,,fodder elite boss,
Ethan,d8624c4a-25d7-43ba-b545-39d529bb533c,1,villager  hatchet * // Left of Birds Nest,43400,0,0,0,0,0,0,,,,,,elite boss,
Ethan,cb4b8afb-fbf4-4565-bff1-b8d663ef9594,1,villager  hatchet * // Dynamite House Ambush,43411,0,0,0,0,0,0,,,,,,,boss
Ethan,10ebbec3-879d-4115-98fa-bb92fa5d3cc3,1,villager  hatchet * // Under Birds Nest,43400,0,0,0,0,0,0,,,,,,fodder elite boss,
Ethan,616362e3-482e-49ed-bcb1-11eb72ee114a,1,villager  dynamite * // Dynamite Thrower by Luis House,43400,0,0,0,0,0,0,,,,,,fodder elite boss,
Ethan,ac45380d-9056-455f-9057-1a50e96b1eae,1,villager  pitchfork * // Pier Guardian,43400,0,0,0,0,0,0,,,,,,elite boss,
Ethan,53103451-d99a-48b4-a487-058857b4e5b7,1,villager  hoe * // Porch Guardian,43410,0,0,0,0,0,0,,,,,,fodder elite,
Ethan,58367a3d-d456-44ef-8aab-e481393ec3fb,1,villager  hatchet * // Trapdoor guy,43410,0,0,0,0,0,0,,,,,,,boss colmillos super-colmillos arana
Ethan,8a7b4245-b96a-bf68-4c75-778aea239fb3,1,[EXTRA] FARM // Left of Ch5 Cabin Far,43301,47,5,-171,0,0,0,dd9080b0-2a6e-4051-ab11-240d6add1c7d,235d453d-6e24-41d4-be5f-a929971e439e,,,,fodder elite boss,
Ethan,9b2496c5-7ef9-8dfd-4b98-f739ba539166,1,[EXTRA] FARM // Left of Ch5 Cabin Near,43301,39,4,-164,0,0,0,dd9080b0-2a6e-4051-ab11-240d6add1c7d,235d453d-6e24-41d4-be5f-a929971e439e,,,,fodder elite boss,
Ethan,22dac8b8-9255-6015-4d4d-d2cadfe81a4d,1,[EXTRA] FARM // Left of Ch5 Cabin Close,43301,39,4,-155,0,0,0,dd9080b0-2a6e-4051-ab11-240d6add1c7d,235d453d-6e24-41d4-be5f-a929971e439e,,,,fodder elite boss,
Ethan,6e1e06c9-453a-9fff-47ca-91d127d10b1a,1,[EXTRA] LAKE SETTLEMENT // First Bodyblocker in tunnel,43303,146,-6,-119,0,0,0,235d453d-6e24-41d4-be5f-a929971e439e,,,,,small*,
Ethan,bd9831e1-2dfe-ec59-4632-3c5d18cc0c59,1,[EXTRA] LAKE SETTLEMENT // Second Bodyblocker in tunnel,43303,157,-6,-114,0,0,0,235d453d-6e24-41d4-be5f-a929971e439e,,,,,small*,
Ethan,a26ebf20-34a2-e931-4cc9-f4cfe7ebe4b1,1,[EXTRA] LAKE SETTLEMENT HOUSE // Guarding ammo Cupboard,43410,230,-4,-128,0,0,0,235d453d-6e24-41d4-be5f-a929971e439e,,,,,,boss colmillos arana
Ethan,f0f8e593-e48d-b346-4c27-d5d1f47163fd,1,[EXTRA] LAKE SETTLEMENT HOUSE // Guarding small key drawer,43410,228,-4,-131,0,0,0,235d453d-6e24-41d4-be5f-a929971e439e,,,,,,boss colmillos arana
Ethan,9dbdd9c2-85eb-18bb-47b5-a0887f15e59e,1,[EXTRA] LAKE SETTLEMENT HOUSE // Guarding ammo Cupboard 2,43410,238,-4,-125,0,0,0,235d453d-6e24-41d4-be5f-a929971e439e,,,,,,boss* colmillos* arana*
Ethan,86175bf5-e8c7-3aad-495f-64f374d4cf2f,1,[EXTRA] LAKE SETTLEMENT HOUSE // Guarding Luis,43410,255,-7,-143,0,0,0,235d453d-6e24-41d4-be5f-a929971e439e,,,,,,boss* colmillos* arana*
Ethan,09ea044f-52d4-4d8b-818c-c8c833743221,1,cow   . // Inside Small Barn,43300,0,0,0,0,0,0,,,,,,,ashleyunsafe
Ethan,d6435c61-016a-4642-b9ef-ba77cd846689,1,cow   . // Inside Small Barn,43300,0,0,0,0,0,0,,,,,,,ashleyunsafe
Ethan,7636e2b3-5651-4b92-b785-dc694be139c0,1,pig   .,43300,0,0,0,0,0,0,,,,,,,ashleyunsafe
Ethan,83af39cb-c79f-47ce-93db-90bf861e0305,1,pig   .,43300,0,0,0,0,0,0,,,,,,,ashleyunsafe
Ethan,d041f1e4-a079-4877-9fe5-f8fd40e0d848,1,pig   .,43300,0,0,0,0,0,0,,,,,,,ashleyunsafe
Ethan,57a10b46-e53a-460a-9927-eac41a0bdeb7,2,villager  knife * // Entrance To Dynamite Valley,44300,0,0,0,0,0,0,,,,,,small*,
Ethan,f00699a5-ef50-47f3-b5ec-a9570fdce2c0,2,chainsaw   Emerald x1 // Chainsaw Before Tripwire,44101,0,0,0,0,0,0,,,,,,elite boss,
Ethan,284ded3c-7439-40a4-be87-13defa465fb8,2,villager   *,44110,0,0,0,0,0,0,,,,,,,boss colmillos
Ethan,205c1b72-188a-499a-a008-fc53246158bc,2,villager   *,44110,0,0,0,0,0,0,,,,,,,boss colmillos
Ethan,2863e7f0-7742-42a1-a5e4-1e3cd4b07f0f,2,villager  hatchet *,44201,0,0,0,0,0,0,,,,,,,boss garrador invincible
Ethan,86343faa-9b94-4a53-b9e2-989b45bd8ca1,2,villager   *,44201,0,0,0,0,0,0,,,,,,,boss garrador invincible
Ethan,486bb31a-1880-42a3-ae23-f5c19c0c1d69,2,villager  hatchet *,44201,0,0,0,0,0,0,,,,,,,boss garrador invincible
Ethan,1012b7b7-e040-4e08-b7ce-8b617df378f5,2,villager   *,44201,0,0,0,0,0,0,,,,,,,boss garrador invincible
Ethan,27e34e40-4a4c-4fdb-a001-83462f938541,2,villager  hoe *,44201,0,0,0,0,0,0,,,,,,,boss invincible
Ethan,,2,[EXTRA] CLEARING // Spawn under treasure lantern,44101,-10,6,134,0,0,0,ae0a629e-f606-423b-b6a6-35ea820a31fc,62573b29-936b-444c-83d6-45f6a0983c0d,,,,elite boss,
Ethan,,2,[EXTRA] CLEARING // Next to Pendant Well,44101,-19,6,128,0,0,0,ae0a629e-f606-423b-b6a6-35ea820a31fc,62573b29-936b-444c-83d6-45f6a0983c0d,,,,small,
Ethan,,2,[EXTRA] CLEARING // Hiding in Shack,44101,-20,5,140,0,0,0,ae0a629e-f606-423b-b6a6-35ea820a31fc,62573b29-936b-444c-83d6-45f6a0983c0d,,,,small,
Ethan,,2,[EXTRA] MENDEZ HOUSE // Guarding Bird nest,44101,-4,9,102,0,0,0,75c22cee-95ca-4cc4-96e8-11d22f4870d4,62573b29-936b-444c-83d6-45f6a0983c0d,,,,small,
Ethan,,2,[EXTRA] MENDEZ HOUSE // Left of House Close,44101,-9,8,94,0,0,0,75c22cee-95ca-4cc4-96e8-11d22f4870d4,62573b29-936b-444c-83d6-45f6a0983c0d,,,,small,
Ethan,,2,[EXTRA] MENDEZ HOUSE // Left of House Far,44101,4,9,89,0,0,0,75c22cee-95ca-4cc4-96e8-11d22f4870d4,62573b29-936b-444c-83d6-45f6a0983c0d,,,,small,
Ethan,,2,[EXTRA] MENDEZ HOUSE // Fly My Pretty,44110,3,9,97,0,0,0,75c22cee-95ca-4cc4-96e8-11d22f4870d4,62573b29-936b-444c-83d6-45f6a0983c0d,,,,small,
Ethan,,2,[EXTRA] MENDEZ HOUSE // Key Item Wardrobe Guardian,44110,11,9,108,0,0,0,75c22cee-95ca-4cc4-96e8-11d22f4870d4,62573b29-936b-444c-83d6-45f6a0983c0d,,,,small*,
Ethan,,2,[EXTRA] MENDEZ HOUSE // Dining Room,44110,6,9,102,0,0,0,75c22cee-95ca-4cc4-96e8-11d22f4870d4,62573b29-936b-444c-83d6-45f6a0983c0d,,,,small,
Ethan,,2,[EXTRA] MENDEZ HOUSE // Mendez Room,44110,5,13,106,0,0,0,75c22cee-95ca-4cc4-96e8-11d22f4870d4,62573b29-936b-444c-83d6-45f6a0983c0d,,,,small,
Ethan,85850656-bb05-4152-ac1d-cc069d4995fb,2,villager  hatchet Kitchen Knife x1 // First Enemy Factory,44210,0,0,0,0,0,0,,,,,,,big colmillos super-colmillos
Ethan,cd744af1-6b44-4f37-a88e-944d56d34ac0,2,villager  hatchet it_sm71_500_10_0 x1 // Parry Example Enemy Factory,44210,0,0,0,0,0,0,,,,,,,big colmillos super-colmillos
Ethan,cc9144a7-2c67-4ffa-9a9d-44dd47cddb94,2,villager  pitchfork Pesetas x250 // Long Hallway Enemy Factory,44210,0,0,0,0,0,0,,,,,,,big colmillos super-colmillos
Ethan,4f0940a5-66cc-4866-ada8-271a7ea83f74,2,villager   *,44400,0,0,0,0,0,0,,,,,,small,
Ethan,28e02bee-815f-4c2a-959a-45bdfc9bdc6a,2,villager  dynamite *,44400,0,0,0,0,0,0,,,,,,small,
Ethan,03625e3c-16cb-4abf-b52d-6a66dec3f86b,2,villager   *,44400,0,0,0,0,0,0,,,,,,small,
Ethan,2a93f207-3a81-4503-88d2-f1f0d4987754,2,villager  machete *,44400,0,0,0,0,0,0,,,,,,small,
Ethan,363a704a-6e33-4d4a-8ec1-6c64d4aeae6c,2,villager  hatchet * // Guy in the Sky,44400,0,0,0,0,0,0,,,,,ranged horde,,
Ethan,30d11b67-d545-4eb0-a5d2-8563d2cc2b5e,2,villager  hoe *,44400,0,0,0,0,0,0,,,,,,fodder elite,
Ethan,980885df-eaf7-42e4-9ec5-1944bf49870e,2,villager   * [REINFORCEMENTS],44400,0,0,0,0,0,0,,,,,,climber,
Ethan,d1c3128c-ac1b-4179-9c97-9c27719bdf55,2,villager  dynamite * [REINFORCEMENTS],44400,0,0,0,0,0,0,,,,,,climber,
Ethan,48d142d1-015c-444e-a9a6-295fab788789,2,villager  pitchfork * [REINFORCEMENTS],44400,0,0,0,0,0,0,,,,,,climber,
Ethan,08f9d8f5-a37e-45f8-bf52-20c1c5137254,2,villager  dynamite * [REINFORCEMENTS],44400,0,0,0,0,0,0,,,,,,climber,
Ethan,509e2bfc-a268-491e-a7f3-0b4e2e0ca339,2,villager  pitchfork * [REINFORCEMENTS],44400,0,0,0,0,0,0,,,,,,climber,
Ethan,fc4dde48-81e4-414e-b368-7976372557da,2,villager  hoe * // Rooftop Walkway Patrol,44400,0,0,0,0,0,0,,,,,,small,
Ethan,1f9648ce-60d3-4052-b6fa-08dc07622986,2,villager  hatchet * [REINFORCEMENTS],44400,0,0,0,0,0,0,,,,,,climber,
Ethan,21113631-623e-45a7-a0cd-ab504b413f6c,2,villager   *,44300,0,0,0,0,0,0,,,,,,,
Ethan,6fdfe0fd-7eb0-42c4-b462-06257e03b2cb,2,villager  dynamite *,44400,0,0,0,0,0,0,,,,,,small,
Ethan,7508b413-afa4-47f6-823d-d4fa02572338,2,villager  hatchet *,44400,0,0,0,0,0,0,,,,,,small,
Ethan,699a1ba2-047b-47ed-bea5-e5e0e3d4535d,2,villager  machete *,44400,0,0,0,0,0,0,,,,,,small,
Ethan,590f52e3-e5ad-40a1-9e28-ab7d4586eef2,2,villager   *,44400,0,0,0,0,0,0,,,,,,,
Ethan,ee1bd602-aa46-46f7-ad22-24aed31f120f,2,villager  pitchfork *,44400,0,0,0,0,0,0,,,,,,,
Ethan,71208a54-b051-420e-8e56-ab855a261f55,2,villager  hoe * [REINFORCEMENTS],44400,0,0,0,0,0,0,,,,,,climber,
Ethan,316ed38c-299f-4950-9f26-bba47945d386,2,villager  hatchet * [REINFORCEMENTS],44400,0,0,0,0,0,0,,,,,,climber,
Ethan,1b988be8-0484-4d69-99ef-0c8eaaaf9864,2,villager   * [REINFORCEMENTS],44300,0,0,0,0,0,0,,,,,,climber,
Ethan,53f2b8b0-4226-45bf-86d0-62ca0188e9c0,2,villager  dynamite *,44400,0,0,0,0,0,0,,,,,ranged,,
Ethan,1c51f46d-84b7-484d-a1d9-2827c017b948,2,villager  hoe *,44400,0,0,0,0,0,0,,,,,,small,
Ethan,a8eb757d-039d-462a-a969-6f6c31611bbf,2,villager  machete *,44400,0,0,0,0,0,0,,,,,,small,
Ethan,43e3d8fe-6930-46d4-8a72-b2161db1e24e,2,villager  hoe *,44400,0,0,0,0,0,0,,,,,,small,
Ethan,ff5b7a7c-a923-45d6-a9d5-8ddd1dcca7a8,2,villager  hatchet * [REINFORCEMENTS],44400,0,0,0,0,0,0,,,,,,climber,
Ethan,96cf48dc-3c47-48b3-b2d8-8f7c7bf05663,2,villager  machete *,44400,0,0,0,0,0,0,,,,,,,
Ethan,c66eb36a-6403-4d3d-9103-b425c6d90b3a,2,villager  hoe *,44400,0,0,0,0,0,0,,,,,,,
Ethan,99293c5c-9327-4041-82d5-fd66eb02832d,2,villager  hatchet * [REINFORCEMENTS],44400,0,0,0,0,0,0,,,,,,climber,
Ethan,d3534a47-db26-43f6-b779-bb7c71985faf,2,villager   * [REINFORCEMENTS],44300,0,0,0,0,0,0,,,,,,climber,
Ethan,d6a83d8e-6d60-4a9b-9e2e-9331c9513e4c,2,villager  dynamite *,44300,0,0,0,0,0,0,,,,,,small,
Ethan,63f13dd8-b733-4aef-922e-96c883885203,2,villager  pitchfork * // House Ambush,44400,0,0,0,0,0,0,,,,,,,boss
Ethan,4df7c74c-2080-46ce-972d-4c99aa14944f,2,villager  hatchet *,44300,0,0,0,0,0,0,,,,,,,
Ethan,21a89877-967e-4d2f-ab4e-33e1709df9b7,2,villager   *,44300,0,0,0,0,0,0,,,,,,,
Ethan,cdc2737d-c327-41b7-8084-381e018f097b,2,villager  dynamite *,44300,0,0,0,0,0,0,,,,,,,
Ethan,5118b572-33fe-4f28-9a19-d471c80a1b18,2,villager  pitchfork *,44400,0,0,0,0,0,0,,,,,,,
Ethan,fad130e4-04ea-4b7a-9e4c-74dd068321d3,2,villager  hoe * [REINFORCEMENTS],44400,0,0,0,0,0,0,,,,,,climber,
Ethan,4d8b60c3-10e2-4abc-934e-65ed991621e2,2,villager  hatchet *,44400,0,0,0,0,0,0,,,,,,small,
Ethan,57eca65e-a76c-4b99-ae6a-0fab657b0dbf,2,villager   * [REINFORCEMENTS],44300,0,0,0,0,0,0,,,,,,climber,
Ethan,7423cc0d-e3c7-4834-9476-66f884083aab,2,wolf   *,44101,0,0,0,0,0,0,,,,,,,boss
Ethan,9ba72079-f207-4888-a816-02c0e49d363d,3,villager   .,44100,0,0,0,0,0,0,,,,,,,
Ethan,852257ef-8bda-420d-b307-d877f13ce14b,3,villager   *,40200,0,0,0,0,0,0,,,,,,,
Ethan,8e0fb6ec-5bb6-49ca-9d23-5fa465d5f275,3,villager  knife *,40200,0,0,0,0,0,0,,,,,,,boss
Ethan,8dbc673c-0d68-4be4-8ed5-f5502e61fcf1,3,villager  hatchet * // Inside Shotgun House Ambush,40210,0,0,0,0,0,0,,,,,,small,
Ethan,9fcd75b8-e38c-4440-9075-2a6f48eddce4,3,villager  hatchet * // Inside Grenade House Ambush,40211,0,0,0,0,0,0,,,,,,small,
Ethan,04da2aa2-226a-4f64-a58d-0385e1d92c95,3,colmillos   * // Colmillos Left,40200,0,0,0,0,0,0,,,,,,fodder elite boss,
Ethan,749013bd-c745-4cfa-bf9d-c86b1ceb3d87,3,colmillos   * // Colmillos Right,40200,0,0,0,0,0,0,,,,,,fodder elite boss,
Ethan,c63ad663-6e0c-4c7b-8f35-76b679c8b850,3,colmillos   * // Colmillos from tower location Left,40200,8,0,-3,0,0,0,,,,,,,colmillos super-colmillos
Ethan,06d97d51-f920-4484-8dd5-9e48a1e7b7ce,3,colmillos   * // Colmillos from tower location Right,40200,5,0,2,0,0,0,,,,,,,colmillos super-colmillos
Ethan,12271c66-cd5c-439a-926a-77303eb8bb50,3,villager  shovel *,45200,0,0,0,0,0,0,,,,,,fodder elite,
Ethan,7e314456-fef4-4217-bc0f-e1edcd3535c9,3,villager   *,45200,0,0,0,0,0,0,,,,,,fodder elite,
Ethan,de16a018-3edb-42e5-8d9b-941026792a47,3,villager  molotov *,45300,0,0,0,0,0,0,,,,,,small,
Ethan,0840df7f-f33f-4ad1-8368-ff0a972f1bdc,3,villager  machete * // Bridge Guard,45300,0,0,0,0,0,0,,,,,,small*,
Ethan,01edcd69-616a-4fee-9629-8c1bef716f4b,3,villager  molotov * // Bridge Molotov Thrower,45300,0,0,0,0,0,0,,,,,,small*,
Ethan,acf12c78-f142-4f95-bbef-b33c6773cd7b,3,villager  hatchet *,45300,0,0,0,0,0,0,,,,,,small,
Ethan,7d099d29-4740-466e-ae74-b6380c7abc6c,3,villager  hoe *,45301,0,0,0,0,0,0,,,,,,small,
Ethan,58cb1388-a5ab-4ecb-944e-d9c6ec8cd99d,3,villager  pitchfork *,45300,0,0,0,0,0,0,,,,,,small,
Ethan,bfce4fe9-15eb-4020-bd28-97c67fc9d9cd,3,villager  molotov *,45200,0,0,0,0,0,0,,,,,,small,
Ethan,de0af8d8-813d-490f-8180-4c7bc4805dfe,3,villager  knife *,45300,0,0,0,0,0,0,,,,,,small,
Ethan,d2258fbd-7029-4275-9d57-81352a243ddb,3,villager   *,45300,0,0,0,0,0,0,,,,,,,
Ethan,b677daba-a337-47b1-9bb8-bc9017bb0465,3,villager  hoe *,45300,0,0,0,0,0,0,,,,,,,
Ethan,175a6a80-61a5-4fb1-a5d1-58f9d074025f,3,villager  pitchfork *,45301,0,0,0,0,0,0,,,,,,small,
Ethan,d1af36ca-141c-481c-889f-7566897cc317,3,villager  hatchet *,45301,0,0,0,0,0,0,,,,,,,
Ethan,9f1e9d3d-b82c-42a5-b98b-5b373203a169,3,villager  knife *,45301,0,0,0,0,0,0,,,,,,small,
Ethan,10d14890-a4d0-4148-8080-6410247fd266,3,villager  hoe *,45300,0,0,0,0,0,0,,,,,,,
Ethan,e1df0f59-19f8-4ddc-a164-9b20a9d315fd,3,colmillos   *,45302,0,0,0,0,0,0,,,,,,,
Ethan,e8bcf3cb-3dfb-4d34-b05c-13273fd52d6d,3,colmillos   *,45302,0,0,0,0,0,0,,,,,,,
Ethan,ab27008a-43e4-47df-95d4-650dbc8be917,3,villager  hatchet *,45400,0,0,0,0,0,0,,,,,,,
Ethan,97acda07-baac-4203-a4b0-242771d2cf3c,3,villager  hoe *,45400,0,0,0,0,0,0,,,,,,small,
Ethan,6799edd7-43c8-4d64-a432-f7ce0734d1c9,3,villager  pitchfork *,45400,0,0,0,0,0,0,,,,,,small,
Ethan,6a6cffe3-8188-4677-abe8-68deb54be95e,3,villager   *,45400,0,0,0,0,0,0,,,,,,small,
Ethan,89a4bb04-7490-46ca-8733-3a19aba180b2,3,villager  machete *,45400,0,0,0,0,0,0,,,,,,small,
Ethan,67b0084c-751f-478b-a44c-598dc0e55a35,3,villager  hatchet *,45400,0,0,0,0,0,0,,,,,,small,
Ethan,ca6f52ef-7552-479c-a33c-510a2a6e276c,3,villager  crossbow *,45400,0,0,0,0,0,0,,,,,,small,
Ethan,77c7bcac-0928-48b4-abcc-899a45932fd8,3,villager  hammer Velvet Blue x1,45400,0,0,0,0,0,0,,,,,,small,
Ethan,c8e54b1a-8643-46bd-a7e3-e01480ee726a,3,villager  knife *,45400,0,0,0,0,0,0,,,,,,small,
Ethan,41330420-6d5d-40a9-b93b-326a73464b3f,3,villager  torch *,45400,0,0,0,0,0,0,,,,,,,boss
Ethan,76808032-1d24-4b7b-b711-fd4ddd9d7ee3,3,villager  hoe *,45400,0,0,0,0,0,0,,,,,,small,
Ethan,ab197916-89dc-4b03-99d9-ca07fd971625,3,villager  torch *,45400,0,0,0,0,0,0,,,,,,,
Ethan,715a80bd-c665-4ec7-ac2a-6578998172d4,3,villager  crossbow *,45400,0,0,0,0,0,0,,,,,,,
Ethan,333f16a8-835d-47bd-a419-7e52e855f699,3,villager  hatchet *,45400,0,0,0,0,0,0,,,,,,,pesanta u3 mendez_2
Ethan,02f2e1cf-177f-4d38-9c6e-3035baace1f5,3,villager  hoe *,45400,0,0,0,0,0,0,,,,,,,
Ethan,e0a7e327-1bfa-4fc3-9514-d15155551e7b,3,villager  knife *,45400,0,0,0,0,0,0,,,,,,small,
Ethan,77a51072-0aef-482b-8aab-66e4e2a1e734,3,villager  hoe *,45400,0,0,0,0,0,0,,,,,,,
Ethan,36604ed5-2030-4f4a-ab66-0992d038b806,3,villager  machete *,45400,0,0,0,0,0,0,,,,,,small,
Ethan,ebbf32d5-0df2-449e-87e3-6c858977cd5c,3,villager  hatchet *,45400,0,0,0,0,0,0,,,,,,,
Ethan,5c1adb04-509c-49b0-9ba2-a7159684c0ba,3,villager  torch *,45400,0,0,0,0,0,0,,,,,,small,
Ethan,3fed9bf9-92da-4ec3-bc30-fd7d3fa9dbe7,3,villager  knife *,45400,0,0,0,0,0,0,,,,,,,
Ethan,b9e08930-9a3d-404b-9c7e-99b61665ae3b,3,villager  crossbow *,45400,0,0,0,0,0,0,,,,,,small,
Ethan,,3,[EXTRA] VILLAGE 2 // Shack Between Mendez House and Village,44102,-17,5,70,0,0,0,,245fb3d0-5d6d-4790-88a3-dd29c9753b60,,,,,boss colmillos
Ethan,,3,[EXTRA] VILLAGE 2 // Outside Shack Between Mendez House and Village,44102,-19,5,64,0,0,0,,245fb3d0-5d6d-4790-88a3-dd29c9753b60,,,,,boss colmillos
Ethan,,3,[EXTRA] VILLAGE 2 // Outside Door to Village,44100,-19,4,48,0,0,0,,245fb3d0-5d6d-4790-88a3-dd29c9753b60,,,,,boss colmillos
Ethan,,3,[EXTRA] VILLAGE 2 // Insignia Key House Close,40213,39,1,6,0,0,0,,245fb3d0-5d6d-4790-88a3-dd29c9753b60,,,,small,
Ethan,,3,[EXTRA] VILLAGE 2 // Insignia Key House Far,40213,33,1,6,0,0,0,,245fb3d0-5d6d-4790-88a3-dd29c9753b60,,,,small,
Ethan,,3,[EXTRA] GRAVEYARD // Insignia Key House under lantern,40213,35,1,11,0,0,0,,245fb3d0-5d6d-4790-88a3-dd29c9753b60,,,,small,
Ethan,,3,[EXTRA] GRAVEYARD // Guarding Church Gate,45200,86,9,80,0,0,0,,245fb3d0-5d6d-4790-88a3-dd29c9753b60,,,,small,
Ethan,,3,[EXTRA] GRAVEYARD // East Graveyard Path,45200,76,7,75,0,0,0,,245fb3d0-5d6d-4790-88a3-dd29c9753b60,,,,small,
Ethan,,3,[EXTRA] GRAVEYARD // North Graveyard Spawn,45200,92,10,79,0,0,0,,245fb3d0-5d6d-4790-88a3-dd29c9753b60,,,,small,
Ethan,,3,[EXTRA] GRAVEYARD // Northwest Graveyard Spawn,45200,88,7,69,0,0,0,,245fb3d0-5d6d-4790-88a3-dd29c9753b60,,,,small,
Ethan,,3,[EXTRA] CHURCH // Guarding Treasure Chest Behind Church,45200,114,10,112,0,0,0,,1d2d4566-31c9-4998-ad8d-c5d707c60f06,,,,,colmillos super-colmillos
Ethan,,3,[EXTRA] CHURCH // Behind Church,45200,102,10,117,0,0,0,,1d2d4566-31c9-4998-ad8d-c5d707c60f06,,,,,colmillos super-colmillos
Ethan,,3,[EXTRA] GIGANTE ARENA DAY // Guarding Wooden Gate,45301,173,8,152,0,0,0,,1d2d4566-31c9-4998-ad8d-c5d707c60f06,,,,small,
Ethan,,3,[EXTRA] GIGANTE ARENA DAY // Other side of Gate,45302,178,8,152,0,0,0,,1d2d4566-31c9-4998-ad8d-c5d707c60f06,,,,small,
Ethan,,3,[EXTRA] GIGANTE ARENA DAY // North side of room,45302,179,8,140,0,0,0,,1d2d4566-31c9-4998-ad8d-c5d707c60f06,,,,small,
Ethan,,3,[EXTRA] GIGANTE ARENA DAY // East side of room,45302,185,8,130,0,0,0,,1d2d4566-31c9-4998-ad8d-c5d707c60f06,,,,small,
Ethan,,3,[EXTRA] OUTSIDE FISH FARM // Next to Binoculars POI,45500,231,4,83,0,0,0,1d2d4566-31c9-4998-ad8d-c5d707c60f06,,,,,small,
Ethan,,3,[EXTRA] OUTSIDE FISH FARM // Guarding Ladder Top,45500,223,4,81,0,0,0,1d2d4566-31c9-4998-ad8d-c5d707c60f06,,,,,small,
Ethan,,3,[EXTRA] OUTSIDE FISH FARM // Ledge Middle,45500,213,1,79,0,0,0,1d2d4566-31c9-4998-ad8d-c5d707c60f06,,,,,small,
Ethan,,3,[EXTRA] OUTSIDE FISH FARM // Guarding Cave Entrance,45500,200.5,-0.1,71.3,0,0,0,1d2d4566-31c9-4998-ad8d-c5d707c60f06,,,,,small,
Ethan,,3,[EXTRA] OUTSIDE FISH FARM // Ledge By Box,45500,205,0,69,0,0,0,1d2d4566-31c9-4998-ad8d-c5d707c60f06,,,,,small,
Ethan,,3,[EXTRA] OUTSIDE FISH FARM // Cave Entrance to Fish Farm 1,45510,193,0,74,0,0,0,1d2d4566-31c9-4998-ad8d-c5d707c60f06,,,,,climber,
Ethan,,3,[EXTRA] OUTSIDE FISH FARM // Cave Entrance to Fish Farm 2,45400,180,0,78,0,0,0,1d2d4566-31c9-4998-ad8d-c5d707c60f06,,,,,climber,
Ethan,,3,[EXTRA] OUTSIDE FISH FARM // Guarding Pier,45500,231,-7,53,0,0,0,1d2d4566-31c9-4998-ad8d-c5d707c60f06,,,,,climber boss,
Ethan,,3,[EXTRA] OUTSIDE FISH FARM // Guarding Second Shack,45500,219,-5,59,0,0,0,1d2d4566-31c9-4998-ad8d-c5d707c60f06,,,,,climber boss,
Ethan,,3,[EXTRA] OUTSIDE FISH FARM // Guarding Hex Puzzle,45500,209,-4,72,0,0,0,1d2d4566-31c9-4998-ad8d-c5d707c60f06,,,,,climber boss,
Ethan,,3,[EXTRA] FISH FARM // Guarding Gasoline,45410,112,-4,47,0,0,0,1d2d4566-31c9-4998-ad8d-c5d707c60f06,,,,,small,
Ethan,493e2bef-f232-4689-911d-02b75c432363,3,villager  machete .,40110,0,0,0,0,0,0,,,,,,,
Ethan,2757baae-795e-4eba-82c6-a1114491f5bc,3,villager   *,40110,0,0,0,0,0,0,,,,,,,
Ethan,80f4e6ea-985e-4cce-8c02-0c284ff50240,3,villager  hatchet *,40110,0,0,0,0,0,0,,,,,,,
Ethan,060673da-e2ef-4097-a8e9-4f89ed6b9a69,3,villager  pitchfork *,40100,0,0,0,0,0,0,,,,,,,
Ethan,f64b6624-89ba-4659-b234-714256f59162,3,villager  hatchet *,40100,0,0,0,0,0,0,,,,,,,
Ethan,1bbac36b-8d94-4b28-929d-2ff7ead2e4ac,3,ch8g1z0   Hand Grenade x1,40100,0,0,0,0,0,0,,,,,,,
Ethan,a97c6a69-cfb3-4a58-ac3d-a6ed72f61d05,3,ch8g1z0   .,40100,0,0,0,0,0,0,,,,,,,
Ethan,e1a98448-d4ba-4e1c-99a7-07ae3c5b808a,3,ch8g1z0   .,40100,0,0,0,0,0,0,,,,,,,
Ethan,a51cf4b4-b713-46c5-8949-5e0d3e2f08a9,3,ch8g1z0   Pesetas x500,40100,0,0,0,0,0,0,,,,,,,
Ethan,82398bff-bf93-47c7-bbb5-9ce600f10dab,3,ch8g1z0   .,40101,0,0,0,0,0,0,,,,,,,
Ethan,c63e08fa-c17d-438d-afa1-ff0f21520625,3,ch8g1z0   .,40101,0,0,0,0,0,0,,,,,,,
Ethan,6bb9c8ac-85e7-4a68-9cdf-058cfea367f2,3,ch8g1z0   .,40101,0,0,0,0,0,0,,,,,,,
Ethan,90fa123c-1281-4bc6-8055-bf7c718709b9,3,villager  hatchet * // Corner in Head Cave,40102,0,0,0,0,0,0,,,,,,,
Ethan,19b7057c-2463-4c8b-adf2-ef4ee3bca075,3,police   .,40100,0,0,0,0,0,0,,,,,preserve noduplicate nowave,,
Ethan,cf55be15-d8e5-4e84-b854-e8c296f5f26c,3,ch2b1z0   .,40100,0,0,0,0,0,0,,,,,preserve noduplicate,,
Ethan,0b08a2d7-1755-467f-b8e5-2b0f2ec047b7,3,cow   .,40200,0,0,0,0,0,0,,,,,preserve noduplicate,,
Ethan,d46eaaf0-dd11-4462-bbc6-19fe54082f08,3,viper   Viper x1,40212,0,0,0,0,0,0,,,,,preserve noduplicate,,
Ethan,415c4837-610e-45cb-a724-9984c4cffee2,3,viper   Viper x1,45400,0,0,0,0,0,0,,,,,preserve noduplicate,,
Ethan,e1126869-4317-424d-a622-e539d30da455,3,viper   Viper x1,45400,0,0,0,0,0,0,,,,,preserve noduplicate,,
Ethan,59d6cbc5-f3dc-4eec-8bbb-b1c98d1de18e,3,viper   Viper x1,45400,0,0,0,0,0,0,,,,,preserve noduplicate,,
Ethan,2abd079a-7e11-4ac5-bb07-c3f54754b23c,3,viper   Viper x1,45400,0,0,0,0,0,0,,,,,preserve noduplicate,,
Ethan,baf97a3d-4d25-44cb-bef0-f9529c03d6af,3,viper   Viper x1,45400,0,0,0,0,0,0,,,,,preserve noduplicate,,
Ethan,0d960ac3-6fee-4f3e-8d0c-0b44abc97ffe,3,viper   Viper x1,45400,0,0,0,0,0,0,,,,,preserve noduplicate,,
Ethan,c9139867-8bf2-4b04-af97-3db38b04b0e5,3,viper   Viper x1,45300,0,0,0,0,0,0,,,,,preserve noduplicate,,
Ethan,ae0f964e-c6c1-456c-8eaa-a2e3ee6dac42,3,Del Lago,46100,0,0,0,0,0,0,,,,,preserve noduplicate nowave,,
Ethan,3ddb219b-a293-4acf-b1f4-03fd7983fdb5,4,villager pA(25%) hatchet *,46200,0,0,0,0,0,0,,,,,,,mendez_2 krauser_1
Ethan,ab2eba46-0fbb-4c24-82da-365a8157354d,4,villager pA(25%) torch *,46200,0,0,0,0,0,0,,,,,,,
Ethan,0979dbaf-fc50-4886-a225-56a053704f60,4,villager pA(25%) molotov *,46200,0,0,0,0,0,0,,,,,,,
Ethan,731331cf-2f88-4b7e-906b-3da3c462ebe3,4,villager pA(25%) hatchet *,46200,0,0,0,0,0,0,,,,,,,
Ethan,a1e608fb-cfca-4124-a737-43680c1ec3d9,4,villager pA(25%) molotov *,46200,0,0,0,0,0,0,,,,,,,mendez_2 krauser_1
Ethan,97230028-6290-43f0-9e72-ce3763dc5218,4,villager pA(25%) torch *,46200,0,0,0,0,0,0,,,,,,,
Ethan,eb2f1c21-6c01-4ba8-9134-2ca0fa91c652,4,villager pA(30%) torch *,46200,0,0,0,0,0,0,,,,,,,mendez_2 krauser_1
Ethan,c4f1bc31-b056-4984-ad35-ca4e8ad9be5d,4,villager pA(30%) hatchet *,46200,0,0,0,0,0,0,,,,,,,mendez_2 krauser_1
Ethan,25988a00-ea1d-49ab-a37f-b0aa968d3f46,4,villager pA(30%) dynamite *,46200,0,0,0,0,0,0,,,,,,,mendez_2 krauser_1
Ethan,d1e9e42e-1200-44ae-9dd7-957425210c43,4,villager pA(25%) hoe *,46200,0,0,0,0,0,0,,,,,,,mendez_2 krauser_1
Ethan,fb4d058f-f100-4001-9bb9-8aaf5674a15c,4,villager pA(25%) molotov *,46200,0,0,0,0,0,0,,,,,,,mendez_2 krauser_1
Ethan,fd1fa6d4-1a5e-4b93-9c12-0844f21e848a,4,villager pA(100%) machete *,46200,0,0,0,0,0,0,,,,,,,
Ethan,e7e9fb7c-e1ee-41d3-adb7-c6670e8d3efa,4,villager pA(30%) hatchet *,46200,0,0,0,0,0,0,,,,,,,mendez_2 krauser_1
Ethan,6ac6b7c6-f672-498d-8f7a-9ee589e9bec6,4,villager pA(25%) dynamite *,46200,0,0,0,0,0,0,,,,,,,mendez_2 krauser_1
Ethan,52ac6206-002d-4ce9-8e66-68b9e8163927,4,villager pA(25%) shovel *,46200,0,0,0,0,0,0,,,,,,,
Ethan,c4802138-2cb7-4b18-8953-31950c9defef,4,villager pA(25%) molotov *,46200,0,0,0,0,0,0,,,,,,,
Ethan,f0862cac-a1f6-4e71-b631-f277df501af3,4,villager pA(100%)  * // Ritual Site Cutscene Enemy,46100,0,0,0,0,0,0,,,,,,,chainsaw chainsaw_mad
Ethan,de81d7ec-2156-42a3-af94-f4dd8fb52001,4,villager pA(100%) machete *,46100,0,0,0,0,0,0,,,,,,,
Ethan,f2789c0b-6ac1-4dce-a5c9-f084f1bed5ee,4,villager pA(25%) torch *,43400,0,0,0,0,0,0,,,,,,,
Ethan,e525aa44-0945-464e-81e0-756bb464c3c8,4,villager pA(25%) torch *,43400,0,0,0,0,0,0,,,,,,,
Ethan,3cc18272-babf-45c1-a864-a3682c6dfbad,4,villager pA(25%) torch *,43400,0,0,0,0,0,0,,,,,,,
Ethan,7c30f50c-b269-4291-9738-8495588fc0ee,4,villager pA(25%) torch *,43400,0,0,0,0,0,0,,,,,,,
Ethan,75bd74f3-51cb-4226-ba39-90cb4aff412b,4,villager pA(25%) torch *,43400,0,0,0,0,0,0,,,,,,,
Ethan,755e4e52-c765-46f8-801d-f03df478c4f7,4,villager pA(25%) hatchet *,43400,0,0,0,0,0,0,,,,,,,
Ethan,cad3bf86-60d7-4eb4-9b17-a103007c11dd,4,colmillos   *,43400,0,0,0,0,0,0,,,,,,fodder elite,
Ethan,5b724554-a959-4248-9a17-b677d6245ea4,4,colmillos   *,43400,0,0,0,0,0,0,,,,,,fodder elite,
Ethan,bab5e13f-1ff5-4de7-a464-4df53fdd23f9,4,colmillos   *,43400,0,0,0,0,0,0,,,,,,fodder elite,
Ethan,a2f5c81d-7ef6-4a7f-a2da-c619ad1be342,4,colmillos   *,43400,0,0,0,0,0,0,,,,,,fodder elite,
Ethan,5d850e68-5ae8-4b8e-a781-1c066f2ae9f0,4,colmillos   *,45200,0,0,0,0,0,0,,,,,,fodder elite,
Ethan,85c77320-a38b-4784-b9b4-abc1eb4d4dc4,4,colmillos   .,45200,0,0,0,0,0,0,,,,,,fodder elite,
Ethan,,4,[EXTRA] DOCK HOUSE // Ambush Left,46111,344,-6,97,0,0,0,,,,,,small,
Ethan,,4,[EXTRA] DOCK HOUSE // Ambush Right,46111,340,-6,98,0,0,0,,,,,,small,
Ethan,,4,[EXTRA] DOCK HOUSE // Right of Dockhouse exterior,46100,342,-6,109,0,0,0,6307403a-cad9-4a03-9408-a9142b07854b,,,,,small,
Ethan,,4,[EXTRA] DOCK HOUSE // Path Ahead Dockhouse exterior,46100,348,-7,109,0,0,0,6307403a-cad9-4a03-9408-a9142b07854b,,,,,small,
Ethan,,4,[EXTRA] DOCK HOUSE // Left of Dockhouse Outside 2,46100,354,-6,105,0,0,0,6307403a-cad9-4a03-9408-a9142b07854b,,,,,small,
Ethan,,4,[EXTRA] DOCK HOUSE // Left of Dockhouse Outside ,46100,356,-6,98,0,0,0,6307403a-cad9-4a03-9408-a9142b07854b,,,,,small,
Ethan,,4,[EXTRA] DOCK HOUSE // Path Ahead of Dockhouse Outside,46100,349,-7,116,0,0,0,6307403a-cad9-4a03-9408-a9142b07854b,,,,,small,
Ethan,,4,[EXTRA] DOCK HOUSE // Path ahead of Dockhouse outside 3,46100,350,-7,125,0,0,0,6307403a-cad9-4a03-9408-a9142b07854b,,,,,small,
Ethan,,4,[EXTRA] RITUAL SITE // Guarding top of stairs,46100,310,-4,109,0,0,0,,,,,,small,
Ethan,,4,[EXTRA] RITUAL SITE // Guarding Cave,46201,308,-4,129,0,0,0,,,,,,small,
Ethan,,4,[EXTRA] INSIGNIA CAVE // Guarding Insignia,46201,309,-4,158,0,0,0,c14fbd83-c6f5-44ed-ad25-76170a3f774a,,,,,,chainsaw_mad* garrador* chainsaw* mendez_chase* krauser_1*
Ethan,,4,[EXTRA] INSIGNIA CAVE // Guarding Boat Right,46201,290,-7,142,0,0,0,c14fbd83-c6f5-44ed-ad25-76170a3f774a,,,,,,chainsaw_mad garrador chainsaw mendez_chase krauser_1
Ethan,,4,[EXTRA] INSIGNIA CAVE // Guarding Boat Left,46201,283,-7,143,0,0,0,c14fbd83-c6f5-44ed-ad25-76170a3f774a,,,,,,chainsaw_mad garrador chainsaw mendez_chase krauser_1
Ethan,,4,[EXTRA] BAWK ISLAND // ,46100,413,-7,-25,0,0,0,13a4bbb1-b04c-414b-a940-22ace28a7f25,,,,,,
Ethan,,4,[EXTRA],46100,417,-7,-23,0,0,0,13a4bbb1-b04c-414b-a940-22ace28a7f25,,,,,,
Ethan,,4,[EXTRA],46100,415,-7,-17,0,0,0,13a4bbb1-b04c-414b-a940-22ace28a7f25,,,,,,
Ethan,,4,[EXTRA],46100,413,-7,-23,0,0,0,13a4bbb1-b04c-414b-a940-22ace28a7f25,,,,,,
Ethan,,4,[EXTRA],46110,405,-6,-152,0,0,0,13a4bbb1-b04c-414b-a940-22ace28a7f25,,,,,small,
Ethan,,4,[EXTRA],46110,397,-6,-150,0,0,0,13a4bbb1-b04c-414b-a940-22ace28a7f25,,,,,small,
Ethan,,4,[EXTRA],46110,403,-6,-150,0,0,0,13a4bbb1-b04c-414b-a940-22ace28a7f25,,,,,small,
Ethan,,4,[EXTRA],46100,300,-7,-12,0,0,0,13a4bbb1-b04c-414b-a940-22ace28a7f25,,,,,small,
Ethan,,4,[EXTRA],45300,118,-7,143,0,0,0,13a4bbb1-b04c-414b-a940-22ace28a7f25,,,,,,
Ethan,,4,[EXTRA],45300,122,-7,147,0,0,0,13a4bbb1-b04c-414b-a940-22ace28a7f25,,,,,,
Ethan,,4,[EXTRA],45300,116,-5,140,0,0,0,13a4bbb1-b04c-414b-a940-22ace28a7f25,,,,,small,
Ethan,,4,[EXTRA],45300,126,-4,142,0,0,0,13a4bbb1-b04c-414b-a940-22ace28a7f25,,,,,small,
Ethan,,4,[EXTRA],45301,141,9,142,0,0,0,13a4bbb1-b04c-414b-a940-22ace28a7f25,,,,,small,
Ethan,,4,[EXTRA],45300,124,9,139,0,0,0,13a4bbb1-b04c-414b-a940-22ace28a7f25,,,,,small,
Ethan,,4,[EXTRA],45300,112,9,130,0,0,0,13a4bbb1-b04c-414b-a940-22ace28a7f25,,,,,small,
Ethan,,4,[EXTRA],45300,98,8,137,0,0,0,13a4bbb1-b04c-414b-a940-22ace28a7f25,,,,,small,
Ethan,,4,[EXTRA],45200,94,10,85,0,0,0,13a4bbb1-b04c-414b-a940-22ace28a7f25,,,,,,
Ethan,,4,[EXTRA],45200,86,10,95,0,0,0,13a4bbb1-b04c-414b-a940-22ace28a7f25,,,,,,
Ethan,,4,[EXTRA],45401,104,11,98,0,0,0,13a4bbb1-b04c-414b-a940-22ace28a7f25,,,,,small,
Ethan,,4,[EXTRA],45401,103,11,104,0,0,0,13a4bbb1-b04c-414b-a940-22ace28a7f25,,,,,small,
Ethan,,4,[EXTRA],45401,108,11,95,0,0,0,13a4bbb1-b04c-414b-a940-22ace28a7f25,,,,,small,
Ethan,,4,[EXTRA],45401,104,16,105,0,0,0,13a4bbb1-b04c-414b-a940-22ace28a7f25,,,,,small,
Ethan,,4,[EXTRA],45401,97,16,99,0,0,0,13a4bbb1-b04c-414b-a940-22ace28a7f25,,,,,small,
Ethan,,4,[EXTRA],45401,103,16,91,0,0,0,13a4bbb1-b04c-414b-a940-22ace28a7f25,,,,,small,
Ethan,484ec7c2-ded4-49d7-819b-23f6e23a208a,4,el_gigante   .,45302,0,0,0,0,0,0,,,,,preserve noduplicate nowave,,
Ethan,0ac27748-d843-4759-ad87-d79f68b93fc3,4,wolf   *,45302,0,0,0,0,0,0,,,,,preserve noduplicate nowave,,
Ethan,,4,[EXTRA],45302,170,8,141,0,0,0,452c74e5-f786-428a-b538-9f58d0fd51dd,,,,,fodder elite chainsaw_mad,
Ethan,,4,[EXTRA],45302,179,8,132,0,0,0,452c74e5-f786-428a-b538-9f58d0fd51dd,,,,,fodder elite chainsaw_mad,
Ethan,,4,[EXTRA],45302,187,8,130,0,0,0,452c74e5-f786-428a-b538-9f58d0fd51dd,,,,,fodder elite chainsaw_mad,
Ethan,,4,[EXTRA],45302,195,8,139,0,0,0,452c74e5-f786-428a-b538-9f58d0fd51dd,,,,,fodder elite chainsaw_mad,
Ethan,2526d07e-ca07-4676-8512-119ece440fa3,5,ashley_1   .,45210,0,0,0,0,0,0,,,,,preserve noduplicate nowave,,
Ethan,45a30278-212c-4ceb-b8b1-403ee9494747,5,villager_2 pA(50%) hatchet *,45401,0,0,0,0,0,0,,,,,,,ashleyunsafe
Ethan,e8eb5d2a-ba66-408a-b186-1592f8c04191,5,villager_2 pA(25%) torch *,45401,0,0,0,0,0,0,,,,,,,ashleyunsafe
Ethan,26f0c018-b535-4a11-a1db-6bf28fc848cf,5,villager_2 pA(50%) torch *,45401,0,0,0,0,0,0,,,,,,,ashleyunsafe
Ethan,7cb46c28-1577-4616-b8e9-ccc17848449f,5,villager_2 pA(50%) hatchet *,45401,0,0,0,0,0,0,,,,,,,ashleyunsafe
Ethan,c6b59d63-e24e-471f-b001-15efdb161002,5,villager_2 pA(50%) torch *,45200,0,0,0,0,0,0,,,,,,,ashleyunsafe
Ethan,3b66428c-055e-4826-a4d6-6db61391f138,5,villager_2 pA(50%) torch *,45200,0,0,0,0,0,0,,,,,,,ashleyunsafe
Ethan,3ce0d457-8bf8-4b61-933a-dfb1c61a9de6,5,villager_2 pA(100%) hatchet *,45200,0,0,0,0,0,0,,,,,,,ashleyunsafe
Ethan,b6bc9f87-a0fc-463d-a35c-673aa88a42a0,5,villager_2 pA(50%) hoe *,45200,0,0,0,0,0,0,,,,,,,ashleyunsafe
Ethan,e2d7c4e6-5d03-4f24-85ee-db541faeee4a,5,villager_2 pA(50%) torch *,45200,0,0,0,0,0,0,,,,,,,ashleyunsafe
Ethan,f8d33d7d-d412-4dbc-92d1-c03265e5014a,5,villager_2 pA(30%) molotov *,45200,0,0,0,0,0,0,,,,,,,ashleyunsafe
Ethan,2ff99fc0-c11f-4752-9da1-ae30fef17e26,5,villager_2 pA(100%) torch *,45200,0,0,0,0,0,0,,,,,,,ashleyunsafe
Ethan,fda43ccc-36c5-43b9-bde5-2188a08f08c8,5,villager_2  torch *,40200,0,0,0,0,0,0,,,,,,,ashleyunsafe
Ethan,7c90bf5d-56dd-4d4f-89b1-42b9ad36dd89,5,villager_2 pA(30%) torch *,40200,0,0,0,0,0,0,,,,,,,ashleyunsafe
Ethan,d7d53ea5-58dd-4db8-a9cd-8451b2c2770f,5,villager_2 pA(100%) pitchfork *,40200,0,0,0,0,0,0,,,,,,,ashleyunsafe
Ethan,68a5a93a-660f-40b8-9390-66af1d865a08,5,villager_2 pA(30%) torch *,40200,0,0,0,0,0,0,,,,,,,ashleyunsafe
Ethan,d4f9e170-876c-46f5-add6-565a83a69525,5,villager_2 pA(25%) hoe *,40200,0,0,0,0,0,0,,,,,,,ashleyunsafe
Ethan,8e9782c5-3de1-490d-abce-24498a4cea1e,5,villager_2 pA(25%) torch *,40200,0,0,0,0,0,0,,,,,,,ashleyunsafe
Ethan,1da8386a-9144-4950-9a91-ebaded80c533,5,villager_2 pA(25%) torch *,40210,0,0,0,0,0,0,,,,,,,ashleyunsafe
Ethan,f5e19380-486a-4c4d-9227-6936a110fd45,5,villager_2 pA(25%)  *,40200,0,0,0,0,0,0,,,,,,,ashleyunsafe
Ethan,a3261cb0-ddcc-4be3-a9ae-92381c8101ae,5,villager_2 pA(100%) torch *,40200,0,0,0,0,0,0,,,,,,,ashleyunsafe
Ethan,56463088-741b-4ae2-a4f2-e4691f787db2,5,villager_2  molotov *,40200,0,0,0,0,0,0,,,,,,,ashleyunsafe
Ethan,eb0115ec-6a86-4fcc-9438-4e85f4eed890,5,villager_2  hammer Sapphire x1,40200,0,0,0,0,0,0,,,,,,,ashleyunsafe
Ethan,cd43b230-e27f-450c-9f50-1629cd11f8c6,5,villager_2 pA(100%) torch *,43300,0,0,0,0,0,0,,,,,,,ashleyunsafe
Ethan,320ce183-402f-4e54-98ea-216fc4b98cfa,5,villager_2 pA(30%) torch *,43300,0,0,0,0,0,0,,,,,,,ashleyunsafe
Ethan,14f66159-a9cf-4bca-9a48-1149d6827a97,5,villager_2 pA(25%)  *,43300,0,0,0,0,0,0,,,,,,,ashleyunsafe
Ethan,22ce72e5-1122-4fe5-8585-02b1ba6feccc,5,villager_2 pA(30%) pitchfork *,43310,0,0,0,0,0,0,,,,,,,ashleyunsafe
Ethan,6f275fa4-3534-4ddf-85d1-11f7ed82f246,5,villager_2 pA(30%) torch *,43300,0,0,0,0,0,0,,,,,,,ashleyunsafe
Ethan,8cf43fa7-91f1-4924-a9a2-889ead8a0be4,5,villager_2 pA(30%) torch *,43310,0,0,0,0,0,0,,,,,,,ashleyunsafe
Ethan,467d8ce2-db14-495b-b37e-9c3c094a48fb,5,brute   Emerald x1,43300,0,0,0,0,0,0,,,,,,,ashleyunsafe
Ethan,66ae425a-9c7e-4660-ba50-1ff65c0c8c77,5,villager_2  torch *,43300,0,0,0,0,0,0,,,,,,,ashleyunsafe
Ethan,5bb5c451-e1b6-491e-9187-780752795d8c,5,villager_2  torch *,43300,0,0,0,0,0,0,,,,,,,ashleyunsafe
Ethan,8c7ed602-fd7b-4a44-9dea-034b49879754,5,villager_2  hoe *,43300,0,0,0,0,0,0,,,,,,,ashleyunsafe
Ethan,8838795c-b27f-4d3f-a6dc-8b4a65364eed,5,villager_2  torch *,43300,0,0,0,0,0,0,,,,,,,ashleyunsafe
Ethan,3e34749c-d2b8-433d-93ea-17c876a86b2f,5,villager_2  torch *,43300,0,0,0,0,0,0,,,,,,,ashleyunsafe
Ethan,626b3e69-b510-4657-b513-0d6ad030bfe1,5,colmillos   Alexandrite x1,44101,0,0,0,0,0,0,,,,,,,ashleyunsafe
Ethan,95c8581e-0ce3-4722-a83e-3a6dc2815174,5,colmillos   Alexandrite x1,40200,0,0,0,0,0,0,,,Ethan-savage-mutt,,noduplicate nowave,,fodder elite invincible krauser_1
Ethan,2b3bc7f9-1164-42ec-a6ce-d13bf401fc11,5,ashley_2   .,43301,0,0,0,0,0,0,,,,,preserve noduplicate nowave,,
Ethan,2bf139b2-e92a-43a3-be51-96dcf51c04f0,5,villager_2  hatchet Handgun Ammo x10,43301,0,0,0,0,0,0,,,,,,,villager_range zealot_range soldier_range brute_range arana super-colmillos colmillos krauser_1 krauser_2 pesanta u3 novistador garrador armadura gold-armadura mendez_chase verdugo mendez_2 cow pig
Ethan,8cd9592e-45ed-4e26-a5bb-f6806394e4ae,5,villager_2  machete it_sm71_500_10_0 x1,43301,0,0,0,0,0,0,,,,,,,villager_range zealot_range soldier_range brute_range arana super-colmillos colmillos krauser_1 krauser_2 pesanta u3 novistador garrador armadura gold-armadura mendez_chase verdugo mendez_2 cow pig
Ethan,44b15c6a-c6cf-4bdf-bd05-c7c914b7b387,5,villager_2  pitchfork Wooden Planks x1,43301,0,0,0,0,0,0,,,,,,,villager_range zealot_range soldier_range brute_range arana super-colmillos colmillos krauser_1 krauser_2 pesanta u3 novistador garrador armadura gold-armadura mendez_chase verdugo mendez_2 cow pig
Ethan,44b0b56e-e031-4473-b04a-b4def0d00864,5,villager_2  torch Wooden Planks x1,43301,0,0,0,0,0,0,,,,,,,villager_range zealot_range soldier_range brute_range arana super-colmillos colmillos krauser_1 krauser_2 pesanta u3 novistador garrador armadura gold-armadura mendez_chase verdugo mendez_2 cow pig
Ethan,b99b5d8d-406b-4a0a-9e0b-8e931f87960e,5,villager_2 pA(50%) knife Wooden Planks x1,43301,0,0,0,0,0,0,,,,,,,villager_range zealot_range soldier_range brute_range arana super-colmillos colmillos krauser_1 krauser_2 pesanta u3 novistador garrador armadura gold-armadura mendez_chase verdugo mendez_2 cow pig
Ethan,4f3694d0-a6cc-41eb-baf4-c4475b542b1a,5,villager_2   Handgun Ammo x10,43301,0,0,0,0,0,0,,,,,,,villager_range zealot_range soldier_range brute_range arana super-colmillos colmillos krauser_1 krauser_2 pesanta u3 novistador garrador armadura gold-armadura mendez_chase verdugo mendez_2 cow pig
Ethan,3b1ddc4c-2a8a-4fc9-950f-ebb201d780f3,5,villager_2   it_sm71_501_10_0 x1,43311,0,0,0,0,0,0,,,,,,,villager_range zealot_range soldier_range brute_range arana super-colmillos colmillos krauser_1 krauser_2 pesanta u3 novistador garrador armadura gold-armadura mendez_chase verdugo mendez_2 cow pig
Ethan,726001e1-253d-4a8f-b3b2-27b6c92ae242,5,villager_2   Wooden Planks x1,43311,0,0,0,0,0,0,,,,,,,villager_range zealot_range soldier_range brute_range arana super-colmillos colmillos krauser_1 krauser_2 pesanta u3 novistador garrador armadura gold-armadura mendez_chase verdugo mendez_2 cow pig
Ethan,6d222620-e341-453f-9a4a-3d84fc725aca,5,villager_2   it_sm71_501_10_0 x1,43311,0,0,0,0,0,0,,,,,,,villager_range zealot_range soldier_range brute_range arana super-colmillos colmillos krauser_1 krauser_2 pesanta u3 novistador garrador armadura gold-armadura mendez_chase verdugo mendez_2 cow pig
Ethan,4bae7e39-e7ce-45d8-a6af-ca43f98bc3f0,5,villager_2  hammer Emerald x1,43301,0,0,0,0,0,0,,,,,,,villager_range zealot_range soldier_range brute_range arana super-colmillos colmillos krauser_1 krauser_2 pesanta u3 novistador garrador armadura gold-armadura mendez_chase verdugo mendez_2 cow pig
Ethan,3f5a6e2f-ea98-45aa-a8a6-65d314ead54a,5,villager_2  knife *,43301,0,0,0,0,0,0,,,,,,,villager_range zealot_range soldier_range brute_range arana super-colmillos colmillos krauser_1 krauser_2 pesanta u3 novistador garrador armadura gold-armadura mendez_chase verdugo mendez_2 cow pig
Ethan,0f2dc793-e360-4a4f-a7bd-4bff959c0e76,5,villager_2  hatchet Wooden Planks x1,43301,0,0,0,0,0,0,,,,,,,villager_range zealot_range soldier_range brute_range arana super-colmillos colmillos krauser_1 krauser_2 pesanta u3 novistador garrador armadura gold-armadura mendez_chase verdugo mendez_2 cow pig
Ethan,b09cc665-0449-415a-a542-42d06414b594,5,villager_2  machete Wooden Planks x1,43301,0,0,0,0,0,0,,,,,,,villager_range zealot_range soldier_range brute_range arana super-colmillos colmillos krauser_1 krauser_2 pesanta u3 novistador garrador armadura gold-armadura mendez_chase verdugo mendez_2 cow pig
Ethan,73bc72b7-c3bd-45a9-80fa-2f2164005c79,5,villager_2  torch it_sm71_500_10_0 x1,43301,0,0,0,0,0,0,,,,,,,villager_range zealot_range soldier_range brute_range arana super-colmillos colmillos krauser_1 krauser_2 pesanta u3 novistador garrador armadura gold-armadura mendez_chase verdugo mendez_2 cow pig
Ethan,40894367-c268-4a84-bba5-a9c6bcb73e72,5,villager_2  pitchfork *,43301,0,0,0,0,0,0,,,,,,,villager_range zealot_range soldier_range brute_range arana super-colmillos colmillos krauser_1 krauser_2 pesanta u3 novistador garrador armadura gold-armadura mendez_chase verdugo mendez_2 cow pig
Ethan,b2afc4ab-a617-4e2d-81b2-1b94d66e1b60,5,villager_2  hoe Wooden Planks x1,43301,0,0,0,0,0,0,,,,,,,villager_range zealot_range soldier_range brute_range arana super-colmillos colmillos krauser_1 krauser_2 pesanta u3 novistador garrador armadura gold-armadura mendez_chase verdugo mendez_2 cow pig
Ethan,c4894a85-4d6e-4699-aaaf-82b97c2f36b2,5,villager_2  torch it_sm71_500_10_0 x1,43301,0,0,0,0,0,0,,,,,,,villager_range zealot_range soldier_range brute_range arana super-colmillos colmillos krauser_1 krauser_2 pesanta u3 novistador garrador armadura gold-armadura mendez_chase verdugo mendez_2 cow pig
Ethan,e5cfb50d-f590-4f07-ae8b-1fbd13e1eea8,5,villager_2  torch *,43301,0,0,0,0,0,0,,,,,,,villager_range zealot_range soldier_range brute_range arana super-colmillos colmillos krauser_1 krauser_2 pesanta u3 novistador garrador armadura gold-armadura mendez_chase verdugo mendez_2 cow pig
Ethan,5e151d9a-3dde-4435-8c93-5c800ed98f71,5,villager_2  machete *,43301,0,0,0,0,0,0,,,,,,,villager_range zealot_range soldier_range brute_range arana super-colmillos colmillos krauser_1 krauser_2 pesanta u3 novistador garrador armadura gold-armadura mendez_chase verdugo mendez_2 cow pig
Ethan,82f2ae08-446d-4a92-a443-b475f4da3a05,5,villager_2  hatchet *,43301,0,0,0,0,0,0,,,,,,,villager_range zealot_range soldier_range brute_range arana super-colmillos colmillos krauser_1 krauser_2 pesanta u3 novistador garrador armadura gold-armadura mendez_chase verdugo mendez_2 cow pig
Ethan,4da6eb6a-8806-4075-a164-b62cae254a2a,5,villager_2  shovel Gunpowder x5,43301,0,0,0,0,0,0,,,,,,,villager_range zealot_range soldier_range brute_range arana super-colmillos colmillos krauser_1 krauser_2 pesanta u3 novistador garrador armadura gold-armadura mendez_chase verdugo mendez_2 cow pig
Ethan,d21288e0-880e-4cdd-8deb-06a21612e049,5,villager_2  hatchet *,43301,0,0,0,0,0,0,,,,,,,villager_range zealot_range soldier_range brute_range arana super-colmillos colmillos krauser_1 krauser_2 pesanta u3 novistador garrador armadura gold-armadura mendez_chase verdugo mendez_2 cow pig
Ethan,ce5ca88f-531f-4fc3-bc64-1baa0ebc92bd,5,villager_2   Wooden Planks x1,43301,0,0,0,0,0,0,,,,,,,villager_range zealot_range soldier_range brute_range arana super-colmillos colmillos krauser_1 krauser_2 pesanta u3 novistador garrador armadura gold-armadura mendez_chase verdugo mendez_2 cow pig
Ethan,66e4acbf-9c7f-4859-a807-9fd82cff686e,5,villager_2  hoe Handgun Ammo x10,43301,0,0,0,0,0,0,,,,,,,villager_range zealot_range soldier_range brute_range arana super-colmillos colmillos krauser_1 krauser_2 pesanta u3 novistador garrador armadura gold-armadura mendez_chase verdugo mendez_2 cow pig
Ethan,733c2e8b-6d50-41a4-956f-cf385051f66f,5,villager_2 pA(70%) knife *,43301,0,0,0,0,0,0,,,,,,,villager_range zealot_range soldier_range brute_range arana super-colmillos colmillos krauser_1 krauser_2 pesanta u3 novistador garrador armadura gold-armadura mendez_chase verdugo mendez_2 cow pig
Ethan,27865874-fee2-4d20-b9ef-99a11b7e80a0,5,villager_2 pA(100%) hatchet *,43301,0,0,0,0,0,0,,,,,,,villager_range zealot_range soldier_range brute_range arana super-colmillos colmillos krauser_1 krauser_2 pesanta u3 novistador garrador armadura gold-armadura mendez_chase verdugo mendez_2 cow pig
Ethan,90ac9305-8ce3-44a2-b441-5d1aa2bf7428,5,villager_2 pA(0%) torch Wooden Planks x1,43301,0,0,0,0,0,0,,,,,,,villager_range zealot_range soldier_range brute_range arana super-colmillos colmillos krauser_1 krauser_2 pesanta u3 novistador garrador armadura gold-armadura mendez_chase verdugo mendez_2 cow pig
Ethan,499f80cc-d7b4-48a3-ac76-f12d563fdd4b,5,villager_2 pA(0%) hoe Shotgun Shells x5,43301,0,0,0,0,0,0,,,,,,,villager_range zealot_range soldier_range brute_range arana super-colmillos colmillos krauser_1 krauser_2 pesanta u3 novistador garrador armadura gold-armadura mendez_chase verdugo mendez_2 cow pig
Ethan,593a2e21-8087-4ab8-a5b9-c9931a2e8f64,5,villager_2  machete it_sm71_500_10_0 x1,43301,0,0,0,0,0,0,,,,,,,villager_range zealot_range soldier_range brute_range arana super-colmillos colmillos krauser_1 krauser_2 pesanta u3 novistador garrador armadura gold-armadura mendez_chase verdugo mendez_2 cow pig
Ethan,f4781e5b-36f8-493f-ae88-66f2d7f7c1ff,5,villager_2 pA(10%) torch Resources (Small) x1,43301,0,0,0,0,0,0,,,,,,,villager_range zealot_range soldier_range brute_range arana super-colmillos colmillos krauser_1 krauser_2 pesanta u3 novistador garrador armadura gold-armadura mendez_chase verdugo mendez_2 cow pig
Ethan,5ef54085-390a-4031-a0e1-aadeab58b97e,5,villager_2 pA(100%)  *,43301,0,0,0,0,0,0,,,,,,,villager_range zealot_range soldier_range brute_range arana super-colmillos colmillos krauser_1 krauser_2 pesanta u3 novistador garrador armadura gold-armadura mendez_chase verdugo mendez_2 cow pig
Ethan,e5391257-1d42-42ed-a54a-93f972f2ba81,5,villager_2 pA(10%) shovel *,43301,0,0,0,0,0,0,,,,,,,villager_range zealot_range soldier_range brute_range arana super-colmillos colmillos krauser_1 krauser_2 pesanta u3 novistador garrador armadura gold-armadura mendez_chase verdugo mendez_2 cow pig
Ethan,47abbdba-d83f-4f80-974d-2717bb9edafb,5,villager_2   Gunpowder x3,43301,0,0,0,0,0,0,,,,,,,villager_range zealot_range soldier_range brute_range arana super-colmillos colmillos krauser_1 krauser_2 pesanta u3 novistador garrador armadura gold-armadura mendez_chase verdugo mendez_2 cow pig
Ethan,65542bce-0833-4d46-bbfe-03011eb0dab9,5,villager_2  knife *,43301,0,0,0,0,0,0,,,,,,,villager_range zealot_range soldier_range brute_range arana super-colmillos colmillos krauser_1 krauser_2 pesanta u3 novistador garrador armadura gold-armadura mendez_chase verdugo mendez_2 cow pig
Ethan,8f47ef2a-83c7-4a98-962b-2194a47d2179,5,villager_2  torch Wooden Planks x1,43301,0,0,0,0,0,0,,,,,,,villager_range zealot_range soldier_range brute_range arana super-colmillos colmillos krauser_1 krauser_2 pesanta u3 novistador garrador armadura gold-armadura mendez_chase verdugo mendez_2 cow pig
Ethan,5283e013-8361-4f4b-b16d-cbbf88410d60,5,villager_2  shovel *,43301,0,0,0,0,0,0,,,,,,,villager_range zealot_range soldier_range brute_range arana super-colmillos colmillos krauser_1 krauser_2 pesanta u3 novistador garrador armadura gold-armadura mendez_chase verdugo mendez_2 cow pig
Ethan,d360484b-2f96-4e9b-a6ef-f394b6fe7cbe,5,villager_2  machete it_sm71_500_10_0 x1,43301,0,0,0,0,0,0,,,,,,,villager_range zealot_range soldier_range brute_range arana super-colmillos colmillos krauser_1 krauser_2 pesanta u3 novistador garrador armadura gold-armadura mendez_chase verdugo mendez_2 cow pig
Ethan,06787d2f-38b5-40e8-930f-89e008f1cf28,5,villager_2  hoe *,43301,0,0,0,0,0,0,,,,,,,villager_range zealot_range soldier_range brute_range arana super-colmillos colmillos krauser_1 krauser_2 pesanta u3 novistador garrador armadura gold-armadura mendez_chase verdugo mendez_2 cow pig
Ethan,79598a05-3c11-4262-89f6-a73864c96a03,5,villager_2 pA(100%) torch Wooden Planks x1,43301,0,0,0,0,0,0,,,,,,,villager_range zealot_range soldier_range brute_range arana super-colmillos colmillos krauser_1 krauser_2 pesanta u3 novistador garrador armadura gold-armadura mendez_chase verdugo mendez_2 cow pig
Ethan,ef8032dc-3ad1-45d5-9e7f-f7890e211cd5,5,villager_2 pA(0%) machete *,43301,0,0,0,0,0,0,,,,,,,villager_range zealot_range soldier_range brute_range arana super-colmillos colmillos krauser_1 krauser_2 pesanta u3 novistador garrador armadura gold-armadura mendez_chase verdugo mendez_2 cow pig
Ethan,,6,[EXTRA],47200,168,3,-207,0,0,0,3dc98606-446d-4969-b953-f7addc959def,adf515c8-1bb6-4be3-b753-6bf940e8586f,,,,,ashleyunsafe
Ethan,,6,[EXTRA],47200,176,7,-226,0,0,0,3dc98606-446d-4969-b953-f7addc959def,adf515c8-1bb6-4be3-b753-6bf940e8586f,,,,,ashleyunsafe
Ethan,,6,[EXTRA],47200,177,7,-217,0,0,0,3dc98606-446d-4969-b953-f7addc959def,adf515c8-1bb6-4be3-b753-6bf940e8586f,,,,,ashleyunsafe
Ethan,,6,[EXTRA],47200,165,7,-211,0,0,0,3dc98606-446d-4969-b953-f7addc959def,adf515c8-1bb6-4be3-b753-6bf940e8586f,,,,,ashleyunsafe
Ethan,,6,[EXTRA],47200,149,7,-222,0,0,0,3dc98606-446d-4969-b953-f7addc959def,adf515c8-1bb6-4be3-b753-6bf940e8586f,,,,,ashleyunsafe
Ethan,,6,[EXTRA],47200,135,7,-201,0,0,0,3dc98606-446d-4969-b953-f7addc959def,adf515c8-1bb6-4be3-b753-6bf940e8586f,,,,,ashleyunsafe
Ethan,,6,[EXTRA],47200,153,3,-215,0,0,0,3dc98606-446d-4969-b953-f7addc959def,adf515c8-1bb6-4be3-b753-6bf940e8586f,,,,,ashleyunsafe
Ethan,,6,[EXTRA],47201,186,3,-186,0,0,0,adf515c8-1bb6-4be3-b753-6bf940e8586f,,,,,,ashleyunsafe
Ethan,,6,[EXTRA],47201,192,3,-179,0,0,0,adf515c8-1bb6-4be3-b753-6bf940e8586f,,,,,,ashleyunsafe
Ethan,,6,[EXTRA],47201,199,3,-183,0,0,0,adf515c8-1bb6-4be3-b753-6bf940e8586f,,,,,,ashleyunsafe
Ethan,,6,[EXTRA],47201,192,3,-189,0,0,0,adf515c8-1bb6-4be3-b753-6bf940e8586f,,,,,,ashleyunsafe
Ethan,,6,[EXTRA] PRE-MENDEZ HILL // Guarding Merchant,47201,198,3,-194,0,0,0,adf515c8-1bb6-4be3-b753-6bf940e8586f,,,,,,ashleyunsafe
Ethan,,6,[EXTRA] POST-MENDEZ HILL // Ambush Left,47400,283,9,-248,0,0,0,adf515c8-1bb6-4be3-b753-6bf940e8586f,,,,,,ashleyunsafe
Ethan,,6,[EXTRA] POST-MENDEZ HILL // Ambush Right,47400,287,9,-244,0,0,0,adf515c8-1bb6-4be3-b753-6bf940e8586f,,,,,,ashleyunsafe
Ethan,,6,[EXTRA] POST-MENDEZ HILL // Ambush Behind,47400,266,8,-254,0,0,0,2028f283-c0b9-4173-8a6e-a0c63292e6f5,,,,,,ashleyunsafe
Ethan,,6,[EXTRA] POST-MENDEZ // Hill Ambush 1,47401,275,12,-203,0,0,0,c573be1f-8529-4795-84ce-bd98137e0b50,,,,,,ashleyunsafe
Ethan,,6,[EXTRA] POST-MENDEZ // Hill Ambush 2,47401,274,15,-190,0,0,0,c573be1f-8529-4795-84ce-bd98137e0b50,,,,,,ashleyunsafe
Ethan,,6,[EXTRA] POST-MENDEZ // Hill Ambush 3,47401,284,18,-183,0,0,0,c573be1f-8529-4795-84ce-bd98137e0b50,,,,,,ashleyunsafe
Ethan,,6,[EXTRA] POST-MENDEZ // Hill Ambush 4,47401,299,18,-182,0,0,0,c573be1f-8529-4795-84ce-bd98137e0b50,,,,,,ashleyunsafe
Ethan,,6,[EXTRA] POST-MENDEZ // Hill Ambush 5,47401,311,18,-181,0,0,0,c573be1f-8529-4795-84ce-bd98137e0b50,,,,,,ashleyunsafe
Ethan,7356b16d-7c57-4fc9-a8b6-c0e008d2e11d,6,villager_2 pA(100%)  *,47102,0,0,0,0,0,0,,,,,,,ashleyunsafe
Ethan,0657cd56-9f0c-4c28-9519-60ed978d4d21,6,villager_2  torch *,47101,0,0,0,0,0,0,,,,,,,ashleyunsafe
Ethan,17544312-16a5-4feb-a8d9-32dd4e519f8e,6,villager_2 pA(30%) torch *,47101,0,0,0,0,0,0,,,,,,,ashleyunsafe
Ethan,97db26f8-0290-4431-9b41-2877242324a9,6,villager_2  crossbow *,47101,0,0,0,0,0,0,,,,,,,ashleyunsafe
Ethan,22dbb00f-5d4d-4715-be18-63db35d7c762,6,villager_2 pA(30%)  *,47101,0,0,0,0,0,0,,,,,,,ashleyunsafe
Ethan,65ac5a6a-d470-441e-a59d-01b0587763c4,6,villager_2  crossbow *,47101,0,0,0,0,0,0,,,,,,,ashleyunsafe
Ethan,a07fbc09-ca3b-43bb-a68a-fba7b25eb6d4,6,villager_2 pA(30%)  *,47101,0,0,0,0,0,0,,,,,,,ashleyunsafe
Ethan,e39e4d2e-d75f-45bd-b15f-d6152d531079,6,villager_2  molotov *,47101,0,0,0,0,0,0,,,,,,,ashleyunsafe
Ethan,db0e653b-d6a2-4feb-a1ed-6950cbef43f0,6,villager_2  molotov *,47101,0,0,0,0,0,0,,,,,,,ashleyunsafe
Ethan,2a99545d-1185-494d-ae92-34492d1964ff,6,villager_2 pA(50%)  *,47101,0,0,0,0,0,0,,,,,,,ashleyunsafe
Ethan,c5330ba9-4102-4ee1-aa15-4b38ce38388e,6,villager_2 pA(50%) knife *,47101,0,0,0,0,0,0,,,,,,,ashleyunsafe
Ethan,fc80aec1-f3ba-49fd-ad11-748c9b7f9a38,6,villager_2 pA(50%) hoe *,47101,0,0,0,0,0,0,,,,,,,ashleyunsafe
Ethan,a0e3c531-842a-42fd-865e-c0fa995cfb24,6,villager_2 pA(50%)  *,47101,0,0,0,0,0,0,,,,,,,ashleyunsafe
Ethan,a9e5cf15-965e-4497-854c-0fdf481e6ca4,6,villager_2  hammer *,47101,0,0,0,0,0,0,,,,,,,ashleyunsafe
Ethan,1f068249-841d-4f56-91c7-0991aafaff7f,6,villager_2  hammer Emerald x1,47101,0,0,0,0,0,0,,,,,,,ashleyunsafe
Ethan,9d6cb998-f2bb-430f-88df-7afaae9d11be,6,brute   Emerald x1,47101,0,0,0,0,0,0,,,,,,,ashleyunsafe
Ethan,cbeb157f-30cd-4dff-83cf-aa9398bcaf0f,6,villager_2  molotov *,47200,0,0,0,0,0,0,,,,,,,ashleyunsafe
Ethan,4f4f4306-5a80-4674-a00b-ceaa99a73af4,6,villager_2  torch *,47200,0,0,0,0,0,0,,,,,,,ashleyunsafe
Ethan,154a5320-165b-4091-ad4a-05b23a00b04a,6,villager_2   *,47200,0,0,0,0,0,0,,,,,,,ashleyunsafe
Ethan,8e132bdc-97a8-4bd6-ad79-9bab0beb7575,6,villager_2  pitchfork *,47200,0,0,0,0,0,0,,,,,,,ashleyunsafe
Ethan,2ecfbffb-95f1-4688-959d-f8a68501dc39,6,villager_2  torch *,47200,0,0,0,0,0,0,,,,,,,ashleyunsafe
Ethan,6bbcca53-46c9-4082-9b30-2957aad7218c,6,villager_2   *,47200,0,0,0,0,0,0,,,,,,,ashleyunsafe
Ethan,96c26401-9ddb-43b3-9bd6-ba14a33eb454,6,villager_2  molotov *,47200,0,0,0,0,0,0,,,,,,,ashleyunsafe
Ethan,146a54dd-3f7c-4c12-89b5-f06c1a7b543d,6,villager_2  pitchfork *,47200,0,0,0,0,0,0,,,,,,,ashleyunsafe
Ethan,0556d8e2-950e-4a90-a1b6-6745f27d7179,6,chainsaw   Checkpoint Crank x1,47201,0,0,0,0,0,0,,,Ethan-bella-sisters,,noduplicate nowave,,krauser_1 krauser_2 mendez_2 mendez_chase pesanta u3 verdugo
Ethan,f93c4e62-0d9e-425e-894d-313fc73c92af,6,chainsaw   Sapphire x1,47201,0,0,0,0,0,0,,,Ethan-bella-sisters,,noduplicate nowave,,krauser_1 krauser_2 mendez_2 mendez_chase pesanta u3 verdugo
Ethan,1b7d10b9-4d58-43ce-b2b1-64f4ef4d0ef6,6,villager_2  torch *,47200,0,0,0,0,0,0,,,,,,,ashleyunsafe
Ethan,69c59902-3357-41b5-8cbf-89e6e8fd983e,6,villager_2  torch *,47200,0,0,0,0,0,0,,,,,,,ashleyunsafe
Ethan,37731e6d-01ba-425a-922f-639a80a93ed8,6,villager_2 pA(100%)  *,47200,0,0,0,0,0,0,,,,,,,ashleyunsafe
Ethan,86332ed4-9cf7-4488-b884-aab170d030b7,6,villager_2 pA(15%) pitchfork *,47200,0,0,0,0,0,0,,,,,,,ashleyunsafe
Ethan,acafe7ed-bc05-4ae4-9577-62dca9921d7b,6,villager_2  molotov *,47200,0,0,0,0,0,0,,,,,,,ashleyunsafe
Ethan,9394b51c-46f7-42c7-948e-cd682b2f3b8d,6,villager_2 pA(15%) torch *,47200,0,0,0,0,0,0,,,,,,,ashleyunsafe
Ethan,f3cce07f-2760-4d24-b769-1e7d0e44e916,6,villager_2 pA(100%) hoe *,47200,0,0,0,0,0,0,,,,,,,ashleyunsafe
Ethan,6290b8c4-6336-472c-8772-19c37c4a1239,6,villager_2 pA(20%) hatchet *,47200,0,0,0,0,0,0,,,,,,,ashleyunsafe
Ethan,d62e7522-f7de-4af2-8d62-b585ac68a2ac,6,villager_2  torch *,47200,0,0,0,0,0,0,,,,,,,ashleyunsafe
Ethan,65b9b6c2-8611-4b21-a5fd-13925c2e2e12,6,villager_2 pA(10%)  *,47200,0,0,0,0,0,0,,,,,,,ashleyunsafe
Ethan,473ede8f-7e93-4819-9af3-94fe51261da5,6,villager_2 pA(20%) hatchet *,47200,0,0,0,0,0,0,,,,,,,ashleyunsafe
Ethan,10be6260-5a87-4047-8c81-0dbcb6db4847,6,villager_2  torch *,47200,0,0,0,0,0,0,,,,,,,ashleyunsafe
Ethan,d8f16106-2d1f-43cb-b59a-3da9431536a5,6,villager_2   *,47200,0,0,0,0,0,0,,,,,,,ashleyunsafe
Ethan,e4b4f8cf-c516-4ac2-85f5-073b17e01c76,6,mendez_chase   .,47300,0,0,0,0,0,0,,,,,preserve noduplicate nowave,,
Ethan,a61c62f3-52e7-4d78-a167-c99b84fcada9,6,mendez_2   .,47401,0,0,0,0,0,0,,,,,preserve noduplicate nowave,,
Ethan,aa862ced-d677-42bd-8542-fbbbe038a16f,6,mendez_3   .,47410,0,0,0,0,0,0,,,,,preserve noduplicate nowave,,
Ethan,751b4a9f-909c-4a31-a57b-e72c1936d615,6,mendez_chase   .,47900,0,0,0,0,0,0,,,,,preserve noduplicate nowave,,
Ethan,c7ea923d-bc4a-442f-a4b9-ab13c0ed9e2d,6,villager_2  torch *,47301,0,0,0,0,0,0,,,,,notoxic,,
Ethan,14ed47b4-727c-4500-b3db-fffa39485a14,6,villager_2  torch *,47301,0,0,0,0,0,0,,,,,notoxic,,
Ethan,0ff6872f-96e1-4ad2-82be-73767d3f2128,6,villager_2  pitchfork *,47301,0,0,0,0,0,0,,,,,notoxic,,
Ethan,a6a54807-6a99-448d-8354-f0ded34a762d,6,villager_2  torch *,47301,0,0,0,0,0,0,,,,,notoxic,,
Ethan,6b60c667-fff6-431a-a77b-fd7671daaae3,6,villager_2  torch *,47301,0,0,0,0,0,0,,,,,notoxic,,
Ethan,2ba7b03f-f9f0-4f81-a982-a213e7a05cb5,6,villager_2  pitchfork *,47301,0,0,0,0,0,0,,,,,notoxic,,
Ethan,b91dd2e1-1e5a-4fc4-bf6d-5abf8303731f,6,villager_2  hatchet *,47301,0,0,0,0,0,0,,,,,notoxic,,
Ethan,90077e47-dab3-4b51-9fe6-6c73fc76b9f1,6,villager_2  torch *,47300,0,0,0,0,0,0,,,,,notoxic,,
Ethan,d04e9fb7-678e-403f-ba12-51c3d1196fa0,6,villager_2  torch *,47300,0,0,0,0,0,0,,,,,notoxic,,
Ethan,9ecacdaf-882a-4081-bcd8-ab24e2a6f294,6,villager_2  pitchfork *,47300,0,0,0,0,0,0,,,,,notoxic,,
Ethan,4cbec08f-c7d0-4329-8d35-1171d787c646,6,villager_2  torch *,47301,0,0,0,0,0,0,,,,,notoxic,,
Ethan,af2d697b-f385-4e86-a084-4da31c3d1198,6,villager_2  torch *,47300,0,0,0,0,0,0,,,,,notoxic,,
Ethan,1a99782f-12be-4759-9e58-117586b187b6,6,villager_2  pitchfork *,47300,0,0,0,0,0,0,,,,,notoxic,,
Ethan,4d8052fc-4e5a-4a79-94c2-f44c45be2cbc,6,villager_2  hatchet *,47300,0,0,0,0,0,0,,,,,notoxic,,
Ethan,510d0b0d-ebc8-41a9-b603-ac2fd2f4f3ab,6,villager_2 pA(10%) pitchfork *,47300,0,0,0,0,0,0,,,,,notoxic,,
Ethan,c73dae49-1595-45cf-9a51-38e2b30da9b2,6,villager_2 pA(10%) torch *,47300,0,0,0,0,0,0,,,,,notoxic,,
Ethan,22c55527-c02d-44a0-84af-d0adb5e8eafc,6,villager_2  knife *,47300,0,0,0,0,0,0,,,,,notoxic,,
Ethan,f0091b14-fff7-4446-957e-78d1dea5e878,6,villager_2  pitchfork *,47300,0,0,0,0,0,0,,,,,notoxic,,
Ethan,f74e4f15-14e6-4038-8712-9f15e8208364,6,villager_2  hatchet *,47300,0,0,0,0,0,0,,,,,notoxic,,
Ethan,d4fa44fc-03a8-41ef-93f2-817baee83518,6,villager_2   *,47300,0,0,0,0,0,0,,,,,notoxic,,
Ethan,f910559e-592a-404e-838e-1067463654f9,6,villager_2 pA(5%) torch *,47300,0,0,0,0,0,0,,,,,notoxic,,
Ethan,bde92d4b-e533-4c89-9613-a81fae38f5fc,6,villager_2 pA(5%)  *,47300,0,0,0,0,0,0,,,,,notoxic,,
Ethan,e359917b-c460-4a6f-9e65-49f77966880d,6,villager_2 pA(5%) pitchfork *,47300,0,0,0,0,0,0,,,,,notoxic,,
Ethan,36c639fb-26b5-4579-8680-4c974a508fc4,6,villager_2 pA(5%)  *,47300,0,0,0,0,0,0,,,,,notoxic,,
Ethan,c5a2592b-4ae6-459b-81fd-32f4825d4e73,6,villager_2 pA(5%) torch *,47300,0,0,0,0,0,0,,,,,notoxic,,
Ethan,a5a48119-c997-4cb8-9b0a-bc9acb14f2b3,6,villager_2 pA(5%) pitchfork *,47300,0,0,0,0,0,0,,,,,notoxic,,
Ethan,7552e45d-7fe1-4716-a616-8bbcdb17a589,6,villager_2  pitchfork *,47301,0,0,0,0,0,0,,,,,notoxic,,
Ethan,585aa1b0-d55c-4ed6-964b-285e31c93ce8,6,villager_2  torch *,47301,0,0,0,0,0,0,,,,,notoxic,,
Ethan,273d6d1c-b751-4f48-81c9-6c583ad53a30,6,villager_2  torch *,47301,0,0,0,0,0,0,,,,,notoxic,,
Ethan,c9937772-15c2-4463-801d-6c03123c8e07,6,villager_2  pitchfork *,47301,0,0,0,0,0,0,,,,,notoxic,,
Ethan,3e54eff3-f5a7-4c6c-a332-f3b71203126c,6,villager_2  pitchfork *,47301,0,0,0,0,0,0,,,,,notoxic,,
Ethan,d065eb8c-c385-427c-b24a-d7d6d31d88e1,6,villager_2  pitchfork *,47301,0,0,0,0,0,0,,,,,notoxic,,
Ethan,160b7784-e91d-4d16-9c09-3c1ce197d685,6,villager_2  pitchfork *,47301,0,0,0,0,0,0,,,,,notoxic,,
Ethan,e2ba78c4-e604-4dd4-956b-c7db868b093b,6,villager_2  pitchfork *,47301,0,0,0,0,0,0,,,,,notoxic,,
Ethan,a9973cdf-297a-489e-8c0c-0050a6f2fd10,6,villager_2  torch *,47401,0,0,0,0,0,0,,,,,notoxic,,
Ethan,f95502d0-9b33-4240-8b30-4c9439dff66a,6,villager_2  dynamite *,47401,0,0,0,0,0,0,,,,,notoxic,,
Ethan,5592d5ff-8d77-474e-9669-80af63ae2d42,6,villager_2  torch *,47401,0,0,0,0,0,0,,,,,notoxic,,
Ethan,,6,[EXTRA],47410,292,13,-226,0,0,0,579b2165-5e8a-4b17-a05f-9bf8b9e59573,f61225f0-a6b7-4eb1-abea-c7358db3a9e5,,,,fodder elite chainsaw_mad,
Ethan,,6,[EXTRA],47410,283,13,-215,0,0,0,579b2165-5e8a-4b17-a05f-9bf8b9e59573,f61225f0-a6b7-4eb1-abea-c7358db3a9e5,,,,fodder elite chainsaw_mad,
Ethan,,6,[EXTRA],47410,289,13,-212,0,0,0,579b2165-5e8a-4b17-a05f-9bf8b9e59573,f61225f0-a6b7-4eb1-abea-c7358db3a9e5,,,,fodder elite chainsaw_mad,
Ethan,,6,[EXTRA],47410,285,10,-226,0,0,0,579b2165-5e8a-4b17-a05f-9bf8b9e59573,f61225f0-a6b7-4eb1-abea-c7358db3a9e5,,,,fodder elite chainsaw_mad,
Ethan,,6,[EXTRA],47410,289,10,-226,0,0,0,579b2165-5e8a-4b17-a05f-9bf8b9e59573,f61225f0-a6b7-4eb1-abea-c7358db3a9e5,,,,fodder elite chainsaw_mad,
Ethan,,6,[EXTRA],47410,283,13,-215,0,0,0,f61225f0-a6b7-4eb1-abea-c7358db3a9e5,,,,,fodder elite chainsaw_mad,
Ethan,,6,[EXTRA],47410,289,13,-212,0,0,0,f61225f0-a6b7-4eb1-abea-c7358db3a9e5,,,,,fodder elite chainsaw_mad,
Ethan,,6,[EXTRA],47410,288,10,-222,0,0,0,f61225f0-a6b7-4eb1-abea-c7358db3a9e5,,,,,fodder elite chainsaw_mad,
Ethan,,6,[EXTRA],47410,284,10,-222,0,0,0,f61225f0-a6b7-4eb1-abea-c7358db3a9e5,,,,,fodder elite chainsaw_mad,
Ethan,e584ce9e-b722-4618-a0ec-7680f30e0c0e,7,ashley_1   .,50100,0,0,0,0,0,0,,,,,preserve noduplicate nowave,,
Ethan,,7,[EXTRA],50200,-306,-4,50,0,0,0,,a3415aae-e1af-4096-8282-a1c73d57488e,,,,,ashleyunsafe
Ethan,,7,[EXTRA],50200,-300,-1,66,0,0,0,,a3415aae-e1af-4096-8282-a1c73d57488e,,,,,ashleyunsafe
Ethan,,7,[EXTRA],50201,-280,-5,69,0,0,0,,a3415aae-e1af-4096-8282-a1c73d57488e,,,,,ashleyunsafe
Ethan,,7,[EXTRA],50201,-283,-5,65,0,0,0,,a3415aae-e1af-4096-8282-a1c73d57488e,,,,,ashleyunsafe
Ethan,,7,[EXTRA],50201,-288,-5,63,0,0,0,,a3415aae-e1af-4096-8282-a1c73d57488e,,,,,ashleyunsafe
Ethan,,7,[EXTRA],50201,-286,-5,81,0,0,0,,a3415aae-e1af-4096-8282-a1c73d57488e,,,,,ashleyunsafe
Ethan,,7,[EXTRA],50202,-272,-6,52,0,0,0,,a3415aae-e1af-4096-8282-a1c73d57488e,,,,,ashleyunsafe
Ethan,,7,[EXTRA],50302,-190,10,53,0,0,0,73eb6db0-74fa-4580-9e44-99c9577e0e20,b0828105-2845-4d22-9b95-37231fc888b3,,,,,ashleyunsafe
Ethan,,7,[EXTRA],50302,-191,10,50,0,0,0,73eb6db0-74fa-4580-9e44-99c9577e0e20,b0828105-2845-4d22-9b95-37231fc888b3,,,,,ashleyunsafe
Ethan,,7,[EXTRA],50302,-196,10,52,0,0,0,73eb6db0-74fa-4580-9e44-99c9577e0e20,b0828105-2845-4d22-9b95-37231fc888b3,,,,,ashleyunsafe
Ethan,,7,[EXTRA],50302,-200,10,55,0,0,0,73eb6db0-74fa-4580-9e44-99c9577e0e20,b0828105-2845-4d22-9b95-37231fc888b3,,,,,ashleyunsafe
Ethan,,7,[EXTRA],50302,-198,10,49,0,0,0,73eb6db0-74fa-4580-9e44-99c9577e0e20,b0828105-2845-4d22-9b95-37231fc888b3,,,,,ashleyunsafe
Ethan,,7,[EXTRA],50302,-203,10,52,0,0,0,73eb6db0-74fa-4580-9e44-99c9577e0e20,b0828105-2845-4d22-9b95-37231fc888b3,,,,,ashleyunsafe
Ethan,,7,[EXTRA],50503,-125,4,0,0,0,0,c3e6f853-cc4d-4301-bdac-ac9bca8d6ac4,,,,,,ashleyunsafe
Ethan,,7,[EXTRA],50503,-116,5,-2,0,0,0,c3e6f853-cc4d-4301-bdac-ac9bca8d6ac4,,,,,,ashleyunsafe
Ethan,,7,[EXTRA],50503,-120,5,10,0,0,0,c3e6f853-cc4d-4301-bdac-ac9bca8d6ac4,,,,,,ashleyunsafe
Ethan,,7,[EXTRA],50503,-126,5,9,0,0,0,c3e6f853-cc4d-4301-bdac-ac9bca8d6ac4,,,,,,ashleyunsafe
Ethan,,7,[EXTRA],50503,-111,4,14,0,0,0,c3e6f853-cc4d-4301-bdac-ac9bca8d6ac4,,,,,,ashleyunsafe
Ethan,,7,[EXTRA],50501,-115,9,22,0,0,0,c3e6f853-cc4d-4301-bdac-ac9bca8d6ac4,,,,,,ashleyunsafe
Ethan,,7,[EXTRA],50504,-121,18,23,0,0,0,e6771b5b-3287-44a3-a342-10e0a0e057d1,,,,,,ashleyunsafe
Ethan,,7,[EXTRA],50504,-115,18,25,0,0,0,e6771b5b-3287-44a3-a342-10e0a0e057d1,,,,,,ashleyunsafe
Ethan,,7,[EXTRA],50504,-115,18,20,0,0,0,e6771b5b-3287-44a3-a342-10e0a0e057d1,,,,,,ashleyunsafe
Ethan,,7,[EXTRA],50504,-105,18,23,0,0,0,e6771b5b-3287-44a3-a342-10e0a0e057d1,,,,,,ashleyunsafe
Ethan,,7,[EXTRA],50504,-110,18,22,0,0,0,e6771b5b-3287-44a3-a342-10e0a0e057d1,,,,,,ashleyunsafe
Ethan,,7,[EXTRA],50504,-110,18,24,0,0,0,e6771b5b-3287-44a3-a342-10e0a0e057d1,,,,,,ashleyunsafe
Ethan,,7,[EXTRA],50505,-132,18,37,0,0,0,395e7509-b2cb-461d-95b7-6d23df6bad25,,,,,,ashleyunsafe
Ethan,,7,[EXTRA],50505,-127,18,37,0,0,0,395e7509-b2cb-461d-95b7-6d23df6bad25,,,,,,ashleyunsafe
Ethan,,7,[EXTRA],50505,-121,18,36,0,0,0,395e7509-b2cb-461d-95b7-6d23df6bad25,,,,,,ashleyunsafe
Ethan,,7,[EXTRA],50505,-121,18,31,0,0,0,395e7509-b2cb-461d-95b7-6d23df6bad25,,,,,,ashleyunsafe
Ethan,,7,[EXTRA],50401,-127,18,43,0,0,0,395e7509-b2cb-461d-95b7-6d23df6bad25,,,,,,ashleyunsafe
Ethan,,7,[EXTRA],50401,-141,18,44,0,0,0,395e7509-b2cb-461d-95b7-6d23df6bad25,,,,,,ashleyunsafe
Ethan,,7,[EXTRA],50401,-150,18,43,0,0,0,395e7509-b2cb-461d-95b7-6d23df6bad25,,,,,,ashleyunsafe
Ethan,,7,[EXTRA],50401,-140,18,60,0,0,0,395e7509-b2cb-461d-95b7-6d23df6bad25,,,,,,ashleyunsafe
Ethan,,7,[EXTRA],50401,-132,18,61,0,0,0,395e7509-b2cb-461d-95b7-6d23df6bad25,,,,,,ashleyunsafe
Ethan,,7,[EXTRA],50401,-128,18,61,0,0,0,395e7509-b2cb-461d-95b7-6d23df6bad25,,,,,,ashleyunsafe
Ethan,,7,[EXTRA],50401,-123,20,52,0,0,0,395e7509-b2cb-461d-95b7-6d23df6bad25,,,,,,ashleyunsafe
Ethan,,7,[EXTRA],50600,-118,20,55,0,0,0,5ef2ed78-685d-4321-a133-b29a5c148513,,,,,,ashleyunsafe
Ethan,,7,[EXTRA],50600,-114,15,52,0,0,0,5ef2ed78-685d-4321-a133-b29a5c148513,,,,,,ashleyunsafe
Ethan,,7,[EXTRA],50600,-108,15,46,0,0,0,5ef2ed78-685d-4321-a133-b29a5c148513,,,,,,ashleyunsafe
Ethan,,7,[EXTRA],50600,-103,15,49,0,0,0,5ef2ed78-685d-4321-a133-b29a5c148513,,,,,,ashleyunsafe
Ethan,,7,[EXTRA],50600,-103,15,63,0,0,0,5ef2ed78-685d-4321-a133-b29a5c148513,,,,,,ashleyunsafe
Ethan,,7,[EXTRA],50601,-54,17,58,0,0,0,367b3222-0586-444f-b8f5-94737b036da7,,,,aggroed,,ashleyunsafe
Ethan,,7,[EXTRA],50601,-54,17,68,0,0,0,367b3222-0586-444f-b8f5-94737b036da7,,,,aggroed,,ashleyunsafe
Ethan,,7,[EXTRA],50601,-54,17,58,0,0,0,83f2e576-6a23-4afe-8ede-1e838ea73b35,,,,aggroed,,ashleyunsafe
Ethan,,7,[EXTRA],50601,-54,17,68,0,0,0,83f2e576-6a23-4afe-8ede-1e838ea73b35,,,,aggroed,,ashleyunsafe
Ethan,c24eb3f0-c94d-4c8f-83b2-df1f0fbf825b,7,zealot  crossbow *,50300,0,0,0,0,0,0,,,,,,,ashleyunsafe
Ethan,afef1e99-9b1e-4cac-a933-ad86ba19753e,7,zealot  torch *,50300,0,0,0,0,0,0,,,,,,,ashleyunsafe
Ethan,6421365e-9bd8-46f1-9c37-a0eb19b36f65,7,zealot  crossbow *,50300,0,0,0,0,0,0,,,,,,,ashleyunsafe
Ethan,886d2c15-9dd0-44fe-b68c-40da397788d0,7,zealot  crossbow *,50300,0,0,0,0,0,0,,,,,,,ashleyunsafe
Ethan,d6af5290-587b-4b31-a39a-130094728f2e,7,zealot  torch *,50300,0,0,0,0,0,0,,,,,,,ashleyunsafe
Ethan,c3198616-4642-4e3d-b708-8c8deab31ae6,7,zealot  torch *,50300,0,0,0,0,0,0,,,,,,,ashleyunsafe
Ethan,400c9678-0aad-4643-af17-00c006822d20,7,zealot  torch *,50300,0,0,0,0,0,0,,,,,,,ashleyunsafe
Ethan,48dbcae6-260c-41f4-9836-9bcd03acc180,7,zealot  torch *,50300,0,0,0,0,0,0,,,,,,,ashleyunsafe
Ethan,9c42c672-e6fd-4b5d-86d9-c717b41f7b64,7,zealot  torch *,50300,0,0,0,0,0,0,,,,,,,ashleyunsafe
Ethan,0211463a-28d9-47cb-9196-5d03409bd7d1,7,zealot   *,50202,0,0,0,0,0,0,,,,,,,ashleyunsafe
Ethan,19574260-1b58-468b-9d8a-430dfe7eef6c,7,zealot   *,50202,0,0,0,0,0,0,,,,,,,ashleyunsafe
Ethan,8846259f-199e-46ad-a4a5-9ac20df5a248,7,zealot   *,50202,0,0,0,0,0,0,,,,,,,ashleyunsafe
Ethan,54a066b3-d6d3-47d1-a6d3-ca4dc99000c5,7,zealot   *,50202,0,0,0,0,0,0,,,,,,,ashleyunsafe
Ethan,edc2922d-4479-4880-bbcd-464145524754,7,zealot pB(100%)  Boot Knife x1,50201,0,0,0,0,0,0,,,,,,,ashleyunsafe
Ethan,c6cfea14-1758-49e4-829a-b315d74373e1,7,zealot   *,50401,0,0,0,0,0,0,,,,,,,ashleyunsafe
Ethan,6f400c47-1ae0-4e3e-b721-a5ac15b44ea3,7,zealot  morning_star | wooden_shield *,50401,0,0,0,0,0,0,,,,,,,ashleyunsafe
Ethan,ef2fec64-8e2d-4e2f-b85e-3b486dbe02eb,7,zealot  scythe *,50401,0,0,0,0,0,0,,,,,,,ashleyunsafe
Ethan,a9ba3bc1-8b79-434c-9c92-8214c8b641be,7,zealot  morning_star | wooden_shield *,50401,0,0,0,0,0,0,,,,,,,ashleyunsafe
Ethan,86dad996-a9fe-4425-bba5-72fbae50fcfe,7,zealot  scythe *,50401,0,0,0,0,0,0,,,,,,,ashleyunsafe
Ethan,17d48b81-166f-4396-b95d-9610f7346ee7,7,zealot  morning_star * // NEWWWW BOSS,50400,-177.3,10,52.3,0,91.4,0,,,,,,boss,
Ethan,1b9bc5ff-09be-4d1d-a143-38495e3d1830,7,garrador   Red Beryl x1,50503,0,0,0,0,0,0,,,Ethan-prison-garrador,,noduplicate nowave,,fodder mendez_chase super-colmillos chainsaw chainsaw_mad
Ethan,0222c3d4-54d3-4a94-a94a-7055372d6ce3,7,zealot  hatchet | wooden_shield *,50601,0,0,0,0,0,0,,,,,,,ashleyunsafe
Ethan,66d38cec-3c77-45ac-949c-9b6e42ce48cf,7,zealot  hatchet | wooden_shield *,50601,0,0,0,0,0,0,,,,,,,ashleyunsafe
Ethan,8c675595-6fa7-4db0-9572-7953bb9451ca,7,zealot  crossbow *,50601,0,0,0,0,0,0,,,,,,,ashleyunsafe
Ethan,0643ef93-49c1-452f-84b5-8c6131c6647b,7,zealot  crossbow *,50601,0,0,0,0,0,0,,,,,,,ashleyunsafe
Ethan,351d72e3-338a-47ff-aed3-f26709b4c3f6,7,zealot  morning_star *,50601,0,0,0,0,0,0,,,,,,,ashleyunsafe
Ethan,13c20e93-7127-4473-aab5-a1db5a71ec4b,7,zealot  morning_star *,50601,0,0,0,0,0,0,,,,,,,ashleyunsafe
Ethan,bf2bb3d0-3c9b-4941-b9a5-1115203d2c84,7,zealot  scythe *,50601,0,0,0,0,0,0,,,,,,,ashleyunsafe
Ethan,3a209b12-fb23-404e-8582-90e6489be0a0,7,zealot   *,50601,0,0,0,0,0,0,,,,,,,ashleyunsafe
Ethan,87ba3c4a-7354-4610-b4a6-52730f2928a8,7,zealot   *,50601,0,0,0,0,0,0,,,,,,,ashleyunsafe
Ethan,88861291-d47f-4cdc-a721-12c936e47cd9,7,zealot  crossbow *,50601,0,0,0,0,0,0,,,,,,,ashleyunsafe
Ethan,badf2592-10ea-4de9-835e-ccf634887ccb,7,zealot  crossbow *,50601,0,0,0,0,0,0,,,,,,,ashleyunsafe
Ethan,bc25cb50-b76c-4bd1-b447-02746cd969ac,7,zealot   *,50601,0,0,0,0,0,0,,,,,,,ashleyunsafe
Ethan,872eddec-306f-453e-8474-a6547624c722,7,zealot pA(100%) morning_star | wooden_shield *,50601,0,0,0,0,0,0,,,,,,,ashleyunsafe
Ethan,7324c438-f788-4161-856e-e82479c66905,7,zealot  torch *,50601,0,0,0,0,0,0,,,,,,,ashleyunsafe
Ethan,49096597-2003-4ff4-84e9-b715b658e651,7,zealot  crossbow *,50601,0,0,0,0,0,0,,,,,,,ashleyunsafe
Ethan,a8df4b8e-7539-45e5-82e1-48b9715550f2,7,zealot  crossbow *,50601,0,0,0,0,0,0,,,,,,,ashleyunsafe
Ethan,faa70916-4c26-4bb6-8e3e-19a03f4d806e,7,zealot pB(100%) torch *,50601,0,0,0,0,0,0,,,,,,,ashleyunsafe
Ethan,5eb59703-8a25-47d5-8dcb-11e4a173af0e,7,zealot pB(60%) torch *,50601,0,0,0,0,0,0,,,,,,,ashleyunsafe
Ethan,d56d8269-15c9-4998-9bf7-825cd145ad76,7,zealot pB(60%) torch *,50601,0,0,0,0,0,0,,,,,,,ashleyunsafe
Ethan,9339dcc0-6ca1-4526-8b39-a9f0aec93b87,7,zealot pB(100%)  *,50601,0,0,0,0,0,0,,,,,,,ashleyunsafe
Ethan,db439fa7-1d16-49b0-9ee0-5a0b5de104a3,7,zealot pB(100%) morning_star *,50601,0,0,0,0,0,0,,,,,,,ashleyunsafe
Ethan,c202888c-313c-4533-9fbd-055073dfe455,7,zealot  crossbow *,50601,0,0,0,0,0,0,,,,,,,ashleyunsafe
Ethan,f08726a4-ca1d-447a-9053-00a931ceffef,7,zealot pB(40%) morning_star | wooden_shield *,50601,0,0,0,0,0,0,,,,,,,ashleyunsafe
Ethan,64c2af45-a991-410c-b544-4604e24931f0,7,zealot pB(40%) scythe *,50601,0,0,0,0,0,0,,,,,,,ashleyunsafe
Ethan,14713927-1548-4f51-98e8-67d5b548e3f1,7,zealot pA(30%) scythe *,50601,0,0,0,0,0,0,,,,,,,ashleyunsafe
Ethan,c500d06f-9323-44d0-9336-c27eaa318a4f,7,zealot pA(30%) scythe *,50601,0,0,0,0,0,0,,,,,,,ashleyunsafe
Ethan,03e0fdb3-bcdc-4f73-866a-b2ebd06f4e99,7,zealot pA(100%) morning_star | wooden_shield *,50601,0,0,0,0,0,0,,,,,,,ashleyunsafe
Ethan,693569b4-0fa2-4a95-82fd-b308eb6c2ae1,7,zealot  crossbow *,50601,0,0,0,0,0,0,,,,,,,ashleyunsafe
Ethan,495c615c-7422-4a87-9601-7fac5b312de8,7,zealot  crossbow *,50601,0,0,0,0,0,0,,,,,,,ashleyunsafe
Ethan,a85a3325-54d9-4151-8ccd-67040b144b66,7,zealot pA(100%)  *,50601,0,0,0,0,0,0,,,,,,,ashleyunsafe
Ethan,b0905760-397f-4ba2-9e98-66a81d3df981,7,zealot pA(100%) torch *,50601,0,0,0,0,0,0,,,,,,,ashleyunsafe
Ethan,14c8b64f-a4e3-4ebf-a406-7b691346d79a,7,zealot  hatchet | wooden_shield *,50601,0,0,0,0,0,0,,,,,,climber,
Ethan,8d7a4afd-c753-4a94-b6fe-20ca7ebb75a8,7,zealot  hatchet | wooden_shield *,50601,0,0,0,0,0,0,,,,,,climber,
Ethan,69982bac-2a25-465e-8d17-3c574c6d7cf6,7,zealot   *,50601,0,0,0,0,0,0,,,,,preserve noduplicate nowave,,
Ethan,d0b4f426-af63-4f0c-8940-aaa5e4008142,7,zealot   *,50601,0,0,0,0,0,0,,,,,preserve noduplicate nowave,,
Ethan,31a9370c-c696-423d-8efd-78f46f539ccb,7,zealot   *,50601,0,0,0,0,0,0,,,,,preserve noduplicate nowave,,
Ethan,174e2dad-03b4-4b72-83b2-829dfc8ab3e8,7,zealot   *,50601,0,0,0,0,0,0,,,,,preserve noduplicate nowave,,
Ethan,01227435-cb43-4157-bb5e-b3d2bd7288f5,7,zealot   *,50601,0,0,0,0,0,0,,,,,preserve noduplicate nowave,,
Ethan,a4f6586c-2d8a-465e-be79-6a68df991900,7,zealot   *,50601,0,0,0,0,0,0,,,,,preserve noduplicate nowave,,
Ethan,a341fadc-41f7-4533-859a-7bcc2a9f92d4,7,zealot   *,50601,0,0,0,0,0,0,,,,,preserve noduplicate nowave,,
Ethan,e9a4f361-cf53-45dc-8b9c-57bf4d35f9aa,7,zealot  morning_star *,50601,0,0,0,0,0,0,,,,,,climber,
Ethan,de41d7f1-ec17-4560-9324-0561a66257a3,7,zealot  hatchet | wooden_shield *,50601,0,0,0,0,0,0,,,,,,climber,
Ethan,b4613cd5-cab7-45ab-a8e9-6f244af517a7,7,zealot  hatchet *,50601,0,0,0,0,0,0,,,,,,climber,
Ethan,265cdbe1-e8be-428a-9fb3-3be29c6a5340,7,zealot   *,50601,0,0,0,0,0,0,,,,,preserve noduplicate nowave,,
Ethan,1a384e5f-a660-4447-b7c7-8801897e23f8,7,zealot   *,50601,0,0,0,0,0,0,,,,,preserve noduplicate nowave,,
Ethan,438eab7c-cabd-4122-b13b-4cd3afd81730,7,zealot   *,50601,0,0,0,0,0,0,,,,,preserve noduplicate nowave,,
Ethan,6e9c144f-54b6-46f3-a30b-6f8d7d143599,7,zealot   *,50601,0,0,0,0,0,0,,,,,preserve noduplicate nowave,,
Ethan,7709a438-92d0-49c9-bc99-d14edb211f46,7,zealot   *,50601,0,0,0,0,0,0,,,,,preserve noduplicate nowave,,
Ethan,9c46d00a-3643-4fc7-8446-f3a6df844725,7,zealot   *,50601,0,0,0,0,0,0,,,,,preserve noduplicate nowave,,
Ethan,470d9b44-a47e-4c40-96d4-e7f6eb6fafee,7,zealot   *,50601,0,0,0,0,0,0,,,,,preserve noduplicate nowave,,
Ethan,558fb789-24f9-4363-ad1c-87182db08514,7,zealot  hatchet *,50601,0,0,0,0,0,0,,,,,,climber,
Ethan,c9393781-d730-4e5f-b193-3da9cb94226b,7,zealot  morning_star | wooden_shield *,50601,0,0,0,0,0,0,,,,,,climber,
Ethan,8f84d26c-dedf-4447-8c03-afacb64c699f,7,zealot  hatchet | wooden_shield *,50601,0,0,0,0,0,0,,,,,,climber,
Ethan,8f329f90-3776-4519-a3d0-6cd9ca7f0d64,7,zealot   *,50601,0,0,0,0,0,0,,,,,preserve noduplicate nowave,,
Ethan,0003ddf2-1d36-40c6-ba37-ffe598772afe,7,zealot   *,50601,0,0,0,0,0,0,,,,,preserve noduplicate nowave,,
Ethan,7a0912fc-fb63-46aa-b46b-39fa7fed8930,7,zealot  crossbow *,50300,0,0,0,0,0,0,,,,,,,ashleyunsafe
Ethan,5197f7d0-630a-430e-aee0-6d4b2d5524d6,7,zealot  crossbow *,50300,0,0,0,0,0,0,,,,,,,ashleyunsafe
Ethan,103eb9de-0f8a-4f69-bbd2-4b3bd6eb4061,7,zealot  crossbow *,50300,0,0,0,0,0,0,,,,,,,ashleyunsafe
Ethan,8f1a2845-4e08-421d-b796-ef6b73b643c5,7,zealot  crossbow *,50300,0,0,0,0,0,0,,,,,,,ashleyunsafe
Ethan,442b7646-9ff2-41bc-b880-fbd4c04558a3,7,zealot  crossbow *,50300,0,0,0,0,0,0,,,,,,,ashleyunsafe
Ethan,8f4b2d33-ee62-46a0-a240-c84aad72ffae,7,zealot   *,50300,0,0,0,0,0,0,,,,,,,ashleyunsafe
Ethan,b2b746b0-2480-4597-9bcd-5f0b43eba110,7,zealot pA(10%) torch *,50300,0,0,0,0,0,0,,,,,,,ashleyunsafe
Ethan,5c241eb2-12df-4e3c-846b-3472e74ceec6,7,zealot pB(0%) torch *,50300,0,0,0,0,0,0,,,,,,,ashleyunsafe
Ethan,b8e9133b-8b74-454d-ab3d-f4bfa38278bb,7,zealot   *,50300,0,0,0,0,0,0,,,,,,,ashleyunsafe
Ethan,771885a4-f01e-4213-99e9-fa193aff6417,7,zealot pA(10%) torch *,50301,0,0,0,0,0,0,,,,,,,ashleyunsafe
Ethan,a92db3ac-7ab1-4fa4-a963-5b46dc5b1164,7,zealot  torch *,50300,0,0,0,0,0,0,,,,,,,ashleyunsafe
Ethan,5ad85f90-e959-45ff-b570-9901177ca34a,7,zealot  torch *,50301,0,0,0,0,0,0,,,,,,,ashleyunsafe
Ethan,320e0e16-e63d-4e5b-9e3d-41d8ba10cba9,7,zealot   *,50300,0,0,0,0,0,0,,,,,,,ashleyunsafe
Ethan,3a5e8d37-de96-4a80-bda5-5bb0c81f7084,7,zealot pB(80%) morning_star *,50300,0,0,0,0,0,0,,,,,,,ashleyunsafe
Ethan,c7f9115f-e46f-4ff4-999f-8aa06e79ac03,7,zealot  torch *,50301,0,0,0,0,0,0,,,,,,,ashleyunsafe
Ethan,83c64219-302c-4afb-85fc-8659524e7e8c,7,zealot  torch *,50300,0,0,0,0,0,0,,,,,,,ashleyunsafe
Ethan,648f1baf-8f46-468b-92a0-261791c944b2,7,zealot pA(10%) torch *,50301,0,0,0,0,0,0,,,,,,,ashleyunsafe
Ethan,0a4abd13-78c6-4eed-99b9-52c807420f6a,7,zealot   *,50301,0,0,0,0,0,0,,,,,,,ashleyunsafe
Ethan,4e25c42b-d3cd-47bc-bcaf-28bd16cb36ab,7,zealot   *,50301,0,0,0,0,0,0,,,,,,,ashleyunsafe
Ethan,1a8ecedb-cbe5-470a-b9e1-30459ea80287,7,zealot   *,50301,0,0,0,0,0,0,,,,,,,ashleyunsafe
Ethan,931075a4-562f-4b4a-9558-f3c7cd34fcdf,7,zealot   *,50300,0,0,0,0,0,0,,,,,,,ashleyunsafe
Ethan,,8,[EXTRA],51100,19,21,39,0,0,0,f3aee77d-c551-49e7-9359-a5830a0bc1f6,,,,,,
Ethan,,8,[EXTRA],51100,19,21,43,0,0,0,f3aee77d-c551-49e7-9359-a5830a0bc1f6,,,,,,
Ethan,,8,[EXTRA],51100,18,21,45,0,0,0,f3aee77d-c551-49e7-9359-a5830a0bc1f6,,,,,,
Ethan,,8,[EXTRA],51100,21,21,48,0,0,0,f3aee77d-c551-49e7-9359-a5830a0bc1f6,,,,,,
Ethan,,8,[EXTRA],51101,37,21,25,0,0,0,f3aee77d-c551-49e7-9359-a5830a0bc1f6,,,,,,
Ethan,,8,[EXTRA],51101,31,21,30,0,0,0,f3aee77d-c551-49e7-9359-a5830a0bc1f6,,,,,small,
Ethan,,8,[EXTRA],51101,26,21,30,0,0,0,f3aee77d-c551-49e7-9359-a5830a0bc1f6,,,,,small,
Ethan,,8,[EXTRA],51101,31,20,24,0,0,0,f3aee77d-c551-49e7-9359-a5830a0bc1f6,,,,,small,
Ethan,,8,[EXTRA],51101,19,20,34,0,0,0,f3aee77d-c551-49e7-9359-a5830a0bc1f6,,,,,small,
Ethan,,8,[EXTRA],51101,18,20,26,0,0,0,f3aee77d-c551-49e7-9359-a5830a0bc1f6,,,,,small,
Ethan,,8,[EXTRA],51101,37,24,14,0,0,0,f3aee77d-c551-49e7-9359-a5830a0bc1f6,,,,,small,
Ethan,,8,[EXTRA],51400,30,26,1,0,0,0,f3aee77d-c551-49e7-9359-a5830a0bc1f6,,,,,small,
Ethan,,8,[EXTRA],51400,31,26,-4,0,0,0,f3aee77d-c551-49e7-9359-a5830a0bc1f6,,,,,small,
Ethan,,8,[EXTRA],51403,24,27,3,0,0,0,f3aee77d-c551-49e7-9359-a5830a0bc1f6,,,,,small,
Ethan,,8,[EXTRA],51403,21,27,3,0,0,0,f3aee77d-c551-49e7-9359-a5830a0bc1f6,,,,,small,
Ethan,,8,[EXTRA],51500,31,27,-31,0,0,0,f3aee77d-c551-49e7-9359-a5830a0bc1f6,,,,,,
Ethan,,8,[EXTRA],51501,22,27,-32,0,0,0,f3aee77d-c551-49e7-9359-a5830a0bc1f6,,,,,,
Ethan,,8,[EXTRA],51501,15,27,-32,0,0,0,f3aee77d-c551-49e7-9359-a5830a0bc1f6,,,,,,
Ethan,,8,[EXTRA],51501,10,27,-32,0,0,0,f3aee77d-c551-49e7-9359-a5830a0bc1f6,,,,,,
Ethan,,8,[EXTRA],51503,-10,27,-67,0,0,0,f3aee77d-c551-49e7-9359-a5830a0bc1f6,,,,,small,
Ethan,,8,[EXTRA],51503,-17,27,-66,0,0,0,f3aee77d-c551-49e7-9359-a5830a0bc1f6,,,,,small,
Ethan,,8,[EXTRA],51503,-33,29,-64,0,0,0,f3aee77d-c551-49e7-9359-a5830a0bc1f6,,,,,small,
Ethan,,8,[EXTRA],51600,-23,25,-97,0,0,0,f3aee77d-c551-49e7-9359-a5830a0bc1f6,,,,,,
Ethan,,8,[EXTRA],51600,-5,23,-104,0,0,0,f3aee77d-c551-49e7-9359-a5830a0bc1f6,,,,,,
Ethan,,8,[EXTRA],51600,-7,23,-101,0,0,0,f3aee77d-c551-49e7-9359-a5830a0bc1f6,,,,,,
Ethan,,8,[EXTRA],51600,-11,23,-99,0,0,0,f3aee77d-c551-49e7-9359-a5830a0bc1f6,,,,,,
Ethan,2076e20c-1813-4f01-bd45-4b191506016a,8,zealot pB(0%) staff Crimson Lantern x1,51404,0,0,0,0,0,0,,,Ethan-red-zealot-lantern,,noduplicate nowave,,krauser_1 krauser_2 mendez_chase pesanta u3 fodder
Ethan,29cab82c-9681-4d3c-97f5-f90f7eecabe8,8,zealot pB(0%)  *,51404,0,0,0,0,0,0,,,,,,,
Ethan,52676b5d-d269-4017-bcbe-1011c9dd5ae0,8,zealot pB(0%)  Crimson Lantern x1,51404,0,0,0,0,0,0,,,,,,,
Ethan,77e20ba7-e457-4e11-95b9-8dc8d74df659,8,zealot pB(0%)  *,51404,0,0,0,0,0,0,,,,,,,mendez_2 mendez_chase
Ethan,db46318b-dd26-46a3-8045-7f94e4c83c02,8,zealot pB(0%)  *,51404,0,0,0,0,0,0,,,,,,,
Ethan,3199510a-4256-4974-9b62-cd04349b64ec,8,zealot pB(0%)  Crimson Lantern x1,51404,0,0,0,0,0,0,,,,,,,
Ethan,d3b7d70b-545e-4317-a8c7-40f183eb833d,8,zealot pB(0%)  Crimson Lantern x1,51404,0,0,0,0,0,0,,,,,,,
Ethan,78e3c3e4-2a36-47c7-94c4-6f9eedc23c2e,8,zealot  crossbow Crimson Lantern x1,51404,0,0,0,0,0,0,,,,,,,
Ethan,322b9410-3b44-4f37-a567-4a3bfc83af62,8,zealot  crossbow Crimson Lantern x1,51404,0,0,0,0,0,0,,,,,,,
Ethan,f5e48ba7-1f31-48c4-9783-bfc97698df9b,8,zealot pB(0%)  *,51404,0,0,0,0,0,0,,,,,,,
Ethan,95795768-67d0-4a6f-8ad7-87304d08de99,8,zealot pB(0%)  *,51404,0,0,0,0,0,0,,,,,,,mendez_2 mendez_chase
Ethan,2dcc9ecb-245c-435e-a3ca-9d4352a56af5,8,zealot pB(0%)  *,51404,0,0,0,0,0,0,,,,,,,mendez_2 mendez_chase
Ethan,bc50cdf3-3e25-4cce-8565-3bcaf2eab895,8,zealot pB(0%) hatchet *,51404,0,0,0,0,0,0,,,,,,,
Ethan,94eaa47b-be0d-4b09-a867-85aa451e41d6,8,zealot pB(0%) morning_star *,51404,0,0,0,0,0,0,,,,,,,
Ethan,529000db-914b-41bf-aa8e-7dca0eb646d3,8,zealot pB(0%) torch *,51404,0,0,0,0,0,0,,,,,,,
Ethan,f0097088-7cb7-434f-ba75-5fa6863459cb,8,zealot pB(0%) hatchet *,51403,0,0,0,0,0,0,,,,,,,
Ethan,fe945834-5ad2-4351-8ebf-9db6ace8ebde,8,zealot pA(0%) morning_star *,51404,0,0,0,0,0,0,,,,,,,
Ethan,9db03495-cb71-4686-a643-c85d0aa3283e,8,zealot pB(0%) hatchet *,51404,0,0,0,0,0,0,,,,,,,
Ethan,dcbdccd8-3687-4fb6-bef9-7f5c33043597,8,zealot pA(0%)  *,51404,0,0,0,0,0,0,,,,,,,
Ethan,0ef7a058-9cdc-45d8-8461-d783da3d6ad5,8,zealot pB(0%) torch *,51404,0,0,0,0,0,0,,,,,,,
Ethan,15c9e5b1-5a15-4374-ab3a-60ea02b29742,8,zealot pA(0%) morning_star *,51404,0,0,0,0,0,0,,,,,,,
Ethan,2df47e4f-30a7-4cea-bffc-88a7383790de,8,zealot pB(0%) hatchet *,51404,0,0,0,0,0,0,,,,,,,
Ethan,092b7776-bb3b-4d67-b9f0-9320d713b755,8,arana   *,51503,0,0,0,0,0,0,,,,,preserve noduplicate nowave,,
Ethan,68ad3dbb-aefc-48ec-a4af-72a5523f091c,8,arana   *,51504,0,0,0,0,0,0,,,,,,,
Ethan,da9b15b8-f256-4891-a585-5a6f2e2d9332,8,zealot  hatchet *,51504,0,0,0,0,0,0,,,,,,,
Ethan,fb5b1932-0e13-4014-9dc5-a751f81daadb,8,zealot  scythe *,51600,0,0,0,0,0,0,,,,,,,
Ethan,04015979-9f49-4051-a3ef-899cc02314d9,8,zealot  morning_star *,51610,0,0,0,0,0,0,,,,,,,
Ethan,c046389f-6bca-406e-bf58-55a3356e31e2,8,zealot  wooden_shield *,51600,0,0,0,0,0,0,,,,,,,
Ethan,789e4ccd-6325-405b-97c5-f434f43bff00,8,zealot  wooden_shield *,51600,0,0,0,0,0,0,,,,,,,
Ethan,d91ebe70-8df8-4ea1-87ce-7858920b4470,8,zealot  crossbow *,51600,0,0,0,0,0,0,,,,,,,
Ethan,4aeea756-2a16-4986-9960-5510d7ce794f,8,zealot  crossbow *,51600,0,0,0,0,0,0,,,,,,,
Ethan,c9d302b9-d2dc-4d16-abc9-b40153e22604,8,zealot  crossbow *,51600,0,0,0,0,0,0,,,,,,,
Ethan,3012cee1-b300-44b1-bf9e-0c44738dc1b8,8,arana   *,51610,0,0,0,0,0,0,,,,,,,
Ethan,cdb4ec05-9c2d-42b8-9265-a453b222a406,8,arana   *,51610,0,0,0,0,0,0,,,,,,,
Ethan,c291eaaa-fe73-420d-9603-1b1b3ef8a994,8,arana   *,51610,0,0,0,0,0,0,,,,,,,
Ethan,de21fdb5-3411-446b-9b5c-7cb2581f9fa7,8,zealot  hatchet | wooden_shield *,51610,0,0,0,0,0,0,,,,,,,
Ethan,7b581660-afba-4c43-bc61-f1c48d048123,8,zealot  scythe *,51610,0,0,0,0,0,0,,,,,,,
Ethan,44073437-99ca-406c-ba6c-8d9bb5d93857,8,zealot  morning_star *,51610,0,0,0,0,0,0,,,,,,,
Ethan,e6d30320-58ee-433c-b838-cdb827945f16,8,zealot   *,51610,0,0,0,0,0,0,,,,,,,
Ethan,ad693540-83ac-4ddf-b2f9-6833a29f9e14,8,arana   *,51610,0,0,0,0,0,0,,,,,,,
Ethan,d6765e2e-130e-464d-8e52-e5945a9de133,8,zealot  torch *,51600,0,0,0,0,0,0,,,,,,,
Ethan,fa19b56d-c128-4a48-a284-148fd44ba2f1,8,zealot  morning_star *,51600,0,0,0,0,0,0,,,,,,,
Ethan,54188a8a-9e93-4b22-b2ea-36a43ee9078f,8,zealot  torch *,51611,0,0,0,0,0,0,,,,,,,
Ethan,92501d30-c2d1-4aba-ba87-e0c395794c4f,8,zealot  scythe *,51600,0,0,0,0,0,0,,,,,,,
Ethan,c52049c7-2bd2-442c-9587-ab7da1dd0414,8,zealot  crossbow *,51611,0,0,0,0,0,0,,,,,,,
Ethan,daee74e3-064f-457f-9c22-84631913b0b8,8,zealot  hatchet | wooden_shield *,51611,0,0,0,0,0,0,,,,,,,
Ethan,c47abeec-6a38-4b22-ac41-eeeb4d72262f,8,zealot  morning_star *,51611,0,0,0,0,0,0,,,,,,,
Ethan,92fe9037-bef7-4f30-bdeb-a28ae8c9847e,8,zealot  morning_star *,51611,0,0,0,0,0,0,,,,,preserve noduplicate nowave,,
Ethan,e2da8874-b400-4761-86cb-90d6e8202c61,8,zealot   *,51600,0,0,0,0,0,0,,,,,preserve noduplicate nowave,,
Ethan,81506a0c-98c5-4e53-b93f-27f03aa2581d,8,zealot  hatchet | wooden_shield *,51600,0,0,0,0,0,0,,,,,,,
Ethan,1973e872-006b-415e-8ed7-15e1607c489c,8,zealot  crossbow *,51600,0,0,0,0,0,0,,,,,,,
Ethan,f7acec7b-92d7-462f-883a-d301ec74071d,8,zealot  crossbow *,51600,0,0,0,0,0,0,,,,,,,
Ethan,cdd46d83-3717-4be5-b06b-aac50294b23c,8,zealot  morning_star *,51600,0,0,0,0,0,0,,,,,,,
Ethan,5f0ddf30-20b5-47ca-9512-630291437377,8,zealot  torch *,51600,0,0,0,0,0,0,,,,,preserve noduplicate nowave,,
Ethan,d00786c5-58a2-449a-8d2c-6c43fcb4dda3,8,zealot  morning_star *,51600,0,0,0,0,0,0,,,,,,,
Ethan,3c8f307e-930e-45ae-bebc-de123347594e,8,zealot  morning_star | wooden_shield *,51600,0,0,0,0,0,0,,,,,,,
Ethan,d4a9fda4-9f95-4d9d-8459-5ce9242eeaa0,8,zealot  torch *,51600,0,0,0,0,0,0,,,,,,,
Ethan,4867bc0e-f840-4717-ba9a-338cdf4bfdd5,8,zealot  morning_star | wooden_shield *,51600,0,0,0,0,0,0,,,,,,,
Ethan,89afb6f3-304f-432f-a91c-11071ecd1c0f,8,zealot  hatchet *,51612,0,0,0,0,0,0,,,,,,,
Ethan,80654de9-cdd7-46ca-9ddc-920e8b37ef5b,8,el_gigante   .,51600,0,0,0,0,0,0,,,,,preserve noduplicate nowave,,
Ethan,f7096df4-7181-430a-873d-be6d258a21b7,8,armadura   Emerald x1,51402,0,0,0,0,0,0,,,,,,,
Ethan,773c615c-ba4b-46bb-87cf-4f0579984af4,8,armadura   Alexandrite x1,51402,0,0,0,0,0,0,,,,,,,
Ethan,9f057c7e-9a4f-472d-8950-a016389218b7,8,armadura   *,51402,0,0,0,0,0,0,,,,,,,
Ethan,ed542271-b7b3-4c10-931a-9a76cfa4f88c,8,armadura   Yellow Diamond x1,51402,0,0,0,0,0,0,,,,,,,
Ethan,c945e837-d835-4cc0-943e-0d22b7c35f10,8,armadura   Alexandrite x0,51502,0,0,0,0,0,0,,,,,noduplicate,,pig chainsaw chainsaw_mad mendez_chase mendez_2
Ethan,a677b77b-c774-457e-81b8-535487fa601f,8,armadura   *,51502,0,0,0,0,0,0,,,,,noduplicate,,pig chainsaw chainsaw_mad mendez_chase mendez_2
Ethan,72f26ef7-bcdc-47f3-bb36-ac74a04c0a1a,8,armadura   Yellow Diamond x0,51502,0,0,0,0,0,0,,,,,noduplicate,,pig chainsaw chainsaw_mad mendez_chase mendez_2
Ethan,16445017-5efb-46f0-8866-2568298f6e33,8,zealot  scythe *,51612,0,0,0,0,0,0,,,,,,,
Ethan,4b913df6-2333-43e0-8ef3-97b7592245ef,8,zealot  torch *,51600,0,0,0,0,0,0,,,,,,,
Ethan,147c459f-865b-4f51-855d-78ad7e501437,8,zealot  scythe *,51600,0,0,0,0,0,0,,,,,,,
Ethan,03c47a7b-0482-432b-bb81-90621937aa5f,8,zealot  crossbow *,51600,0,0,0,0,0,0,,,,,,,
Ethan,dbe8fc79-5769-4bfc-bdb2-bcb094d219a3,8,zealot  torch *,51600,0,0,0,0,0,0,,,,,,,
Ethan,91e92af0-df21-44bd-98db-2b33c0e2eb4c,8,zealot  hatchet | wooden_shield *,51600,0,0,0,0,0,0,,,,,,,
Ethan,624b8ed1-747b-43ac-bf69-02755b8f9ba8,8,zealot  hatchet | wooden_shield *,51600,0,0,0,0,0,0,,,,,,,
Ethan,76c7e4dc-d11a-4a48-a17e-0242256679c5,8,zealot  crossbow *,51600,0,0,0,0,0,0,,,,,,,
Ethan,f581aa71-8c16-40ab-bc22-7af2c24dfe80,8,zealot  torch *,51600,0,0,0,0,0,0,,,,,,,
Ethan,8452214b-7d2a-49ee-8061-07b8f376990b,8,zealot  torch *,51600,0,0,0,0,0,0,,,,,,,
Ethan,9f2d21b7-e086-4740-9eff-e73c5a62facb,8,zealot  torch *,51600,0,0,0,0,0,0,,,,,,,
Ethan,56e2ced6-9889-4cf3-ac32-53869821b6e1,8,zealot  torch *,51600,0,0,0,0,0,0,,,,,,,
Ethan,b38a4e70-4684-47bd-827d-37a3cd82dbb0,8,zealot  torch *,51611,0,0,0,0,0,0,,,,,,,
Ethan,fbefb49c-56d1-498d-8ca4-9f8fc64948d6,8,zealot  torch *,51200,0,0,0,0,0,0,,,,,,,
Ethan,3eefa9ed-7d0e-4b07-8a58-974d70f4d163,8,zealot  torch *,51200,0,0,0,0,0,0,,,,,,,
Ethan,3038fabe-eace-4340-a171-65f8d9532260,8,zealot  torch *,51200,0,0,0,0,0,0,,,,,,,
Ethan,f81acb05-b376-473a-98df-0c9659aa580e,8,zealot  torch *,51200,0,0,0,0,0,0,,,,,,,
Ethan,606f9d68-42fb-4ff1-a89c-39f374811594,8,viper   Viper x1,51200,0,0,0,0,0,0,,,,,noduplicate,,
Ethan,325551aa-2aa2-46d7-8d75-2201c8c686f5,9,ashley_1   .,51201,0,0,0,0,0,0,,,,,preserve noduplicate nowave,,
Ethan,,9,[EXTRA],51200,49,21,40,0,0,0,,,,,,,ashleyunsafe
Ethan,,9,[EXTRA],51200,54,21,40,0,0,0,,,,,,,ashleyunsafe
Ethan,,9,[EXTRA],51200,55,25,25,0,0,0,,,,,,,ashleyunsafe
Ethan,,9,[EXTRA],51200,46,25,26,0,0,0,,,,,,,ashleyunsafe
Ethan,,9,[EXTRA],52101,106,30,62,0,0,0,ad205d79-b8d8-4f6b-8f7a-f0fb8a64479c,,,,,,ashleyunsafe
Ethan,,9,[EXTRA],52101,96,30,63,0,0,0,ad205d79-b8d8-4f6b-8f7a-f0fb8a64479c,,,,,,ashleyunsafe
Ethan,,9,[EXTRA],52101,132,27,46,0,0,0,947e33a8-c840-4d86-a6eb-38e107698469,,,,,,ashleyunsafe
Ethan,,9,[EXTRA],52101,132,27,35,0,0,0,947e33a8-c840-4d86-a6eb-38e107698469,,,,,,ashleyunsafe
Ethan,,9,[EXTRA],52101,126,28,35,0,0,0,947e33a8-c840-4d86-a6eb-38e107698469,,,,,,ashleyunsafe
Ethan,,9,[EXTRA],52101,126,28,45,0,0,0,947e33a8-c840-4d86-a6eb-38e107698469,,,,,,ashleyunsafe
Ethan,,9,[EXTRA],52101,115,30,35,0,0,0,947e33a8-c840-4d86-a6eb-38e107698469,,,,,,ashleyunsafe
Ethan,,9,[EXTRA],52101,114,30,46,0,0,0,947e33a8-c840-4d86-a6eb-38e107698469,,,,,,ashleyunsafe
Ethan,,9,[EXTRA] MAIN HALL // Knights Room Ambush 1,52204,116,28,6,0,0,0,71469674-9532-40f7-8464-37eca3eeaa64,,,,noduplicate,villager_range zealot_range soldier_range brute_range,
Ethan,,9,[EXTRA] MAIN HALL // Knights Room Ambush 2,52204,116,28,11,0,0,0,71469674-9532-40f7-8464-37eca3eeaa64,,,,noduplicate,villager_range zealot_range soldier_range brute_range,
Ethan,,9,[EXTRA],52500,100,22,62,0,0,0,947e33a8-c840-4d86-a6eb-38e107698469,,,,,,ashleyunsafe
Ethan,,9,[EXTRA],52500,106,22,65,0,0,0,947e33a8-c840-4d86-a6eb-38e107698469,,,,,,ashleyunsafe
Ethan,,9,[EXTRA],50700,-100,13,74,0,0,0,947e33a8-c840-4d86-a6eb-38e107698469,,,,,,ashleyunsafe
Ethan,,9,[EXTRA],50700,-110,13,78,0,0,0,947e33a8-c840-4d86-a6eb-38e107698469,,,,,,ashleyunsafe
Ethan,,9,[EXTRA],50700,-108,13,74,0,0,0,947e33a8-c840-4d86-a6eb-38e107698469,,,,,,ashleyunsafe
Ethan,,9,[EXTRA],50600,-111,15,62,0,0,0,947e33a8-c840-4d86-a6eb-38e107698469,,,,,,ashleyunsafe
Ethan,,9,[EXTRA],50600,-114,15,52,0,0,0,947e33a8-c840-4d86-a6eb-38e107698469,,,,,,ashleyunsafe
Ethan,,9,[EXTRA],50600,-107,15,46,0,0,0,947e33a8-c840-4d86-a6eb-38e107698469,,,,,,ashleyunsafe
Ethan,,9,[EXTRA],50600,-108,15,55,0,0,0,947e33a8-c840-4d86-a6eb-38e107698469,,,,,,ashleyunsafe
Ethan,,9,[EXTRA],50600,-117,18,45,0,0,0,947e33a8-c840-4d86-a6eb-38e107698469,,,,,small,
Ethan,,9,[EXTRA],50600,-118,20,52,0,0,0,947e33a8-c840-4d86-a6eb-38e107698469,,,,,small,
Ethan,,9,[EXTRA],50600,-121,14,52,0,0,0,947e33a8-c840-4d86-a6eb-38e107698469,,,,,small,
Ethan,,9,[EXTRA],52401,141,27,6,0,0,0,947e33a8-c840-4d86-a6eb-38e107698469,,,,,,ashleyunsafe
Ethan,,9,[EXTRA],52401,141,27,26,0,0,0,947e33a8-c840-4d86-a6eb-38e107698469,,,,,,ashleyunsafe
Ethan,,9,[EXTRA],51200,66,21,37,0,0,0,44da6bd3-0a56-43c9-9172-55a612454523,,,,,,ashleyunsafe
Ethan,,9,[EXTRA],51200,54,21,22,0,0,0,44da6bd3-0a56-43c9-9172-55a612454523,,,,,,ashleyunsafe
Ethan,,9,[EXTRA],51200,68,21,31,0,0,0,fbbe131b-3e66-4764-a22c-3d4a459cb26d,,,,,,ashleyunsafe
Ethan,,9,[EXTRA],51200,78,21,23,0,0,0,4fad65ac-6612-46ae-b954-618d6b2d4fff,,,,,,ashleyunsafe
Ethan,,9,[EXTRA],51200,57,21,50,0,0,0,4a5d1752-48d0-4d68-b01b-e5abb419fb26,,,,,,ashleyunsafe
Ethan,aab3e717-0a46-4337-be85-ff470b17bb72,9,armadura   *,52200,0,0,0,0,0,0,,,,,,,ashleyunsafe
Ethan,8a6f6212-91ac-4e3f-b86f-b5458fba4333,9,armadura   *,52200,0,0,0,0,0,0,,,,,,,ashleyunsafe
Ethan,2d8e3493-0596-48a5-ae3a-12d5d7c9c080,9,armadura   *,52200,0,0,0,0,0,0,,,,,,,ashleyunsafe
Ethan,386b0f7d-cfa7-4f27-8b75-4c3eb251c3be,9,armadura   *,52200,0,0,0,0,0,0,,,,,,,ashleyunsafe
Ethan,21ca4def-e4ac-4aa9-ade5-73e9c95697cc,9,colmillos   *,51200,0,0,0,0,0,0,,,,,,,ashleyunsafe
Ethan,c6f2ea56-4d34-431e-a91d-e9727cedd345,9,colmillos   *,51200,0,0,0,0,0,0,,,,,,,ashleyunsafe
Ethan,b5e886ff-2c5e-496b-982f-9c68e1107808,9,colmillos   *,51200,0,0,0,0,0,0,,,,,,,ashleyunsafe
Ethan,f4bb5e8a-ca05-4e9b-80b6-decd5eaff409,9,colmillos   *,51200,0,0,0,0,0,0,,,,,,,ashleyunsafe
Ethan,12599b24-2380-4f2b-89e3-0e65ae59dfc1,9,colmillos   *,51200,0,0,0,0,0,0,,,,,,,ashleyunsafe
Ethan,09d4dd08-17c4-4525-a416-9bd21ed5d217,9,colmillos   *,51200,0,0,0,0,0,0,,,,,,,ashleyunsafe
Ethan,de197399-472b-459d-bc48-10227c0fbac0,9,colmillos   *,51200,0,0,0,0,0,0,,,,,,,ashleyunsafe
Ethan,26e738b5-ffbc-4c5a-8bf1-e7cd190522e2,9,colmillos   *,51200,0,0,0,0,0,0,,,,,,,ashleyunsafe
Ethan,9e3b1367-8147-4421-bdd5-3bf826d89977,9,colmillos   *,51200,0,0,0,0,0,0,,,,,,,ashleyunsafe
Ethan,6a717f5b-7b2a-4b9f-adb9-ae49b1155f4f,9,colmillos   *,51200,0,0,0,0,0,0,,,,,,,ashleyunsafe
Ethan,b38e100d-b62a-4a98-a697-aed59cfc963a,9,colmillos   *,51200,0,0,0,0,0,0,,,,,,,ashleyunsafe
Ethan,8a282540-45a6-4573-8f95-062d7821e9cb,9,colmillos   *,51200,0,0,0,0,0,0,,,,,,,ashleyunsafe
Ethan,24786241-ccd1-45aa-91e9-a955f84f2d07,9,colmillos   *,51200,0,0,0,0,0,0,,,,,,,ashleyunsafe
Ethan,c09dc793-3bfa-470b-8f65-cf78124ef49e,9,colmillos   *,51200,0,0,0,0,0,0,,,,,,,ashleyunsafe
Ethan,d6a865ea-02bf-490d-afd7-7014b5cfd7ea,9,colmillos   *,51200,0,0,0,0,0,0,,,,,,,ashleyunsafe
Ethan,fe52cfbc-3670-4ab4-bf49-5a48eee778c9,9,zealot  torch *,51200,0,0,0,0,0,0,,,,,,,ashleyunsafe
Ethan,927d615c-a059-45b6-b403-19a7e2e69ec3,9,zealot   *,51101,0,0,0,0,0,0,,,,,,,ashleyunsafe
Ethan,13f1fdbe-c493-478b-a1c2-a987108355fa,9,zealot   *,51101,0,0,0,0,0,0,,,,,,,ashleyunsafe
Ethan,13eca9f9-addd-4296-bd0f-523a89bd5d21,9,zealot   *,51101,0,0,0,0,0,0,,,,,,,ashleyunsafe
Ethan,4f7097cb-f80b-416a-aa01-d63cd0ddc998,9,colmillos   *,51200,0,0,0,0,0,0,,,,,,,ashleyunsafe
Ethan,2d0b669e-326a-451e-9536-c26fd84d560b,9,colmillos   *,51200,0,0,0,0,0,0,,,,,,,ashleyunsafe
Ethan,12ba6351-0254-41b4-8f52-bbb938545ed1,9,colmillos   *,51200,0,0,0,0,0,0,,,,,,,ashleyunsafe
Ethan,e1bc29d8-7148-41c7-82f1-97f16df9a3f2,9,viper   Viper x1,52101,0,0,0,0,0,0,,,,,,,colmillos super-colmillos invincible
Ethan,8d24c259-5fbd-4632-b87d-a86e6fd6a87b,9,armadura   *,52202,0,0,0,0,0,0,,,,,,,colmillos super-colmillos invincible
Ethan,b4374c74-f9f5-4786-8ea9-ff94024cdedb,9,armadura   *,52202,0,0,0,0,0,0,,,,,,,colmillos super-colmillos invincible
Ethan,06f53906-941b-417d-86bd-dae75eef46ab,9,armadura   *,52202,0,0,0,0,0,0,,,,,,,colmillos super-colmillos invincible
Ethan,a3a90441-3401-429f-a460-c3566ce36721,9,armadura   *,52202,0,0,0,0,0,0,,,,,,,colmillos super-colmillos invincible
Ethan,71413d20-7441-4a18-8e23-2d58c006cdc6,9,armadura   *,52202,0,0,0,0,0,0,,,,,,,colmillos super-colmillos invincible
Ethan,4adc14c8-c59f-4ae4-b5cd-650e2bf2a692,9,armadura   *,52202,0,0,0,0,0,0,,,,,,,colmillos super-colmillos invincible
Ethan,fb9eb2fd-ea75-4ae3-bd1b-406b5e789523,9,armadura   *,52202,0,0,0,0,0,0,,,,,,,colmillos super-colmillos invincible
Ethan,a28e8c01-d0b3-4407-b2b3-05a078fe1aed,9,armadura   *,52202,0,0,0,0,0,0,,,,,,,colmillos super-colmillos invincible
Ethan,93d176ad-0b75-4473-8147-7c628c739d69,9,armadura   *,52202,0,0,0,0,0,0,,,,,,,colmillos super-colmillos invincible
Ethan,c88eeb9a-e3ce-42ea-9524-84c9669aa963,9,armadura   *,52202,0,0,0,0,0,0,,,,,,,colmillos super-colmillos invincible
Ethan,8933afe7-7bcf-4052-9c09-9ca2be004ecc,9,armadura   *,52202,0,0,0,0,0,0,,,,,,,colmillos super-colmillos invincible
Ethan,5cb0ab35-1d18-4928-8407-20bb3df7db89,9,armadura   *,52202,0,0,0,0,0,0,,,,,,,colmillos super-colmillos invincible
Ethan,6a67f8dd-7fb0-4928-a475-bc9ea1774385,9,armadura   *,52202,0,0,0,0,0,0,,,,,,,colmillos super-colmillos invincible
Ethan,7fd85876-8cd0-4fbb-bf97-5b9502d9becf,9,armadura   *,52202,0,0,0,0,0,0,,,,,,,colmillos super-colmillos invincible
Ethan,3be5af00-b684-49c7-979d-39aca52dd04f,9,zealot pA(0%) wooden_shield *,52303,0,0,0,0,0,0,,,,,,,ashleyunsafe
Ethan,da4ec6cf-7544-46be-a875-ad79063ef5c0,9,zealot pB(0%) morning_star *,52303,0,0,0,0,0,0,,,,,,,ashleyunsafe
Ethan,461e5f41-5ae5-43a5-b9b7-bfb0f6e37561,9,zealot pA(0%) scythe *,52303,0,0,0,0,0,0,,,,,,,ashleyunsafe
Ethan,26bd3046-e404-405d-aa71-727c5dc36c42,9,zealot pB(0%) staff Red Beryl x1,52303,0,0,0,0,0,0,,,,,,,ashleyunsafe
Ethan,d23c6205-9ca5-4ad9-b213-08083d0a6e3e,9,zealot pA(0%)  *,52303,0,0,0,0,0,0,,,,,,,ashleyunsafe
Ethan,cc6c21f1-6ec0-4d7b-a9f3-0ca75313b941,9,zealot pB(0%)  *,52303,0,0,0,0,0,0,,,,,,,ashleyunsafe
Ethan,9cc880d1-e491-4470-8746-c06d6483cff3,9,zealot pA(0%) morning_star *,52303,0,0,0,0,0,0,,,,,,,ashleyunsafe
Ethan,f58511a5-103a-4b28-9766-a5a13d9c8862,9,zealot pB(0%)  *,52303,0,0,0,0,0,0,,,,,,,ashleyunsafe
Ethan,327c1763-959d-4082-b99e-607debebb307,9,zealot pB(0%)  *,52303,0,0,0,0,0,0,,,,,,,ashleyunsafe
Ethan,f14e7dc5-c3c4-4853-bc80-d149ed9813df,9,zealot pA(0%) morning_star *,52303,0,0,0,0,0,0,,,,,,,ashleyunsafe
Ethan,938b4038-d426-4046-8cfb-1cad0d1192f6,9,zealot pA(0%) morning_star * [REINFORCEMENTS],52303,0,0,0,0,0,0,,,,,,climber,
Ethan,9e06886e-a126-4ba5-b950-d34f1cb5a97a,9,zealot pB(0%) morning_star * [REINFORCEMENTS],52303,0,0,0,0,0,0,,,,,,climber,
Ethan,d4e9b920-e037-4d7d-8a3f-a5499b879612,9,zealot pB(0%) morning_star * [REINFORCEMENTS],52303,0,0,0,0,0,0,,,,,,climber,
Ethan,a82a477a-c47a-4106-a97a-0823f29b821c,9,zealot pA(0%) morning_star | wooden_shield * [REINFORCEMENTS],52303,0,0,0,0,0,0,,,,,,climber,
Ethan,31b683ea-e382-49d3-8449-52336c55b61b,9,zealot pA(0%) hatchet *,52303,0,0,0,0,0,0,,,,,,,ashleyunsafe
Ethan,608aa637-d26e-4276-a7b7-a330e68cdcd2,9,zealot pB(0%) hatchet *,52303,0,0,0,0,0,0,,,,,,,ashleyunsafe
Ethan,a9592380-3f49-4ca0-9c6a-336aa12c7388,9,zealot pB(0%) hatchet *,52303,0,0,0,0,0,0,,,,,,,ashleyunsafe
Ethan,6b461978-6ea4-4b29-aff1-6d4838b6c629,9,zealot pA(0%) morning_star | wooden_shield *,52303,0,0,0,0,0,0,,,,,,,ashleyunsafe
Ethan,d5700b25-c99d-4040-9826-6ef5b28d4f2d,9,zealot pB(0%) morning_star | wooden_shield *,52303,0,0,0,0,0,0,,,,,,,ashleyunsafe
Ethan,59540fe1-d31c-451b-b831-37aa1815c2cd,9,zealot pA(0%) morning_star *,52303,0,0,0,0,0,0,,,,,,,ashleyunsafe
Ethan,e3e04fff-ae49-4c74-8f54-6fcf394339d2,9,zealot pB(0%) morning_star *,52303,0,0,0,0,0,0,,,,,,,ashleyunsafe
Ethan,f0339e7b-24ac-40ab-914b-57c2b835e750,9,zealot pB(0%) morning_star *,52303,0,0,0,0,0,0,,,,,,,ashleyunsafe
Ethan,847b3b82-8170-4872-bd00-350dff8596be,9,zealot pA(0%) hatchet | wooden_shield *,52303,0,0,0,0,0,0,,,,,,,ashleyunsafe
Ethan,1cc8e0cb-fd2a-40b4-8bd7-2e12d6799c5b,9,zealot pB(0%) hatchet | wooden_shield *,52303,0,0,0,0,0,0,,,,,,,ashleyunsafe
Ethan,2552b095-5e86-43fa-83d5-419c3b362ab3,9,zealot pB(0%) hatchet | wooden_shield *,52303,0,0,0,0,0,0,,,,,,,ashleyunsafe
Ethan,266c5c02-5c1e-4b82-8a35-e93b003265f4,9,zealot pB(50%) staff Red Beryl x1 // Red Zealot // NEWWWWW BOSS,50401,0,0,0,0,0,0,,,Ethan-red-zealot-mainhall,,,,fodder elite invincible krauser_1
Ethan,d8b139d0-af0e-48c1-9415-a9c756a37a9b,9,zealot  hatchet *,50401,0,0,0,0,0,0,,,,,,,ashleyunsafe
Ethan,67291da2-4b42-4bb4-8602-057283ccf719,9,zealot pA(30%) morning_star *,50401,0,0,0,0,0,0,,,,,,,ashleyunsafe
Ethan,c483f279-a5ce-46cb-a0d5-e63991ea36b3,9,zealot pB(50%)  *,50401,0,0,0,0,0,0,,,,,,,ashleyunsafe
Ethan,c3783019-3139-4018-b64d-d60eb40969a0,9,zealot pA(30%)  *,50401,0,0,0,0,0,0,,,,,,,ashleyunsafe
Ethan,7063abf3-d93a-4f0e-8aa0-dd338abd9a6f,9,zealot pB(50%) hatchet *,50401,0,0,0,0,0,0,,,,,,,ashleyunsafe
Ethan,8b36e52a-2713-4136-8ac2-133a38df8c88,9,zealot pA(30%) scythe *,50401,0,0,0,0,0,0,,,,,,,ashleyunsafe
Ethan,1065711c-6df3-4635-8b2f-7c30eacc791d,9,zealot  scythe *,50601,0,0,0,0,0,0,,,,,,,ashleyunsafe
Ethan,af6b9fff-192f-4203-8f7f-f169c3913c8a,9,zealot  morning_star *,50601,0,0,0,0,0,0,,,,,,,ashleyunsafe
Ethan,e5c0f71f-ef14-4ba6-962f-49730490991e,9,zealot  scythe *,50601,0,0,0,0,0,0,,,,,,,ashleyunsafe
Ethan,2084687a-a4af-46ec-bc89-4f1ca6dd7560,9,zealot  morning_star *,50601,0,0,0,0,0,0,,,,,,,ashleyunsafe
Ethan,0bfa5eca-bed7-4371-afc3-bed1e1bfe36a,9,zealot  scythe *,50601,0,0,0,0,0,0,,,,,,,ashleyunsafe
Ethan,22f63fd0-cd08-40b4-8cf0-cc79ad2876a6,9,zealot  scythe *,50601,0,0,0,0,0,0,,,,,,,ashleyunsafe
Ethan,9cc82a4a-a2ef-4788-95d8-52d580d6ebba,9,zealot  scythe *,50601,0,0,0,0,0,0,,,,,,,ashleyunsafe
Ethan,45c6ac31-fe3b-4c70-9682-542c108acb29,9,zealot  crossbow *,50601,0,0,0,0,0,0,,,,,,,ashleyunsafe
Ethan,56f0f723-048e-410c-b600-ec4ecff06dd9,9,zealot  crossbow *,50601,0,0,0,0,0,0,,,,,,,ashleyunsafe
Ethan,d701e3e4-1c4a-48a3-b779-d893f8f30a9c,9,viper   Viper x1,50505,0,0,0,0,0,0,,,,,,,ashleyunsafe
Ethan,a05d0a08-676b-4728-a16f-9bab2ea137e1,9,zealot   *,52101,0,0,0,0,0,0,,,,,,,ashleyunsafe
Ethan,173e4306-ca17-46dd-ba1d-450d36fa8510,9,zealot pB(100%) morning_star | wooden_shield *,52202,0,0,0,0,0,0,,,,,,,ashleyunsafe
Ethan,4d63e275-366a-4d88-8897-c1c53664ea21,9,zealot pA(100%) scythe *,52202,0,0,0,0,0,0,,,,,,,ashleyunsafe
Ethan,7ebdef8b-5a7c-4b3f-8d55-0ff4fde34bd6,9,zealot   *,52303,0,0,0,0,0,0,,,,,,,ashleyunsafe
Ethan,4d930a9f-a7e9-4810-a616-c3fed0037d69,9,zealot   *,52303,0,0,0,0,0,0,,,,,,,ashleyunsafe
Ethan,41789604-0849-4e1f-bdb3-2fc99fd6029d,9,armadura   *,53302,0,0,0,0,0,0,,,,,,,ashleyunsafe
Ethan,e40f96d3-5cee-46c8-bd26-c4211a8650b3,9,armadura   *,53302,0,0,0,0,0,0,,,,,,,ashleyunsafe
Ethan,a6ce1149-eb5f-4814-8ebc-89d02c260165,9,armadura   *,53303,0,0,0,0,0,0,,,,,,,ashleyunsafe
Ethan,ec2d2143-4d49-47dd-aba6-7f962d6de697,9,armadura   *,53303,0,0,0,0,0,0,,,,,,,ashleyunsafe
Ethan,13ba3db3-af96-448b-872e-8e676699626f,9,armadura   *,53303,0,0,0,0,0,0,,,,,,,ashleyunsafe
Ethan,d00bd76c-640f-4e88-8126-6eb18aabb97e,9,armadura   *,53302,0,0,0,0,0,0,,,,,,,ashleyunsafe
Ethan,841a9e8a-d89a-4f89-a159-913bb130086f,9,armadura   *,53302,0,0,0,0,0,0,,,,,,,ashleyunsafe
Ethan,16987692-5511-4775-b69e-bbf4ab6621a6,9,armadura   *,53303,0,0,0,0,0,0,,,,,,,ashleyunsafe
Ethan,913446f7-484f-4f7e-8f19-5459ee5e5802,9,armadura   *,53303,0,0,0,0,0,0,,,,,,,ashleyunsafe
Ethan,d17f4325-1aed-4143-839c-51fa3ba5bc48,9,armadura   *,53303,0,0,0,0,0,0,,,,,,,ashleyunsafe
Ethan,f302fd15-3c95-4bed-a792-c2cf16d9a27c,9,armadura   *,53302,0,0,0,0,0,0,,,,,preserve noduplicate nowave,,
Ethan,1c4b25e0-c6b5-408a-96c6-8010fe62738d,9,armadura   *,53302,0,0,0,0,0,0,,,,,preserve noduplicate nowave,,
Ethan,5315416a-8f1d-4526-aa70-4a89c6a01ff5,9,armadura   *,53303,0,0,0,0,0,0,,,,,preserve noduplicate nowave,,
Ethan,bd77f244-3686-4237-8ece-83ef02ffc1b0,9,armadura   *,53303,0,0,0,0,0,0,,,,,preserve noduplicate nowave,,
Ethan,28e749aa-4308-4014-ae97-a30202aff442,9,armadura   *,53303,0,0,0,0,0,0,,,,,preserve noduplicate nowave,,
Ethan,18d2a469-43c0-4130-857e-a5cfe0c868de,9,armadura   Emerald x1,53200,0,0,0,0,0,0,,,,,,,ashleyunsafe
Ethan,6f982103-3673-49bf-bb72-04504090049f,9,armadura   Sapphire x1,53200,0,0,0,0,0,0,,,,,,,ashleyunsafe
Ethan,38dfcf6a-6a95-4213-83cc-b65f58734676,9,armadura   Yellow Diamond x1,53302,0,0,0,0,0,0,,,,,,,ashleyunsafe
Ethan,acdc9e9c-ff3a-45cd-9d7c-9de7de250647,9,armadura   Sapphire x1,53302,0,0,0,0,0,0,,,,,,,ashleyunsafe
Ethan,1e05ca71-7549-4179-9720-2e9908ec2cf4,9,armadura   Ruby x1,53302,0,0,0,0,0,0,,,,,,,ashleyunsafe
Ethan,,10,[EXTRA],52101,130,32,34,0,0,0,,,,,ranged,small,
Ethan,,10,[EXTRA],52101,130,32,47,0,0,0,,,,,ranged,small,
Ethan,,10,[EXTRA],52101,138,32,43,0,0,0,,,,,ranged,small,
Ethan,,10,[EXTRA],52101,138,32,40,0,0,0,,,,,ranged,small,
Ethan,,10,[EXTRA],52101,138,32,38,0,0,0,,,,,ranged,small,
Ethan,,10,[EXTRA],53202,118,33,56,0,0,0,,,,,,small,
Ethan,,10,[EXTRA],53202,128,33,55,0,0,0,,,,,,,
Ethan,,10,[EXTRA],53202,133,33,55,0,0,0,,,,,,,
Ethan,,10,[EXTRA],53202,131,34,61,0,0,0,,,,,,small,
Ethan,,10,[EXTRA],54102,168,33,30,0,0,0,faab42de-18cb-42b8-ac18-238c0bf6a4b4,,,,,,
Ethan,,10,[EXTRA],54102,171,33,34,0,0,0,faab42de-18cb-42b8-ac18-238c0bf6a4b4,,,,,,
Ethan,,10,[EXTRA],54102,175,33,28,0,0,0,faab42de-18cb-42b8-ac18-238c0bf6a4b4,,,,,,
Ethan,,10,[EXTRA],54102,185,33,28,0,0,0,faab42de-18cb-42b8-ac18-238c0bf6a4b4,,,,,,
Ethan,,10,[EXTRA],54102,181,33,32,0,0,0,faab42de-18cb-42b8-ac18-238c0bf6a4b4,,,,,small,
Ethan,,10,[EXTRA],54204,220,29,46,0,0,0,faab42de-18cb-42b8-ac18-238c0bf6a4b4,,,,,small,
Ethan,,10,[EXTRA],54204,224,29,57,0,0,0,faab42de-18cb-42b8-ac18-238c0bf6a4b4,,,,,small,
Ethan,,10,[EXTRA],54204,214,27,56,0,0,0,faab42de-18cb-42b8-ac18-238c0bf6a4b4,,,,,small,
Ethan,,10,[EXTRA],54204,240,29,56,0,0,0,faab42de-18cb-42b8-ac18-238c0bf6a4b4,,,,,,
Ethan,,10,[EXTRA],54300,278,31,58,0,0,0,faab42de-18cb-42b8-ac18-238c0bf6a4b4,,,,,,
Ethan,,10,[EXTRA],54300,278,31,55,0,0,0,faab42de-18cb-42b8-ac18-238c0bf6a4b4,,,,,,
Ethan,,10,[EXTRA],54400,306,-35,87,0,0,0,faab42de-18cb-42b8-ac18-238c0bf6a4b4,,,,,small,
Ethan,,10,[EXTRA],54400,298,-33,100,0,0,0,faab42de-18cb-42b8-ac18-238c0bf6a4b4,,,,,small,
Ethan,,10,[EXTRA],54401,245,-31,53,0,0,0,faab42de-18cb-42b8-ac18-238c0bf6a4b4,,,,,small,
Ethan,,10,[EXTRA],54401,235,-31,64,0,0,0,faab42de-18cb-42b8-ac18-238c0bf6a4b4,,,,,small,
Ethan,8b1660d2-2ada-4717-bf58-0d41437c2b76,10,novistador   *,54101,0,0,0,0,0,0,,,,,,,mendez_chase chainsaw_mad mendez_2 chainsaw
Ethan,2d3bc3b6-d5ca-42c1-a697-58efa236f6c6,10,novistador   *,54101,0,0,0,0,0,0,,,,,,,
Ethan,cc4b8b2f-9668-4a58-a37e-a9691736e55b,10,novistador   *,54102,0,0,0,0,0,0,,,,,,,
Ethan,b3556089-2693-4243-b6b3-48dcd7b8ad9b,10,novistador   *,54101,0,0,0,0,0,0,,,,,,,
Ethan,a5440341-8fff-4ba5-a26f-d71ac02bc54d,10,novistador   *,54200,0,0,0,0,0,0,,,,,,,
Ethan,bfcc11ec-f92e-49b7-b3f7-dd5c5b3dd243,10,novistador   *,54200,0,0,0,0,0,0,,,,,,,
Ethan,f81038a7-ed79-421e-9e17-682225a8a735,10,novistador   *,54200,0,0,0,0,0,0,,,,,,,
Ethan,d6e0f8c8-310f-424a-9c21-2f384696a0d3,10,novistador   *,54200,0,0,0,0,0,0,,,,,,,
Ethan,eb7231c1-cf51-43d5-b843-875a19012b24,10,novistador   *,54200,0,0,0,0,0,0,,,,,,,
Ethan,7a10d8a8-b484-462d-8867-6609869e91d2,10,novistador   *,54200,0,0,0,0,0,0,,,,,,,
Ethan,3b839f86-8fa3-4e69-b20d-95d15315dacf,10,novistador   *,54200,0,0,0,0,0,0,,,,,,,
Ethan,ba2a25b0-c562-4ac5-81af-f51ec97aa642,10,novistador   *,54200,0,0,0,0,0,0,,,,,,,
Ethan,7be1cf67-9204-4f8a-adb0-a8033237bc3a,10,novistador   *,54200,0,0,0,0,0,0,,,,,,,
Ethan,89a87386-55cb-428d-8617-7135f13124bb,10,novistador   *,54200,0,0,0,0,0,0,,,,,,,
Ethan,a2e9fd07-bb9f-420e-815a-8accf5a87ffa,10,novistador   *,54200,0,0,0,0,0,0,,,,,,,
Ethan,686bd996-dfda-42ea-8a03-7a2a271cc386,10,novistador   *,54200,0,0,0,0,0,0,,,,,,,
Ethan,ff80497f-dd93-43c7-a258-f9490042f41e,10,novistador   *,54200,0,0,0,0,0,0,,,,,,,
Ethan,1eeb2778-b82c-43cf-a14b-80f5e10708d6,10,novistador   *,54200,0,0,0,0,0,0,,,,,,,
Ethan,d6e3bc30-4431-4d7e-9306-66d78595d334,10,novistador   *,54200,0,0,0,0,0,0,,,,,,,
Ethan,c56a12e6-8c3f-4695-84d6-a9cc6f14dd75,10,novistador   *,54203,0,0,0,0,0,0,,,,,,,
Ethan,c55da1cd-9911-46fd-b4b9-27afff5a93b2,10,novistador   *,54200,0,0,0,0,0,0,,,,,,,
Ethan,a354f956-4fad-4aec-81b8-12eaf0705fb6,10,novistador   *,54200,0,0,0,0,0,0,,,,,,,
Ethan,9b8346b2-3ef5-41ce-a2e2-431fa2e28d4c,10,novistador   *,54200,0,0,0,0,0,0,,,,,,,
Ethan,2de43508-fa6e-42fb-af2c-cd65bf230dec,10,novistador   *,54200,0,0,0,0,0,0,,,,,,,
Ethan,d714fc86-7835-4b0c-b9d4-cbf9ca5530f7,10,novistador   *,54200,0,0,0,0,0,0,,,,,,,
Ethan,777e4b61-bef5-4944-88a4-e2bc2f9dfbba,10,novistador   *,54200,0,0,0,0,0,0,,,,,,,
Ethan,7ba64fad-dfcd-4173-9843-4d5bf6402167,10,novistador   *,54200,0,0,0,0,0,0,,,,,,,
Ethan,ebba527a-0831-467e-946c-e87efddd2eee,10,novistador   *,54200,0,0,0,0,0,0,,,,,,,
Ethan,0264dc30-f1c9-401f-b4e1-bf2f70d6baa7,10,novistador   *,54200,0,0,0,0,0,0,,,,,,,
Ethan,a5e57dd7-8f83-4d4e-bc97-158b161d5657,10,novistador   *,54200,0,0,0,0,0,0,,,,,,,
Ethan,9e1c8fc8-9a31-4361-b3ee-4686e5a57034,10,novistador   *,54200,0,0,0,0,0,0,,,,,,,
Ethan,52e563ae-e8fc-499d-b3cf-6b134fb99cb7,10,novistador   *,54200,0,0,0,0,0,0,,,,,,,
Ethan,9977cfeb-4059-488b-b67e-3c5d661c3f0b,10,novistador   *,54200,0,0,0,0,0,0,,,,,,,
Ethan,dcb798e6-1a72-4b38-8acd-498949b49173,10,novistador   *,54200,0,0,0,0,0,0,,,,,,,
Ethan,8fc42276-7d2b-49f6-82ae-7545b2f00289,10,novistador   *,54200,0,0,0,0,0,0,,,,,,,
Ethan,05705ff4-20b3-4b1e-b261-af5f2746a79f,10,novistador   *,54200,0,0,0,0,0,0,,,,,,,
Ethan,fa67ccc5-fd7e-4545-88c8-6a681d3c92d8,10,novistador   *,54200,0,0,0,0,0,0,,,,,,,
Ethan,7c16e561-3362-4a45-add2-2236b9b466f8,10,novistador   *,54200,0,0,0,0,0,0,,,,,,,
Ethan,58b1d27f-a33d-4449-82da-99fa101d1b57,10,novistador   *,54200,0,0,0,0,0,0,,,,,,,
Ethan,d9bb1972-3384-43e8-bd94-45fd7c9dc417,10,novistador   *,54200,0,0,0,0,0,0,,,,,,,
Ethan,1e25ec9f-b4ea-48e5-8b57-7bcd8e3dafdb,10,novistador   *,54200,0,0,0,0,0,0,,,,,,,
Ethan,e7c75b17-2bed-44ee-b10e-ee34340bc3e4,10,novistador   *,54200,0,0,0,0,0,0,,,,,,,
Ethan,b4d9eb8a-4558-4fbc-ba1f-380b155d429f,10,novistador   *,54203,0,0,0,0,0,0,,,,,,,
Ethan,46cb1332-39b7-4fe8-9c08-08ac00ec24a6,10,novistador   *,54200,0,0,0,0,0,0,,,,,,,
Ethan,daa05f10-0bc7-4e84-a602-96f6b1d16641,10,novistador   *,54200,0,0,0,0,0,0,,,,,,,
Ethan,0ada4e7c-8ae0-4585-9cae-ae9354dd35a9,10,novistador   *,54200,0,0,0,0,0,0,,,,,,,
Ethan,b7d14e56-e64f-451f-89b5-3284d5797b6b,10,novistador   *,54200,0,0,0,0,0,0,,,,,,,
Ethan,f4efedd7-9204-4c25-9e39-c902d627f688,10,novistador   *,54200,0,0,0,0,0,0,,,,,,,
Ethan,82969dba-30fc-44c6-9ff9-abfb0f093da5,10,novistador   *,54200,0,0,0,0,0,0,,,,,,,
Ethan,8dc99173-e2b0-45e9-ba63-d76a1b5f0cd2,10,novistador   *,54200,0,0,0,0,0,0,,,,,,,
Ethan,dbc0fe1e-8416-4d35-ae6f-f1e6a608ae6f,10,novistador   *,54200,0,0,0,0,0,0,,,,,,,
Ethan,0a086ef0-8f68-43ef-a85f-21cedaa49133,10,novistador   *,54200,0,0,0,0,0,0,,,,,,,
Ethan,684e29b0-00b1-4961-ba18-45888202dccc,10,novistador   *,54200,0,0,0,0,0,0,,,,,,,
Ethan,6786202e-9c15-49a4-a30d-92df18f9a974,10,novistador   *,54200,0,0,0,0,0,0,,,,,,,
Ethan,6799ac91-72bd-4f4c-8fa1-491c8df8fdf7,10,novistador   *,54200,0,0,0,0,0,0,,,,,,,
Ethan,687ee641-ab07-4792-95da-994cfb2b0a78,10,novistador   *,54200,0,0,0,0,0,0,,,,,,,
Ethan,de806a18-6c9b-49d0-bb64-cf3c74514af7,10,novistador   *,54200,0,0,0,0,0,0,,,,,,,
Ethan,2ebb5ba9-2a86-407d-8200-c745e8fc43c2,10,novistador   *,54200,0,0,0,0,0,0,,,,,,,
Ethan,02f39049-bd09-40e8-8e68-a3af3dbf1ba3,10,novistador   *,54200,0,0,0,0,0,0,,,,,,,
Ethan,4b392658-6a3e-4b87-8d3b-616ed7561cd2,10,novistador   *,54200,0,0,0,0,0,0,,,,,,,
Ethan,5851eb8a-0cad-45e0-8729-1930c5c9d45b,10,novistador   *,54200,0,0,0,0,0,0,,,,,,small,
Ethan,4110362a-6524-49ff-9bbe-ba484e439518,10,novistador   *,54200,0,0,0,0,0,0,,,,,,,
Ethan,3ab45078-b985-4d32-b8d1-4cf802c21e8d,10,novistador   *,54200,0,0,0,0,0,0,,,,,,,
Ethan,ff436495-87f1-4935-a07f-858d38025830,10,novistador   *,54200,0,0,0,0,0,0,,,,,,,
Ethan,c6bb5e1f-5bc0-4f18-b54c-f45691901e9a,10,novistador   *,54200,0,0,0,0,0,0,,,,,,,
Ethan,0f1b905d-863f-4774-acb4-4c661ab8e585,10,novistador   *,54200,0,0,0,0,0,0,,,,,,,
Ethan,ac671f2f-3ab4-4106-9c86-60880432da46,10,novistador   *,54200,0,0,0,0,0,0,,,,,,,
Ethan,61a1dcbd-0dac-4631-825a-ca67b23dffee,10,novistador   *,54200,0,0,0,0,0,0,,,,,,,
Ethan,7621f028-bc6a-4dce-b872-e2eefe2bd8be,10,novistador   *,54200,0,0,0,0,0,0,,,,,,,
Ethan,24fb7853-195e-4967-bd7f-19f78c8daa22,10,novistador   *,54200,0,0,0,0,0,0,,,,,,,mendez_chase chainsaw_mad mendez_2 chainsaw
Ethan,6102a611-1068-4c72-aa63-32c19839b2c0,10,novistador   *,54200,0,0,0,0,0,0,,,,,,,
Ethan,b5900e89-9ee4-4319-b78e-902119733ab6,10,novistador   *,54200,0,0,0,0,0,0,,,,,,,
Ethan,46fc2108-9463-455d-be2d-69d53da9f9be,10,novistador   *,54200,0,0,0,0,0,0,,,,,,,
Ethan,3d243179-2f02-4a7e-98ce-e04d9311363f,10,novistador   *,54200,0,0,0,0,0,0,,,,,,,
Ethan,17d9b114-b166-4225-bb3b-b0f870ba3699,10,novistador   *,54200,0,0,0,0,0,0,,,,,,,
Ethan,e1818348-568e-44f1-88ab-52c5eea76a92,10,novistador   *,54200,0,0,0,0,0,0,,,,,,,
Ethan,f587cf42-1bc7-4a4c-beb5-ad4a56fbecee,10,novistador   *,54203,0,0,0,0,0,0,,,,,,,
Ethan,e0ba2053-217f-40d5-8940-546f3dda2d71,10,novistador   *,54200,0,0,0,0,0,0,,,,,,,
Ethan,5d08dddc-b090-403a-b337-63bd9d951644,10,novistador   *,54200,0,0,0,0,0,0,,,,,,,
Ethan,9ff28362-5000-4b98-b22b-8719d74a772c,10,novistador   *,54200,0,0,0,0,0,0,,,,,,,
Ethan,3c1458fc-0f87-4131-b7df-19dcd41b0dce,10,novistador   *,54200,0,0,0,0,0,0,,,,,,,
Ethan,d6725f7f-5e12-489b-9786-3af368c4045b,10,novistador   *,54200,0,0,0,0,0,0,,,,,,,mendez_chase chainsaw_mad mendez_2 chainsaw
Ethan,51d14c87-93d2-4766-9529-c30d6f03cf2c,10,novistador   *,54200,0,0,0,0,0,0,,,,,,,
Ethan,6924b6a6-5b4a-4efb-94d0-1ffd140f6db2,10,novistador   *,54200,0,0,0,0,0,0,,,,,,,
Ethan,d25df165-9d49-4e9b-ac2c-e1cf18ade32a,10,novistador   *,54200,0,0,0,0,0,0,,,,,,,
Ethan,7ccc8143-332a-4740-82bd-565b98192be9,10,novistador   *,54200,0,0,0,0,0,0,,,,,,,
Ethan,488080be-f324-4c45-abb0-e99735840654,10,novistador   *,54200,0,0,0,0,0,0,,,,,,,
Ethan,f2cfff51-40fe-4a34-9272-0f1410519442,10,novistador   *,54200,0,0,0,0,0,0,,,,,,,
Ethan,ff28620d-072e-491e-a3ea-6f4824e773e8,10,novistador   *,54200,0,0,0,0,0,0,,,,,,,
Ethan,3ead6e3d-e86f-4749-bebf-318c147fd5ca,10,garrador   Unicorn Horn x1,54300,0,0,0,0,0,0,,,Ethan-garradors-unicorn-horn,,noduplicate nowave,,mendez_chase krauser_1 fodder colmillos
Ethan,dc7c6111-38c2-4b14-b54f-ad8ba0f42c9a,10,garrador   Unicorn Horn x1,54300,0,0,0,0,0,0,,,Ethan-garradors-unicorn-horn,,noduplicate nowave,,mendez_chase krauser_1 fodder colmillos
Ethan,3271daf2-9947-4806-897e-9c41ff446243,10,zealot  morning_star *,54300,0,0,0,0,0,0,,,,,,,
Ethan,75dcf475-6edb-4734-877b-6d889beed186,10,zealot  morning_star *,54300,0,0,0,0,0,0,,,,,,,
Ethan,97a38f1f-0703-4a7a-9a44-86d54a734a56,10,zealot  morning_star *,54300,0,0,0,0,0,0,,,,,,,
Ethan,93ae41d0-4964-44cc-a5c0-ee4cfc9530bd,10,zealot   *,54300,0,0,0,0,0,0,,,,,,,
Ethan,f42e3685-25ee-4aa0-ab1c-034a2478883a,10,zealot  scythe *,54300,0,0,0,0,0,0,,,,,,,
Ethan,15eb8f8e-e39c-4ab7-923f-bf9041d120f6,10,zealot  hatchet *,54300,0,0,0,0,0,0,,,,,,,
Ethan,26fa7046-3fb1-4172-8d7f-420d5796cdd6,10,zealot  hatchet *,54300,0,0,0,0,0,0,,,,,,,
Ethan,cc55c3e7-75bb-4113-b4b4-918a44f8262b,10,zealot  morning_star *,54300,0,0,0,0,0,0,,,,,,,
Ethan,494771b9-2a37-472a-baa6-e431093e7b36,10,zealot  hatchet *,54300,0,0,0,0,0,0,,,,,,,
Ethan,4f9e4817-99bb-47f1-ba9c-1337af4a7a31,10,zealot  morning_star *,54300,0,0,0,0,0,0,,,,,,,
Ethan,e7be9280-5850-44de-96c0-f0eb1dae46f5,10,zealot  morning_star | wooden_shield *,54300,0,0,0,0,0,0,,,,,,,
Ethan,9bc0fcf5-803c-4a1d-9014-b45b6dde4fec,10,zealot pA(0%)  *,54300,0,0,0,0,0,0,,,,,,,
Ethan,06cc1deb-e133-42d1-a096-15a2cddbf54b,10,zealot pA(100%)  *,54300,0,0,0,0,0,0,,,,,,,
Ethan,5f003a2c-9496-4e25-a4a9-1a42cf59b8f1,10,zealot pB(100%) morning_star *,54300,0,0,0,0,0,0,,,,,,,
Ethan,c9bb178e-2c71-40c3-8295-d634131d4ec4,10,zealot  morning_star *,54300,0,0,0,0,0,0,,,,,,,
Ethan,2b564a34-d067-4c19-848a-55b67e21de5e,10,zealot  morning_star *,54300,0,0,0,0,0,0,,,,,,,
Ethan,a500dcfb-0e4b-4ada-a4bd-e8ef3f814d23,10,zealot  morning_star *,54300,0,0,0,0,0,0,,,,,,,
Ethan,03a1a4ed-2b55-4e6e-b210-40698257cb06,10,zealot   *,54300,0,0,0,0,0,0,,,,,,,
Ethan,bbb59f99-67de-4c7f-8c7d-21746c373fa7,10,zealot  scythe *,54300,0,0,0,0,0,0,,,,,,,
Ethan,6fe19b63-a588-4014-a1db-7e191a54b29b,10,zealot  hatchet *,54300,0,0,0,0,0,0,,,,,,,
Ethan,e92e576b-f23a-427e-b08b-a0202015e269,10,zealot  morning_star *,54300,0,0,0,0,0,0,,,,,,,
Ethan,1318935e-79cb-4001-845a-4b22a10cc1af,10,zealot  hatchet *,54300,0,0,0,0,0,0,,,,,,,
Ethan,c1d4a753-aeea-4cf0-9c04-1c773bfcc1fd,10,zealot  morning_star *,54300,0,0,0,0,0,0,,,,,,,
Ethan,f540aa41-7dd7-4e72-907d-8b711132065f,10,zealot  morning_star | wooden_shield *,54300,0,0,0,0,0,0,,,,,,,
Ethan,9c7e8bb0-ecf7-48e2-8508-539116905ac8,10,zealot pA(100%)  *,54300,0,0,0,0,0,0,,,,,,,
Ethan,344aff25-e653-44d3-9bfa-6298ae374047,10,zealot pB(100%) morning_star *,54300,0,0,0,0,0,0,,,,,,,
Ethan,cb249ead-3baa-4c0a-97a5-9c9ae09be751,10,zealot  morning_star *,54300,0,0,0,0,0,0,,,,,,,
Ethan,5e155d1b-19f9-4b62-b056-1fba66c41d50,10,zealot  morning_star *,54300,0,0,0,0,0,0,,,,,,,
Ethan,be7d89ba-27cb-46a4-b31a-2e6b7cf8df0c,10,zealot  morning_star *,54300,0,0,0,0,0,0,,,,,,,
Ethan,0a87b3cf-613f-44c6-b92b-1c44a4ac9b62,10,zealot   *,54300,0,0,0,0,0,0,,,,,,,
Ethan,c860771a-3a93-4009-ae4e-586e1651d85e,10,zealot  scythe *,54300,0,0,0,0,0,0,,,,,,,
Ethan,039e5852-b734-4c45-a9a6-3a34d971e122,10,zealot  hatchet *,54300,0,0,0,0,0,0,,,,,,,
Ethan,fed225df-90df-47c6-b8e3-02043b46e1f5,10,zealot  hatchet *,54300,0,0,0,0,0,0,,,,,,,
Ethan,e0ef8d22-6d08-4312-9234-fa6652ca2fa1,10,zealot  morning_star *,54300,0,0,0,0,0,0,,,,,,,
Ethan,becb2150-1a7f-4fca-b222-ea95e478a9cf,10,zealot  morning_star *,54300,0,0,0,0,0,0,,,,,,,
Ethan,fc72091f-34ee-4d40-b418-dfbce7a1be5d,10,zealot  hatchet *,54300,0,0,0,0,0,0,,,,,,,
Ethan,1dadf2ed-97a1-4d62-b61d-35fcef6a4f53,10,zealot  morning_star *,54300,0,0,0,0,0,0,,,,,,,
Ethan,18f871c4-30c3-4ef1-adcb-d74efbd774fa,10,zealot  morning_star | wooden_shield *,54300,0,0,0,0,0,0,,,,,,,
Ethan,00c7209a-c7f7-4703-91a7-2c5cd1f5731f,10,zealot  hatchet | wooden_shield *,54300,0,0,0,0,0,0,,,,,,,
Ethan,dbba0e6c-6954-4ce6-897f-909c909b81f3,10,zealot pA(0%)  *,54300,0,0,0,0,0,0,,,,,,,
Ethan,e6bb166d-2705-4fbf-800a-821310c40667,10,zealot pA(100%)  *,54300,0,0,0,0,0,0,,,,,,,
Ethan,ab29425c-d5c2-4b19-b9e7-279061130268,10,zealot pB(100%) morning_star *,54300,0,0,0,0,0,0,,,,,,,
Ethan,6b8002a9-0d94-4adb-b82b-500b4d9cc23c,10,zealot pB(100%) morning_star *,54300,0,0,0,0,0,0,,,,,,,
Ethan,0fc93d90-ba28-414d-9d2f-43c5a63a039c,10,dead_cloak   .,54400,0,0,0,0,0,0,,,,,noduplicate,,
Ethan,991af11b-8455-4328-85c7-8bb80769d304,10,novistador   *,54400,0,0,0,0,0,0,,,,,,,
Ethan,bede3d07-c6c7-400b-a213-01a275a2d02d,10,novistador   *,54400,0,0,0,0,0,0,,,,,,,
Ethan,fb8dfd20-ef1a-4e3a-ae0f-e18640f1f86f,10,novistador   *,54400,0,0,0,0,0,0,,,,,,,
Ethan,08024cd3-cf1c-4289-8776-3d5435d3d925,10,novistador   *,54400,0,0,0,0,0,0,,,,,,,
Ethan,369bd9fb-728d-45e5-b613-902c067c3dd9,10,novistador   *,54400,0,0,0,0,0,0,,,,,,,
Ethan,dd4748af-6d52-4593-be99-9afecfd4993a,10,novistador   *,54400,0,0,0,0,0,0,,,,,,,
Ethan,16497919-2ea4-4b4e-828c-bce85e724a3d,10,novistador   *,54400,0,0,0,0,0,0,,,,,,,
Ethan,afb7a698-748b-4878-93a7-23a78f9bb440,10,novistador   *,54400,0,0,0,0,0,0,,,,,,,
Ethan,b56acb03-f611-4ac2-88c2-7c24f0d59fa4,10,novistador   *,54400,0,0,0,0,0,0,,,,,,small,
Ethan,902fe2d5-0816-4d48-845b-52efd751dec1,10,verdugo   Gold Monocle x1,54404,0,0,0,0,0,0,,,,,preserve noduplicate nowave,,
Ethan,,10,[EXTRA],54403,204,-30,24,0,0,0,c97fda50-be56-40c2-9013-cc72c09837e7,,,,,small,
Ethan,,10,[EXTRA],54403,204,-30,13,0,0,0,c97fda50-be56-40c2-9013-cc72c09837e7,,,,,small,
Ethan,,10,[EXTRA],54403,197,-30,1,0,0,0,c97fda50-be56-40c2-9013-cc72c09837e7,,,,,small,
Ethan,,10,[EXTRA],54405,183,-30,-7,0,0,0,c97fda50-be56-40c2-9013-cc72c09837e7,,,,,small,
Ethan,,10,[EXTRA],54405,175,-30,-8,0,0,0,c97fda50-be56-40c2-9013-cc72c09837e7,,,,,small,
Ethan,,10,[EXTRA],54405,165,-30,-9,0,0,0,c97fda50-be56-40c2-9013-cc72c09837e7,,,,,small,
Ethan,,10,[EXTRA],54404,200,-30,-8,0,0,0,d724c48f-63f7-46fb-a1f2-77e666abfba7,,,,,small,
Ethan,,10,[EXTRA],54404,207,-30,-10,0,0,0,d724c48f-63f7-46fb-a1f2-77e666abfba7,,,,,small,
Ethan,,10,[EXTRA],54404,203,-30,-13,0,0,0,d724c48f-63f7-46fb-a1f2-77e666abfba7,,,,,small,
Ethan,,10,[EXTRA],54403,195,-30,-16,0,0,0,d724c48f-63f7-46fb-a1f2-77e666abfba7,,,,,small,
Ethan,,10,[EXTRA],54403,189,-30,-16,0,0,0,d724c48f-63f7-46fb-a1f2-77e666abfba7,,,,,small,
Ethan,,10,[EXTRA],54403,184,-30,-6,0,0,0,d724c48f-63f7-46fb-a1f2-77e666abfba7,,,,,small,
Ethan,,10,[EXTRA],54403,190,-30,-4,0,0,0,d724c48f-63f7-46fb-a1f2-77e666abfba7,,,,,small,
Ethan,,10,[EXTRA],54405,171,-30,-8,0,0,0,d724c48f-63f7-46fb-a1f2-77e666abfba7,,,,,small,
Ethan,8260bc41-7eeb-4507-a0f1-d88a3873b59e,10,novistador   *,54200,0,0,0,0,0,0,,,,,,,
Ethan,743b2036-8ac4-449f-941e-9fef4b64bb5c,10,novistador   *,54200,0,0,0,0,0,0,,,,,,,
Ethan,863e9758-beef-4f29-9c15-c2a35c4e9d16,10,novistador   *,54200,0,0,0,0,0,0,,,,,,,
Ethan,416cedd8-694d-4ffb-a635-485f643ee799,10,novistador   *,54200,0,0,0,0,0,0,,,,,,,
Ethan,ba267c9b-f3b3-48be-870b-6bf9f4c231b8,10,novistador   *,54200,0,0,0,0,0,0,,,,,,,
Ethan,dc32bdf0-782e-4b7e-a51a-d079d9ce0994,10,novistador   *,54200,0,0,0,0,0,0,,,,,,,
Ethan,711b89f6-7235-4adf-a8b3-74c4aaf5ca6b,10,novistador   *,54200,0,0,0,0,0,0,,,,,,,
Ethan,1f1303dc-f38d-4fc2-ae80-eb339309ee69,10,zealot  hatchet *,54300,0,0,0,0,0,0,,,,,,,
Ethan,7b71740e-68df-4364-8f91-6ac126904c51,10,zealot  hatchet *,54300,0,0,0,0,0,0,,,,,,,
Ethan,62988f04-dcbf-44f4-9afe-0e390f85b8ba,10,zealot  morning_star *,54300,0,0,0,0,0,0,,,,,,small,
Ethan,ff79d785-3859-4bd3-b7a9-3ef098be6d95,10,zealot  scythe *,54300,0,0,0,0,0,0,,,,,,,
Ethan,65e6387d-4635-4825-9b06-00ad009bfb9f,10,arana   *,54300,0,0,0,0,0,0,,,,,,,
Ethan,ac786acc-35e7-4c07-8558-543f4e5ca9d6,10,arana   *,54300,0,0,0,0,0,0,,,,,,small,
Ethan,72c612b0-d575-4e93-b0aa-0e287f432e86,10,arana   *,54300,0,0,0,0,0,0,,,,,,,
Ethan,28750251-78f5-4129-bec5-d1da251ff642,10,arana   *,54300,0,0,0,0,0,0,,,,,,,
Ethan,,11,[EXTRA],55100,210,-14,-9,0,0,0,,b39ba3c1-6388-43cc-8771-4027233dba01,,,,small,
Ethan,,11,[EXTRA],55102,192,-15,-17,0,0,0,,b39ba3c1-6388-43cc-8771-4027233dba01,,,,small,
Ethan,,11,[EXTRA],55102,167,-15,-19,0,0,0,,b39ba3c1-6388-43cc-8771-4027233dba01,,,,,
Ethan,,11,[EXTRA],55102,164,-15,-15,0,0,0,,b39ba3c1-6388-43cc-8771-4027233dba01,,,,,
Ethan,,11,[EXTRA],55102,152,-14,-8,0,0,0,,b39ba3c1-6388-43cc-8771-4027233dba01,,,,small,
Ethan,,11,[EXTRA],55102,149,-13,-6,0,0,0,,b39ba3c1-6388-43cc-8771-4027233dba01,,,,small,
Ethan,,11,[EXTRA],55102,150,-14,-18,0,0,0,,b39ba3c1-6388-43cc-8771-4027233dba01,,,,small,
Ethan,,11,[EXTRA],55102,143,-13,-26,0,0,0,,b39ba3c1-6388-43cc-8771-4027233dba01,,,,small,
Ethan,,11,[EXTRA],55103,128,-8,-35,0,0,0,,b39ba3c1-6388-43cc-8771-4027233dba01,,,,,
Ethan,,11,[EXTRA],55102,122,-8,16,0,0,0,,b39ba3c1-6388-43cc-8771-4027233dba01,,,,small,
Ethan,,11,[EXTRA],55102,129,-8,11,0,0,0,,b39ba3c1-6388-43cc-8771-4027233dba01,,,,small,
Ethan,,11,[EXTRA],55102,131,-8,21,0,0,0,,b39ba3c1-6388-43cc-8771-4027233dba01,,,,small,
Ethan,,11,[EXTRA],55200,156,-12,64,0,0,0,da3b33ae-0b5d-472a-9a8f-31ae18761341,,,,,small,
Ethan,,11,[EXTRA],55200,160,-12,61,0,0,0,da3b33ae-0b5d-472a-9a8f-31ae18761341,,,,,small,
Ethan,,11,[EXTRA],55200,158,-9,61,0,0,0,da3b33ae-0b5d-472a-9a8f-31ae18761341,,,,,small,
Ethan,,11,[EXTRA],55200,154,-6,67,0,0,0,da3b33ae-0b5d-472a-9a8f-31ae18761341,,,,,small,
Ethan,,11,[EXTRA],55200,142,-8,71,0,0,0,da3b33ae-0b5d-472a-9a8f-31ae18761341,,,,,small,
Ethan,,11,[EXTRA],55200,129,-7,78,0,0,0,da3b33ae-0b5d-472a-9a8f-31ae18761341,,,,,small,
Ethan,2f7ddd46-ba34-44f7-b198-3651fdc23cbc,11,villager  dynamite *,55103,0,0,0,0,0,0,,,,,,,
Ethan,ca49a2b5-5f87-4013-baa0-22c059ce5f5e,11,villager  molotov *,55103,0,0,0,0,0,0,,,,,,,
Ethan,65ff1927-4b44-4012-b73e-b587abfee502,11,villager  torch *,55103,0,0,0,0,0,0,,,,,,,
Ethan,06ad5feb-ae53-4d65-a130-3e6e8cedfadc,11,villager pA(50%) shovel *,55103,0,0,0,0,0,0,,,,,,,
Ethan,13828073-1008-408b-a2ed-09ddc2c78e41,11,chainsaw   Sapphire x1 // Chainsaw Guarding Bridge Lever,55103,0,0,0,0,0,0,,,,,elite noduplicate nowave,,
Ethan,aa55e6a1-26e1-4d20-829e-cff0434a3bce,11,chainsaw   Emerald x1 // Chainsaw that Alerts Horde,55103,0,0,0,0,0,0,,,,,climber noduplicate nowave,,
Ethan,e755e462-ca17-43c7-b5c4-88843b54b208,11,villager_2  torch * [REINFORCEMENTS],55103,0,0,0,0,0,0,,,,,climber,,
Ethan,f498c259-0f83-49ee-ac39-ad0c3ba84540,11,villager_2  torch * [REINFORCEMENTS],55103,0,0,0,0,0,0,,,,,climber,,
Ethan,c8df8feb-70cd-453e-9a47-6bd351be0566,11,villager_2  dynamite * [REINFORCEMENTS],55103,0,0,0,0,0,0,,,,,climber,,
Ethan,44628cd3-74a7-4568-b87b-ec0ebcd84411,11,villager pA(50%) hoe * [REINFORCEMENTS],55103,0,0,0,0,0,0,,,,,climber,,
Ethan,307dc542-182f-4ca5-8d7f-220c388bb578,11,villager_2  molotov * [REINFORCEMENTS],55103,0,0,0,0,0,0,,,,,climber,,
Ethan,9f4c03fa-b204-4c75-9fd8-6b698cfd8cdb,11,villager_2  molotov * [REINFORCEMENTS],55103,0,0,0,0,0,0,,,,,climber,,
Ethan,f6955529-1112-4fdc-8fdd-fad51034cd4a,11,villager_2   *,55102,0,0,0,0,0,0,,,,,,,
Ethan,833d5bf5-4e5e-4d65-b9b4-bd5224fd79e9,11,villager_2  shovel *,55103,0,0,0,0,0,0,,,,,,,
Ethan,70d3a755-4db2-4153-b453-d1215e0d1199,11,villager_2 pA(20%)  *,55103,0,0,0,0,0,0,,,,,,,
Ethan,200c3cf6-7e8a-4985-a42a-d4c1f8ec7ae5,11,villager_2 pA(20%) dynamite *,55103,0,0,0,0,0,0,,,,,,,
Ethan,4891d4d5-9f57-4c2b-9abd-64a072392c4d,11,villager_2 pA(20%)  *,55102,0,0,0,0,0,0,,,,,,,
Ethan,b354bde9-6d0f-4af3-8d94-f4adad7c8ef7,11,villager pA(20%) hoe *,55103,0,0,0,0,0,0,,,,,,,
Ethan,478db308-a4b9-4e24-a38c-13b57daabf8c,11,villager_2 pA(20%) dynamite *,55103,0,0,0,0,0,0,,,,,,,
Ethan,81ca8713-ac1f-48f8-94b7-2db99dbcbce4,11,villager_2 pA(20%) shovel *,55103,0,0,0,0,0,0,,,,,,,
Ethan,afe0227b-d3e7-4f60-a804-9c0d27640036,11,villager_2 pA(100%) knife *,55103,0,0,0,0,0,0,,,,,,,
Ethan,ca1dbe6c-39cd-4bab-b95a-e19e8cec3ac7,11,villager_2 pA(20%) hoe *,55103,0,0,0,0,0,0,,,,,,,
Ethan,dd5e99a5-bd8f-4f5b-b7c8-5babfb55cbca,11,villager_2 pA(20%) shovel *,55103,0,0,0,0,0,0,,,,,,,
Ethan,49c6729a-6c7b-44e2-8d39-8c6d8afdbd0a,11,villager_2 pA(100%)  *,55103,0,0,0,0,0,0,,,,,,,
Ethan,222771c0-628e-4aab-b8a7-dd7d1cff9c6d,11,el_gigante   .,55200,0,0,0,0,0,0,,,,,preserve noduplicate nowave,,
Ethan,55d16590-73c2-4335-8a9b-3b4970ab1103,11,el_gigante   .,55200,0,0,0,0,0,0,,,,,preserve noduplicate nowave,,
Ethan,,11,[EXTRA],55200,145,-12,50,0,0,0,b39ba3c1-6388-43cc-8771-4027233dba01,,,,,fodder elite chainsaw_mad,
Ethan,,11,[EXTRA],55200,134,-12,44,0,0,0,b39ba3c1-6388-43cc-8771-4027233dba01,,,,,fodder elite chainsaw_mad,
Ethan,,11,[EXTRA],55200,130,-12,36,0,0,0,b39ba3c1-6388-43cc-8771-4027233dba01,,,,,fodder elite chainsaw_mad,
Ethan,,11,[EXTRA],55200,137,-12,30,0,0,0,b39ba3c1-6388-43cc-8771-4027233dba01,,,,,fodder elite chainsaw_mad,
Ethan,,11,[EXTRA],55200,145,-12,29,0,0,0,b39ba3c1-6388-43cc-8771-4027233dba01,,,,,fodder elite chainsaw_mad,
Ethan,,11,[EXTRA],55200,149,-12,34,0,0,0,b39ba3c1-6388-43cc-8771-4027233dba01,,,,,fodder elite chainsaw_mad,
Ethan,,11,[EXTRA],55200,141,-12,39,0,0,0,b39ba3c1-6388-43cc-8771-4027233dba01,,,,,fodder elite chainsaw_mad,
Ethan,e6b759d0-b817-4dcf-9a25-bf3c51b2f3c1,11,villager_2  torch *,55202,0,0,0,0,0,0,,,,,,,
Ethan,14113f1f-2dc8-442b-9c7a-d3f2c85d2909,11,villager_2 pA(80%) pitchfork *,55202,0,0,0,0,0,0,,,,,,,
Ethan,045876a5-b863-432d-bf0d-e67b677b1119,11,villager_2  pitchfork *,55202,0,0,0,0,0,0,,,,,,,
Ethan,def06b49-4717-4404-b823-42decc0a3ea6,11,villager_2  hatchet *,55202,0,0,0,0,0,0,,,,,,,
Ethan,27225330-cd64-46b4-b654-22cd04d7ddc7,11,villager_2  dynamite *,55202,0,0,0,0,0,0,,,,,,,
Ethan,6c68dd30-5387-4fba-b05e-e4846570025a,11,krauser_1   .,55302,0,0,0,0,0,0,,,,,preserve noduplicate nowave,,
Ethan,,11,[EXTRA] KNIFE ARENA ,55302,178,0,48,0,0,0,073c05d6-d09a-4174-b518-2392488d3420,,,,aggroed notoxic noduplicate nowave,,super-colmillos colmillos krauser_1 krauser_2 pesanta u3 garrador armadura gold-armadura mendez_chase verdugo mendez_2 regenerador iron_maiden super_iron_maiden brute_jj
Ethan,,11,[EXTRA] KNIFE ARENA,55302,183,0,47,0,0,0,073c05d6-d09a-4174-b518-2392488d3420,,,,aggroed notoxic noduplicate nowave,,super-colmillos colmillos krauser_1 krauser_2 pesanta u3 garrador armadura gold-armadura mendez_chase verdugo mendez_2 regenerador iron_maiden super_iron_maiden brute_jj
Ethan,,11,[EXTRA] KNIFE ARENA,55302,179,0,46,0,0,0,073c05d6-d09a-4174-b518-2392488d3420,,,,aggroed notoxic noduplicate nowave,small,super-colmillos colmillos krauser_1 krauser_2 pesanta u3 garrador armadura gold-armadura mendez_chase verdugo mendez_2 regenerador iron_maiden super_iron_maiden brute_jj
Ethan,,11,[EXTRA] KNIFE ARENA,55302,185,0,50,0,0,0,073c05d6-d09a-4174-b518-2392488d3420,,,,aggroed notoxic noduplicate nowave,small,super-colmillos colmillos krauser_1 krauser_2 pesanta u3 garrador armadura gold-armadura mendez_chase verdugo mendez_2 regenerador iron_maiden super_iron_maiden brute_jj
Ethan,af0d08df-ec8c-48a4-8316-3004814e785b,11,novistador   *,55300,0,0,0,0,0,0,,,,,,,
Ethan,5ebef8cc-9e35-43c4-b846-3f73db9b0dfa,11,novistador   *,55300,0,0,0,0,0,0,,,,,preserve noduplicate nowave,,
Ethan,4410ac54-e315-4113-b4df-bb8f1da45e2f,11,novistador   *,55300,0,0,0,0,0,0,,,,,preserve noduplicate nowave,,
Ethan,3399a7fd-ddfd-4cd4-8d7f-3a39cd427c2a,11,novistador   *,55300,0,0,0,0,0,0,,,,,,,
Ethan,0e26ea2d-8006-497d-912f-5dbb9c1edcac,11,novistador   *,55300,0,0,0,0,0,0,,,,,,,
Ethan,11b5b72c-a832-44c9-b70f-112244feb64e,11,novistador   *,55300,0,0,0,0,0,0,,,,,,,
Ethan,8c9f6875-c16a-4638-8554-6605dcf03faf,11,novistador   *,55300,0,0,0,0,0,0,,,,,,,
Ethan,fdfe1823-8522-4451-8679-0f1ff191a8d9,11,novistador   *,55300,0,0,0,0,0,0,,,,,,,
Ethan,74d3be80-d601-420f-90d5-03c6e9cd28b9,11,novistador   *,55300,0,0,0,0,0,0,,,,,preserve noduplicate nowave,,
Ethan,5308c267-beab-4136-9027-2d072a143b9d,11,novistador   *,55301,0,0,0,0,0,0,,,,,,,
Ethan,3bdd00c4-818c-4ec5-abf5-d0c062b1517f,11,novistador   *,55301,0,0,0,0,0,0,,,,,,small,
Ethan,290ccfc1-2b06-402a-b1d5-1537f16b138d,11,novistador   *,55301,0,0,0,0,0,0,,,,,,small,
Ethan,a272bf5b-a696-4f65-889d-f3efa69c80c1,11,novistador   *,55300,0,0,0,0,0,0,,,,,,,
Ethan,dd599a2e-1339-4ac2-8d21-d5c810074626,11,novistador   *,55300,0,0,0,0,0,0,,,,,,small,
Ethan,20d0a9c8-45e2-4dad-96fc-76cd9a7d5eba,11,novistador   *,55300,0,0,0,0,0,0,,,,,,,
Ethan,21e585ff-746e-4bfa-b73c-7424ee2b8649,11,novistador   *,55300,0,0,0,0,0,0,,,,,,,
Ethan,c49dbe7f-376a-43ee-9009-be35402f0f5d,11,novistador   *,55300,0,0,0,0,0,0,,,,,,,
Ethan,6c7d8b5b-b60a-49c1-b1ea-797f11baa437,11,novistador   *,55300,0,0,0,0,0,0,,,,,,,
Ethan,28278862-5953-4aeb-935d-9347446a75f4,11,novistador   *,55300,0,0,0,0,0,0,,,,,,,
Ethan,41e36d1d-ec5f-4f0e-94f2-9dd76b7c1c69,11,novistador   *,55300,0,0,0,0,0,0,,,,,,,
Ethan,52503a60-7ef9-4e1b-b746-7c00839e510f,11,novistador   *,55300,0,0,0,0,0,0,,,,,preserve noduplicate nowave,,
Ethan,818f4cd7-8a11-4a0e-afc5-63f40666aad6,11,novistador   *,55300,0,0,0,0,0,0,,,,,preserve noduplicate nowave,,
Ethan,db29b6d5-a5de-4c4e-8a2a-f05bb8b16d81,11,novistador   *,55300,0,0,0,0,0,0,,,,,,,
Ethan,a1b65d91-9a13-49c1-a017-049bc54dc140,11,novistador   *,55300,0,0,0,0,0,0,,,,,preserve noduplicate nowave,,
Ethan,40c1f4e1-6f7a-423a-8d83-da8685cf3e35,11,novistador   *,55300,0,0,0,0,0,0,,,,,preserve noduplicate nowave,,
Ethan,5a10a05d-2c57-4fe1-9b25-6b32279a6150,11,novistador   *,55300,0,0,0,0,0,0,,,,,preserve noduplicate nowave,,
Ethan,af5121a3-6dd7-4421-b5d8-f3fc7387db42,11,novistador   *,55300,0,0,0,0,0,0,,,,,preserve noduplicate nowave,,
Ethan,c7ce02e8-da55-425d-a0b0-5cb986a69ca0,11,novistador   *,55300,0,0,0,0,0,0,,,,,preserve noduplicate nowave,,
Ethan,2b02dd72-914f-4052-b0cf-935b85cc3e68,12,ch2a3z1   .,55302,0,0,0,0,0,0,,,,,preserve noduplicate nowave,,
Ethan,,12,[EXTRA],54301,289,31,50,0,0,0,,,,,,,
Ethan,,12,[EXTRA],54301,289,31,63,0,0,0,,,,,,,
Ethan,,12,[EXTRA],54301,295,31,49,0,0,0,,,,,,small,
Ethan,,12,[EXTRA],54301,295,31,63,0,0,0,,,,,,small,
Ethan,,12,[EXTRA] THRONE ROOM // Big Boss,54301,306,33,56,0,0,0,,,boss,,,,
Ethan,,12,[EXTRA] THRONE ROOM // Right of Staircase,54301,304,33,58.6,0,0,0,,,,,,,
Ethan,,12,[EXTRA] THRONE ROOM // Left of Staircase,54301,304,33,52,0,0,0,,,,,,,
Ethan,,12,[EXTRA] THRONE ROOM // Left of Throne,54301,310,33,50,0,0,0,,,,,,,
Ethan,,12,[EXTRA] THRONE ROOM // Right of Throne,54301,311,33,63,0,0,0,,,,,,,
Ethan,,12,[EXTRA] THRONE ROOM  // Center of Throne,54301,310,33,56,0,0,0,,,,,,,
Ethan,,12,[EXTRA],56101,188,27,-58,0,0,0,,,,,,,
Ethan,,12,[EXTRA],56101,187,27,-62,0,0,0,,,,,,,
Ethan,,12,[EXTRA],56101,184,28,-70,0,0,0,,,,,,,
Ethan,,12,[EXTRA],56101,183,28,-71,0,0,0,,,,,,,
Ethan,,12,[EXTRA],56101,184,28,-78,0,0,0,,,,,,small,
Ethan,,12,[EXTRA] SALAZAR TOWER // Guarding Exit,56104,185,69,-91,0,0,0,ba8a9771-589b-45ba-bba1-e720db798817,,,,,small,
Ethan,,12,[EXTRA] SALAZAR TOWER // Guarding Ladder,56104,193,66,-88,0,0,0,ba8a9771-589b-45ba-bba1-e720db798817,,,,,small,
Ethan,,12,[EXTRA] SALAZAR TOWER // Rickety Bridge 1,56104,202,59,-95,0,0,0,ba8a9771-589b-45ba-bba1-e720db798817,,,,,small,
Ethan,,12,[EXTRA] SALAZAR TOWER // Rickety Bridge 2,56104,200,59,-106,0,0,0,ba8a9771-589b-45ba-bba1-e720db798817,,,,,small,
Ethan,,12,[EXTRA] SALAZAR TOWER // Guarding Boss Door,56104,229,50,-109,0,0,0,ba8a9771-589b-45ba-bba1-e720db798817,,,,,,
Ethan,2428ad75-9dba-4719-8761-5ed857928328,12,zealot  torch *,56102,0,0,0,0,0,0,,,,,,,
Ethan,6580e7cb-bc5b-4e95-8193-a447bcb5d22e,12,zealot  morning_star | wooden_shield *,56102,0,0,0,0,0,0,,,,,,small,
Ethan,6d6aa485-7050-459f-8ef6-f23d2c636720,12,zealot  torch *,56102,0,0,0,0,0,0,,,,,,,
Ethan,7df6dab2-a291-47b4-a527-15363e414765,12,zealot   *,56102,0,0,0,0,0,0,,,,,,small,
Ethan,31c69d0c-9a4f-41d2-bc10-b463e6488204,12,zealot  crossbow *,56102,0,0,0,0,0,0,,,,,,,
Ethan,90c3ceef-85d5-426d-a69b-b0583b6891a2,12,zealot  scythe *,56102,0,0,0,0,0,0,,,,,,,
Ethan,f961f549-d956-4ffe-948a-e60c730b0d27,12,zealot  torch *,56102,0,0,0,0,0,0,,,,,,small,
Ethan,d51bb126-5aaf-48ac-8d37-7c562be4c667,12,zealot   *,56102,0,0,0,0,0,0,,,,,,,
Ethan,50cdbabb-6098-4187-9b17-16d56ee77477,12,zealot  morning_star | wooden_shield *,56102,0,0,0,0,0,0,,,,,,small,
Ethan,99ff3efb-f9b9-4496-8239-e1aca2c91043,12,zealot  hatchet *,56102,0,0,0,0,0,0,,,,,,small,
Ethan,46af1dd2-a8e9-4df2-bac6-ec09bdb5b175,12,zealot  scythe *,56102,0,0,0,0,0,0,,,,,,,
Ethan,a52bec5e-996a-4994-960b-3e1906baaab9,12,zealot  scythe *,56102,0,0,0,0,0,0,,,,,,,
Ethan,45a8a17d-812e-4d05-864b-40dca0651e67,12,zealot  morning_star | wooden_shield *,56103,0,0,0,0,0,0,,,,,,small,
Ethan,c61f1db8-31c8-4fff-9bc7-176dec07ca36,12,zealot  morning_star | wooden_shield *,56103,0,0,0,0,0,0,,,,,,small,
Ethan,f004dde7-b9e2-4cdc-8717-5d5d6e4df38e,12,zealot  scythe *,56103,0,0,0,0,0,0,,,,,,small,
Ethan,38d4cbbe-2f31-4202-9927-ad35533c13c0,12,zealot  morning_star | wooden_shield *,56103,0,0,0,0,0,0,,,,,,small,
Ethan,100f287b-176b-49f1-94ab-1adbafccd1a2,12,zealot   *,56103,0,0,0,0,0,0,,,,,,,
Ethan,11980036-87e6-465e-b2bc-0eedf30485d4,12,zealot   *,56103,0,0,0,0,0,0,,,,,,,
Ethan,5826396d-27bd-425e-959a-445e3655c1d4,12,zealot  crossbow *,56103,0,0,0,0,0,0,,,,,,,
Ethan,414bc26b-c2ea-4b17-b20e-5655dbe6b1ed,12,zealot pA(10%) scythe *,56102,0,0,0,0,0,0,,,,,,,
Ethan,ee937a9f-369f-4010-81df-14861fb9d6d7,12,zealot pB(10%) scythe *,56102,0,0,0,0,0,0,,,,,,,
Ethan,48f29827-fef3-439f-8883-b78bffd6b9df,12,zealot pA(10%) morning_star | wooden_shield *,56102,0,0,0,0,0,0,,,,,,,
Ethan,4735eb8b-20a9-44e8-9641-43bb7492a77f,12,zealot pA(10%) morning_star | wooden_shield *,56102,0,0,0,0,0,0,,,,,,,
Ethan,0c79fa9c-0517-485f-aba9-dac52a30954f,12,zealot pA(10%) morning_star | wooden_shield *,56102,0,0,0,0,0,0,,,,,,,
Ethan,65e5da16-29eb-4cb2-96f0-439cad27345d,12,zealot pA(10%) scythe *,56102,0,0,0,0,0,0,,,,,,,
Ethan,bca54698-28c1-4d29-8136-f65c9ebe3584,12,zealot pB(10%) morning_star | wooden_shield *,56102,0,0,0,0,0,0,,,,,,,
Ethan,13e540aa-2704-4eea-962f-b46ae22e2680,12,zealot  staff *,56103,0,0,0,0,0,0,,,,,,zealot_red,
Ethan,ef6119ca-3e3b-4d2e-9efa-4045e1ea9669,12,zealot  crossbow *,56103,0,0,0,0,0,0,,,,,,zealot_range,
Ethan,aa435849-b9ac-40a7-b5ef-63a0b8eb2073,12,zealot pA(0%) hatchet Handgun Ammo x6,56103,0,0,0,0,0,0,,,,,,zealot zealot_shield,
Ethan,a65288a2-8b81-4530-850d-6b0e6f1b7ade,12,zealot pA(0%) hatchet Handgun Ammo x6,56103,0,0,0,0,0,0,,,,,,zealot zealot_shield,
Ethan,eb148d1c-cf0a-49da-af39-5ea4372575e5,12,zealot pA(0%)  Shotgun Shells x3,56103,0,0,0,0,0,0,,,,,,zealot zealot_shield,
Ethan,b8572ccb-b016-415f-88d2-178cb26ea3b0,12,zealot pA(0%) hatchet Handgun Ammo x6,56103,0,0,0,0,0,0,,,,,,zealot zealot_shield,
Ethan,2a2521a2-eb47-4360-a3a6-28fa00d98f19,12,zealot pA(0%)  Handgun Ammo x6,56103,0,0,0,0,0,0,,,,,,zealot zealot_shield,
Ethan,f6cfe792-73c0-479f-9b03-0c4072ae40c7,12,zealot  crossbow *,56103,0,0,0,0,0,0,,,,,,zealot_range,
Ethan,1fdefa9e-c1d3-4275-8816-0de2b408d227,12,zealot pA(0%) hatchet Handgun Ammo x6,56103,0,0,0,0,0,0,,,,,,zealot zealot_shield,
Ethan,0464cd82-7e9c-4627-a983-cfc5d13cfdc0,12,zealot pA(0%) hatchet Shotgun Shells x3,56103,0,0,0,0,0,0,,,,,,zealot zealot_shield,
Ethan,c85d1c18-f480-4c2e-b769-6eee5d9fa3cc,12,zealot pA(0%)  Handgun Ammo x6,56103,0,0,0,0,0,0,,,,,,zealot zealot_shield,
Ethan,2b90a55f-337d-489a-b9ee-e6b5d35a9027,12,zealot pA(0%) hatchet | wooden_shield Handgun Ammo x6,56103,0,0,0,0,0,0,,,,,,zealot zealot_shield,
Ethan,2b53e793-f652-4174-bc03-a351511026d6,12,zealot pA(0%) hatchet Shotgun Shells x3,56103,0,0,0,0,0,0,,,,,,zealot zealot_shield,
Ethan,91488749-d210-4f90-ad4f-bdc79d32d2a5,12,zealot pA(0%)  Handgun Ammo x6,56103,0,0,0,0,0,0,,,,,,zealot zealot_shield,
Ethan,62f0c027-5cff-43e8-ba79-2e6f42db7ef2,12,zealot pA(0%)  Shotgun Shells x3,56103,0,0,0,0,0,0,,,,,,zealot zealot_shield,
Ethan,dd78a8b5-940e-4526-b9c1-33973e4a5384,12,zealot pA(0%)  Handgun Ammo x6,56103,0,0,0,0,0,0,,,,,,zealot zealot_shield,
Ethan,1f86ec7a-94e5-4e83-bfd4-5d495dc0a18f,12,zealot  staff *,56103,0,0,0,0,0,0,,,,,,zealot_red,
Ethan,d3cff86e-a7ac-49ab-88a6-ea72ea1c0f0a,12,zealot pA(0%) hatchet Handgun Ammo x6,56103,0,0,0,0,0,0,,,,,,zealot zealot_shield,
Ethan,1a635355-0b3d-4148-bf2a-ba4e270bedae,12,zealot pA(0%)  Handgun Ammo x6,56103,0,0,0,0,0,0,,,,,,zealot zealot_shield,
Ethan,d103b7ec-b006-4aaf-a029-bc53a8b37e84,12,zealot pA(0%)  Handgun Ammo x6,56103,0,0,0,0,0,0,,,,,,zealot zealot_shield,
Ethan,e2e060a9-6b15-43aa-9008-59aa5bfb6909,12,zealot  crossbow *,56103,0,0,0,0,0,0,,,,,,zealot_range,
Ethan,9217e6f2-7240-4263-86ae-bec6a24c840b,12,zealot pA(0%)  Handgun Ammo x6,56103,0,0,0,0,0,0,,,,,,zealot zealot_shield,
Ethan,3bbc91e9-5977-4f3d-8e82-5bb30bdde054,12,zealot pA(0%)  Shotgun Shells x3,56103,0,0,0,0,0,0,,,,,,zealot zealot_shield,
Ethan,285330aa-7ca0-4d5c-a031-17e2427fbf3a,12,zealot  crossbow *,56104,0,0,0,0,0,0,,,,,,,
Ethan,1932a994-ed3d-48bb-834c-f20001929ab5,12,zealot  crossbow *,56104,0,0,0,0,0,0,,,,,,,
Ethan,c7a3765d-559d-4750-9cb9-26e3aec51b43,12,zealot  crossbow *,56104,0,0,0,0,0,0,,,,,,,
Ethan,e29f0c08-b58d-410d-9a86-c7e8a9a28db5,12,armadura   Yellow Diamond x0,56300,0,0,0,0,0,0,,,,,,,
Ethan,2792c0ef-2c6f-4efd-87e7-8b36540e2476,12,armadura   *,56301,0,0,0,0,0,0,,,,,,,
Ethan,0c88b4af-61c0-4024-a996-8d0ee41514a0,12,salazar   Lip Rouge x1,56200,0,0,0,0,0,0,,,,,preserve noduplicate nowave,,
Ethan,,12,[EXTRA] SALAZAR ARENA // Egg Blocker,56200,257,51,-111,0,0,0,bdb69c5e-1e3a-40e3-9564-2bc36f0a61a3,,,,,fodder elite chainsaw_mad,
Ethan,,12,[EXTRA] SALAZAR ARENA // Right Stairs,56200,262,51,-106,0,0,0,bdb69c5e-1e3a-40e3-9564-2bc36f0a61a3,,,,,fodder elite chainsaw_mad,
Ethan,,12,[EXTRA] SALAZAR ARENA // Left Stairs,56200,262,51,-114,0,0,0,bdb69c5e-1e3a-40e3-9564-2bc36f0a61a3,,,,,fodder elite chainsaw_mad,
Ethan,,12,[EXTRA] SALAZAR ARENA // Left Archway,56200,259,54,-122,0,0,0,bdb69c5e-1e3a-40e3-9564-2bc36f0a61a3,,,,,fodder elite chainsaw_mad,
Ethan,,12,[EXTRA] SALAZAR ARENA // Right Archway,56201,259,54,-99,0,0,0,bdb69c5e-1e3a-40e3-9564-2bc36f0a61a3,,,,,fodder elite chainsaw_mad,
Ethan,,12,[EXTRA],56201,298,48,-109,0,0,0,1aefebd8-1dda-406d-8a49-fabc871dd3ab,,,,,small,
Ethan,,12,[EXTRA],56300,299,-3,-101,0,0,0,1aefebd8-1dda-406d-8a49-fabc871dd3ab,,,,,small,
Ethan,,12,[EXTRA],56300,306,-3,-102,0,0,0,1aefebd8-1dda-406d-8a49-fabc871dd3ab,,,,,small,
Ethan,,12,[EXTRA],56300,304,-3,-97,0,0,0,1aefebd8-1dda-406d-8a49-fabc871dd3ab,,,,,small,
Ethan,,12,[EXTRA],56302,336,-7,-67,0,0,0,1aefebd8-1dda-406d-8a49-fabc871dd3ab,,,,,small,
Ethan,,12,[EXTRA],56302,342,-7,-62,0,0,0,1aefebd8-1dda-406d-8a49-fabc871dd3ab,,,,,small,
Ethan,,12,[EXTRA],56302,349,-7,-75,0,0,0,1aefebd8-1dda-406d-8a49-fabc871dd3ab,,,,,small,
Ethan,,12,[EXTRA],56302,349,-7,-67,0,0,0,1aefebd8-1dda-406d-8a49-fabc871dd3ab,,,,,small,
Ethan,,13,[EXTRA] ISLAND START // Cliffside Close,60100,-65,5,68,0,0,0,,,,,,small,
Ethan,,13,[EXTRA] ISLAND START // Cliffside Near,60100,-63,5,63,0,0,0,,,,,,small,
Ethan,,13,[EXTRA] ISLAND START // Cliffside Far,60100,-57,3,53,0,0,0,,,,,,small,
Ethan,,13,[EXTRA] ISLAND START // Hall to Beam 1,60100,-49,0,52,0,0,0,,,,,,small,
Ethan,,13,[EXTRA] ISLAND START // Hall to Beam 2,60101,-41,1,55,0,0,0,,,,,,small,
Ethan,,13,[EXTRA] ISLAND START // Hall to Beam 3,60101,-29,1,56,0,0,0,,,,,,small,
Ethan,,13,[EXTRA] ISLAND START // Hall to Beam 4,60101,-20,1,50,0,0,0,,,,,,small,
Ethan,,13,[EXTRA] ISLAND START // Hall to Beam 5,60101,-19,1,45,0,0,0,,,,,,small,
Ethan,,13,[EXTRA] ISLAND START // Hall to Beam 6,60101,-14,0,41,0,0,0,,,,,,small,
Ethan,,13,[EXTRA] ISLAND START // Crossroad to merchant/boxes,60101,-1,0,37,0,0,0,,,,,,small,
Ethan,,13,[EXTRA] ISLAND START //,60101,-17,2,38,0,0,0,,,,,,small,
Ethan,,13,[EXTRA] ISLAND START // Boxes Corner Lower,60101,-3,0,54,0,0,0,,,,,,small,
Ethan,,13,[EXTRA] ISLAND START //,60101,2,0,50,0,0,0,,,,,,small,
Ethan,,13,[EXTRA] ISLAND START // Boxes Corner Upper,60101,-1,2,57,0,0,0,,,,,,small,
Ethan,,13,[EXTRA],60101,0,4,58,0,0,0,,,,,,small,
Ethan,,13,[EXTRA] FACILITY EXTERIOR // Doorway leading to yard,60102,-25,1,31,0,0,0,,,,,,small,
Ethan,,13,[EXTRA] FACILITY EXTERIOR // Doorway leading to yard 2,60102,-29,1,27,0,0,0,,,,,,,chainsaw chainsaw_mad
Ethan,,13,[EXTRA],60101,-25,1,41,0,0,0,,,,,,,chainsaw chainsaw_mad
Ethan,,13,[EXTRA],60103,-6,7,4,0,0,0,,,,,,small,
Ethan,,13,[EXTRA] FACILITY EXTERIOR // Side Yard 1,60103,-10,7,12,0,0,0,,,,,,small,
Ethan,,13,[EXTRA],60104,-1,12,50,0,0,0,,,,,,small,
Ethan,,13,[EXTRA],60104,1,12,52,0,0,0,,,,,,small,
Ethan,,13,[EXTRA] FACILITY EXTERIOR // Upper Yard Right,60200,47,9,-15,0,0,0,,,,,,small,
Ethan,,13,[EXTRA],60200,41,9,-15,0,0,0,,,,,,small,
Ethan,,13,[EXTRA] FACILITY EXTERIOR // Upper Yard Center,60200,38,10,-8,0,0,0,,,,,,small,
Ethan,,13,[EXTRA],60200,35,12,0,0,0,0,,,,,,small,
Ethan,,13,[EXTRA],60200,25,16,-1,0,0,0,,,,,,small,
Ethan,,13,[EXTRA] FACILITY EXTERIOR // Upper Yard Left,60200,31,9,-14,0,0,0,,,,,,small,
Ethan,,13,[EXTRA] FACILITY EXTERIOR // Side Yard 2,60200,23,9,-23,0,0,0,,,,,,small,
Ethan,,13,[EXTRA] FACILITY EXTERIOR // Side Yard 3,60200,23,10,-32,0,0,0,,,,,,small,
Ethan,,13,[EXTRA],60200,15,13,-31,0,0,0,,,,,,small,
Ethan,,13,[EXTRA],60200,15,13,-36,0,0,0,,,,,,small,
Ethan,,13,[EXTRA],60201,18,15,-40,0,0,0,,,,,,small,
Ethan,,13,[EXTRA],60201,18,15,-47,0,0,0,,,,,,small,
Ethan,,13,[EXTRA],60201,15,15,-52,0,0,0,,,,,,small,
Ethan,,13,[EXTRA] FACILITY INTERIOR // Guarding Exit,61100,31,15,-52,0,0,0,,,,,,small,
Ethan,,13,[EXTRA] FACILITY INTERIOR // Left of Door,61100,26,15,-57,0,0,0,,,,,,small,
Ethan,,13,[EXTRA],61100,33,19,-61,0,0,0,,,,,,small,
Ethan,,13,[EXTRA],61100,32,15,-61,0,0,0,,,,,,small,
Ethan,,13,[EXTRA] FACILITY LOBBY // Next to dropdown,61101,47,12,-57,0,0,0,,,,,,small,
Ethan,,13,[EXTRA] FACILITY LOBBY // By Shortcut to Capsule Room,61104,55,12,-64,0,0,0,,,,,,small,
Ethan,,13,[EXTRA] FACILITY LOBBY // Up Ladder Right,61104,56,17,-68,0,0,0,,,,,,small,
Ethan,,13,[EXTRA] FACILITY LOBBY // Up Ladder Left,61104,50,17,-76,0,0,0,,,,,,small,
Ethan,,13,[EXTRA] FACILITY HALLS // Ambush Before Fire Fridge,61501,82,16.5,-62.5,0,0,0,,,,,,small,
Ethan,,13,[EXTRA],61500,83,17,-65,0,0,0,,,,,,small,
Ethan,,13,[EXTRA] FACILITY HALLS // Guarding 2nd Keycard Door,61301,102,17,-58,0,0,0,,,,,,small,
Ethan,,13,[EXTRA] FACILITY HALLS // Guarding Shutters,61302,106,18,-70,0,0,0,,,,,,small,
Ethan,,13,[EXTRA] FACILITY HALLS // Hall to Freezer,61304,97,19,-83,0,0,0,,,,,,small,
Ethan,,13,[EXTRA] FACILITY HALLS // Lobby Before First Panel,61400,110,18,-86,0,0,0,,,,,,small,
Ethan,,13,[EXTRA] FACILITY HALLS // Guarding First Panel,61400,117,18,-93,0,0,0,,,,,,small,
Ethan,,13,[EXTRA] FACILITY HALLS // Guarding Power Switch,61303,119,18,-69,0,0,0,,,,,,small,
Ethan,,13,[EXTRA],61400,109,18,-95,0,0,0,,,,,,small,
Ethan,,13,[EXTRA],61401,114,18,-97,0,0,0,,,,,,small,
Ethan,,13,[EXTRA],61401,118,18,-104,0,0,0,,,,,,small,
Ethan,,13,[EXTRA] FACILITY HALLS // Guarding Freezer,61304,89,19,-86,0,0,0,,,,,,small,
Ethan,,13,[EXTRA],61305,94,19,-98,0,0,0,,,,,,small,
Ethan,,13,[EXTRA] FACILITY HALLS // Freezer,61305,89,19,-95,0,0,0,,,,,,small,
Ethan,,13,[EXTRA],61305,94,18,-88,0,0,0,,,,,,small,
Ethan,,13,[EXTRA] FACILITY HALLS // After 2nd Keycard Door,61300,108,17,-58,0,0,0,,,,,,small,
Ethan,,13,[EXTRA] FACILITY HALLS // After 2nd Keycard Door 2,61300,114,17,-56,0,0,0,,,,,,small,
Ethan,,13,[EXTRA],61204,112,15,-41,0,0,0,,,,,,small,
Ethan,,13,[EXTRA],61204,105,15,-42,0,0,0,,,,,,small,
Ethan,,13,[EXTRA],61200,67,11,-42,0,0,0,,,,,,small,
Ethan,,13,[EXTRA],61200,64,11,-48,0,0,0,,,,,,small,
Ethan,,13,[EXTRA] FACILITY HALLS // Guarding Shortcut to Lobby,61200,63,12,-58,0,0,0,,,,,,small,
Ethan,,13,[EXTRA],61200,59,12,-63,0,0,0,,,,,,small,
Ethan,e9452ac9-9b2e-482c-903b-9c0f5e1d33e2,13,soldier  crossbow *,60110,0,0,0,0,0,0,,,,,,small,
Ethan,e95ee11e-fcba-4102-bf56-ccb74ca9eb44,13,soldier  crossbow *,60110,0,0,0,0,0,0,,,,,,small,
Ethan,e06a534e-dd9b-40d6-ab47-94506a484f9b,13,soldier pA(15%) spiked_bat *,60102,0,0,0,0,0,0,,,,,,small,
Ethan,8a2f075e-7935-42eb-9cd9-06339af322b2,13,soldier pA(20%) crossbow *,60110,0,0,0,0,0,0,,,,,,small,
Ethan,4f82b27c-dc16-433e-a9ae-f8083e531417,13,soldier pA(30%) shock_baton *,60102,0,0,0,0,0,0,,,,,,small,
Ethan,7e8239bc-e691-4de1-8e9d-7e559c453683,13,soldier  molotov *,60102,0,0,0,0,0,0,,,,,,small,
Ethan,a4837283-ec06-4a25-b6c6-6e1a5503caeb,13,brute   Alexandrite x1,60103,0,0,0,0,0,0,,,,,preserve noduplicate nowave,,
Ethan,0a7d73be-1b11-474c-837d-bd4fa092ad2f,13,soldier pA(40%) crossbow *,60110,0,0,0,0,0,0,,,,,,,
Ethan,4513904e-e120-4d60-941b-f4a25caa6c6f,13,soldier pA(30%) crowbar *,60110,0,0,0,0,0,0,,,,,,,
Ethan,46060b1e-708a-4a2f-9c9b-9691d03cdc59,13,soldier pA(30%) molotov *,60110,0,0,0,0,0,0,,,,,,,
Ethan,12d5c2be-dde7-45b1-bd3a-50555d1f777f,13,soldier pA(40%)  *,60110,0,0,0,0,0,0,,,,,,,
Ethan,37d61900-8ae6-4df8-95f3-c626a391554e,13,soldier pA(30%) spiked_bat *,60110,0,0,0,0,0,0,,,,,,,
Ethan,fb8608b5-e223-4dae-bc6a-a355e0e1f6c9,13,soldier pA(10%) molotov *,60110,0,0,0,0,0,0,,,,,,,
Ethan,d0b269b3-655b-4577-99f3-2c9c827ea758,13,soldier pA(30%) crossbow *,60110,0,0,0,0,0,0,,,,,,,
Ethan,ddd12c6e-cc82-4185-b101-6f85e25fc00b,13,soldier pB(30%) shock_baton *,60103,0,0,0,0,0,0,,,,,,,
Ethan,5d6fe622-3fd7-4e4a-ade2-9af1fe7cdb0b,13,soldier pB(30%) spiked_bat *,60103,0,0,0,0,0,0,,,,,,,
Ethan,941b0264-4a66-4ca7-96db-bcb03a81c9d1,13,soldier pB(100%)  *,60103,0,0,0,0,0,0,,,,,,,
Ethan,40da2a61-44b4-4a3b-94c0-711eb576ef51,13,soldier  crowbar *,60103,0,0,0,0,0,0,,,,,,,mendez_2
Ethan,6fd9f6d1-a62e-4eed-8af7-636f492c4fdd,13,soldier  crossbow *,60104,0,0,0,0,0,0,,,,,,,
Ethan,913b5037-f29a-441a-99be-49c31e43f601,13,soldier  hatchet *,60104,0,0,0,0,0,0,,,,,,,
Ethan,983776ec-b9ab-431c-915f-d8283c8aee48,13,soldier  crowbar *,60104,0,0,0,0,0,0,,,,,,,
Ethan,44d87d46-b409-464d-b051-27380f00e472,13,soldier  rpg *,60104,0,0,0,0,0,0,,,,,,,
Ethan,940e4912-68a0-4be2-b1c0-2d06fd31d88b,13,soldier pA(25%) spiked_bat *,60104,0,0,0,0,0,0,,,,,,,
Ethan,816d9515-2628-4bd7-b333-3369015b2dc0,13,soldier pA(30%) crossbow *,60104,0,0,0,0,0,0,,,,,,,
Ethan,13879cc0-488c-45e3-8181-5aec474674d0,13,soldier pA(30%) crossbow *,60104,0,0,0,0,0,0,,,,,,,
Ethan,3422282b-5c94-41d5-bc2a-f91995115e13,13,soldier pA(30%) hatchet | iron_shield *,60104,0,0,0,0,0,0,,,,,,,
Ethan,1a2bed35-b031-4f3e-9c2a-ad2eede12b83,13,soldier pA(30%) hatchet | iron_shield *,60104,0,0,0,0,0,0,,,,,,,
Ethan,18c9e614-7067-47ef-9e09-c67bd7daeb6d,13,soldier pA(100%) hatchet | iron_shield *,60104,0,0,0,0,0,0,,,,,,,
Ethan,1622779e-f364-4b75-a3fc-2c7239f8ac0b,13,soldier  shock_baton *,60104,0,0,0,0,0,0,,,,,,,
Ethan,062081b2-4ce7-45e8-bb12-2cccfabd6c24,13,soldier  spiked_bat *,60104,0,0,0,0,0,0,,,,,,,
Ethan,de6271df-022f-4a22-9005-9487ab757d78,13,soldier  dynamite *,60104,0,0,0,0,0,0,,,,,,,
Ethan,971b04c4-fac5-4c44-8fe7-4b6535067af7,13,soldier pB(30%) crowbar *,60105,0,0,0,0,0,0,,,,,,,
Ethan,10a7064b-83a9-4c95-920b-f1bc740c818e,13,soldier pA(10%) crowbar *,60105,0,0,0,0,0,0,,,,,,,
Ethan,81b16fe4-56da-46ad-8a03-edd885189a49,13,soldier pA(10%) shock_baton *,60105,0,0,0,0,0,0,,,,,,,
Ethan,3a629b94-c95e-40b3-83d7-16c792add17d,13,soldier pA(10%) iron_shield *,60105,0,0,0,0,0,0,,,,,,,
Ethan,32d58aea-4ce3-4887-bb24-29189229756e,13,soldier pA(30%) rpg *,60200,0,0,0,0,0,0,,,,,,,
Ethan,7acf036b-5469-479a-a55e-294856a29291,13,soldier pA(80%) crossbow *,60200,0,0,0,0,0,0,,,,,,,
Ethan,7863634d-1ee4-40d8-9e52-dba7d77c88f0,13,soldier pA(30%) spiked_bat *,60200,0,0,0,0,0,0,,,,,,,
Ethan,bf5cd9d2-a48c-4a6e-a32e-50d88cb4de35,13,soldier pA(30%) shock_baton *,60200,0,0,0,0,0,0,,,,,,,mendez_2
Ethan,2d130919-f522-43f4-9b16-760c8ecf582f,13,soldier  spiked_bat *,61102,0,0,0,0,0,0,,,,,,,
Ethan,033f4ce8-5c0b-415f-9821-e1a955e4bac3,13,soldier  spiked_bat *,61102,0,0,0,0,0,0,,,,,,,
Ethan,5c4a57aa-5c1d-4d2f-bc8e-ddd365304c5b,13,soldier pA(20%)  *,61102,0,0,0,0,0,0,,,,,,,
Ethan,a74881aa-0ab2-4b88-ac97-6b720d7a127a,13,soldier pA(50%) shock_baton *,61104,0,0,0,0,0,0,,,,,,,
Ethan,5b74a442-da4f-4dc2-ae2a-0947c797939f,13,soldier pA(0%) dynamite *,61104,0,0,0,0,0,0,,,,,,,
Ethan,baf017ab-eee4-467a-bc4f-e8fe21190820,13,soldier  hammer Velvet Blue x1,61104,0,0,0,0,0,0,,,,,,,mendez_chase
Ethan,2031587e-ee3d-451c-8e32-40113ae97e40,13,soldier pA(20%) hatchet *,61504,0,0,0,0,0,0,,,,,,,
Ethan,39ef54ad-6967-499b-aa06-f89d7ef198c0,13,soldier pA(20%) shock_baton *,61503,0,0,0,0,0,0,,,,,,,
Ethan,3f413557-bb82-48b0-a9f7-1d25fc581c34,13,soldier pA(80%) shock_baton *,61502,0,0,0,0,0,0,,,,,,,
Ethan,d8a5fd75-7b21-40fb-8ff7-c1e78785fdb0,13,soldier  spiked_bat *,61505,0,0,0,0,0,0,,,,,,,
Ethan,1b0b02b8-8e81-4f64-85bf-14cf0580763f,13,soldier pA(20%) hatchet *,61204,0,0,0,0,0,0,,,,,,,mendez_chase boss
Ethan,219f647d-d323-4581-9fdd-d373abdb087b,13,soldier pA(30%)  *,61204,0,0,0,0,0,0,,,,,,,mendez_chase boss
Ethan,ea534933-3c66-4a36-a3c4-18d7390797f2,13,soldier  crowbar *,61203,0,0,0,0,0,0,,,,,,,mendez_chase boss
Ethan,98ebdca3-1fa2-4166-ac73-af5013d3c49e,13,soldier pA(50%)  *,61203,0,0,0,0,0,0,,,,,,,
Ethan,1f747824-e2bc-4de3-96e9-3ad48a99a6e2,13,soldier pA(20%) dynamite *,61203,0,0,0,0,0,0,,,,,,,
Ethan,9995a9f3-4d50-473e-b788-987f97fff2d2,13,soldier pA(20%) shock_baton *,61203,0,0,0,0,0,0,,,,,,,
Ethan,fa6732f4-d763-473d-9af0-06f4a72b8b6d,13,soldier pA(20%) hatchet *,61203,0,0,0,0,0,0,,,,,,,
Ethan,4e556e1f-5e83-4665-972f-df6aa5d468a7,13,soldier pA(20%) spiked_bat *,61203,0,0,0,0,0,0,,,,,,,
Ethan,d57165b2-cddb-454b-b98c-1cee6e0789fb,13,soldier pA(10%) dynamite *,61203,0,0,0,0,0,0,,,,,,,
Ethan,1a63b79d-edb5-411b-94ae-7ab655df00b1,13,soldier  shock_baton *,61204,0,0,0,0,0,0,,,,,,,
Ethan,9bcacac7-bf88-4595-ac73-fe0f7796bc1c,13,soldier  hatchet *,61204,0,0,0,0,0,0,,,,,,,
Ethan,8f24519a-7e22-4c38-ac0b-89e058d0d714,13,regenerador   .,61302,0,0,0,0,0,0,,,,,noduplicate preserve nowave,,
Ethan,26f2ba68-b6fb-4d7b-963d-4aa19a07cddd,13,regenerador   Ruby x1,61402,0,0,0,0,0,0,,,,,,regenerador iron_maiden super_iron_maiden,
Ethan,6f4a9b4a-51c5-4081-9b92-965c9dd973c5,13,regenerador   .,61402,0,0,0,0,0,0,,,,,,regenerador iron_maiden super_iron_maiden,
Ethan,4d5cac28-3b75-40d4-b0f8-98cc68277500,13,regenerador   Sapphire x1,61305,0,0,0,0,0,0,,,,,,regenerador iron_maiden super_iron_maiden,
Ethan,ec73c258-19b5-4534-9010-63b93c5dd899,13,regenerador   Wrench x1,61201,0,0,0,0,0,0,,,,,noduplicate nowave,,krauser_1 krauser_2 mendez_chase pesanta u3
Ethan,69cfa597-7291-4a75-96eb-9dd5ad7e38a8,13,regenerador   Ruby x1,61201,0,0,0,0,0,0,,,,,noduplicate,,
Ethan,79ca4b25-ea22-4c4d-a655-c09cb9ec5958,13,regenerador   Ruby x1,61201,0,0,0,0,0,0,,,,,noduplicate,,
Ethan,16e55d3b-6238-40b2-91f2-75bdf1c3897a,13,regenerador   Alexandrite x1,61201,0,0,0,0,0,0,,,,,noduplicate,,
Ethan,55569dbd-db47-4292-8aa9-c0049159857a,13,regenerador   Ruby x1,61201,0,0,0,0,0,0,,,,,noduplicate,,
Ethan,121a6619-6891-4474-994a-a269b157216c,13,regenerador   Wrench x1,61201,0,0,0,0,0,0,,,,,noduplicate nowave,,krauser_1 krauser_2 mendez_chase pesanta u3
Ethan,2d5ee37e-c51b-4c64-8c9e-1e4fe7e53b58,13,regenerador   Alexandrite x1,61201,0,0,0,0,0,0,,,,,noduplicate,,
Ethan,76bd56c7-87e5-413d-808b-d8e875ff087e,13,regenerador   Ruby x1,61201,0,0,0,0,0,0,,,,,noduplicate,,
Ethan,8ff22883-d0d7-404f-be44-2589c91752cf,13,regenerador   Alexandrite x1,61201,0,0,0,0,0,0,,,,,noduplicate,,
Ethan,f581dd02-fd89-40c6-996b-bd0f34636160,13,regenerador   Ruby x1,61201,0,0,0,0,0,0,,,,,noduplicate,,
Ethan,b99b7a23-8d20-46a5-9b8a-0bf90cca90ef,13,regenerador   Wrench x1,61201,0,0,0,0,0,0,,,,,noduplicate nowave,,krauser_1 krauser_2 mendez_chase pesanta u3
Ethan,5983fbf6-04a0-4560-9e31-3e31628898b1,13,regenerador   Ruby x1,61201,0,0,0,0,0,0,,,,,noduplicate,,
Ethan,8023c600-8523-4b04-90c4-61671196ca1c,13,regenerador   Ruby x1,61201,0,0,0,0,0,0,,,,,noduplicate,,
Ethan,8c5de483-1194-4d50-9e9f-53065809d760,13,regenerador   Alexandrite x1,61201,0,0,0,0,0,0,,,,,noduplicate,,
Ethan,290c3ebf-408f-4513-84dc-bcec52cdad76,13,regenerador   Ruby x1,61201,0,0,0,0,0,0,,,,,noduplicate,,
Ethan,be280715-78e6-4cd7-8f28-09ec50608c7d,13,regenerador   Wrench x1,61201,0,0,0,0,0,0,,,,,noduplicate nowave,,krauser_1 krauser_2 mendez_chase pesanta u3
Ethan,1e97a1e6-76fd-42d7-85a4-4b405c2dfaa4,13,regenerador   Alexandrite x1,61201,0,0,0,0,0,0,,,,,noduplicate,,
Ethan,f9113bbf-fee8-4854-9c1b-54afb50dde0a,13,soldier   Pesetas x500,61500,0,0,0,0,0,0,,,,,,small,
Ethan,43853325-2ccc-4964-a4d6-913accf33a4c,13,viper   Viper x1,61106,0,0,0,0,0,0,,,,,noduplicate,,
Ethan,,14,[EXTRA],62100,59,12,-103,0,0,0,43b7db1e-f2bf-467a-8c3e-21463998cdcf,10731e4c-08c9-42c3-9dc8-e1fabe549a08,,,,,ashleyunsafe
Ethan,,14,[EXTRA],62100,72,12,-113,0,0,0,43b7db1e-f2bf-467a-8c3e-21463998cdcf,10731e4c-08c9-42c3-9dc8-e1fabe549a08,,,,,ashleyunsafe
Ethan,,14,[EXTRA],62100,65,16,-121,0,0,0,43b7db1e-f2bf-467a-8c3e-21463998cdcf,10731e4c-08c9-42c3-9dc8-e1fabe549a08,,,,,ashleyunsafe
Ethan,,14,[EXTRA],62100,59,12,-116,0,0,0,43b7db1e-f2bf-467a-8c3e-21463998cdcf,10731e4c-08c9-42c3-9dc8-e1fabe549a08,,,,,ashleyunsafe
Ethan,,14,[EXTRA],62100,50,12,-99,0,0,0,43b7db1e-f2bf-467a-8c3e-21463998cdcf,10731e4c-08c9-42c3-9dc8-e1fabe549a08,,,,,ashleyunsafe
Ethan,,14,[EXTRA],62100,43,12,-98,0,0,0,43b7db1e-f2bf-467a-8c3e-21463998cdcf,10731e4c-08c9-42c3-9dc8-e1fabe549a08,,,,,ashleyunsafe
Ethan,,14,[EXTRA],62100,20,17,-111,0,0,0,43b7db1e-f2bf-467a-8c3e-21463998cdcf,10731e4c-08c9-42c3-9dc8-e1fabe549a08,,,,,ashleyunsafe
Ethan,,14,[EXTRA],62100,20,17,-105,0,0,0,43b7db1e-f2bf-467a-8c3e-21463998cdcf,10731e4c-08c9-42c3-9dc8-e1fabe549a08,,,,,ashleyunsafe
Ethan,,14,[EXTRA],63100,4,19,-106,0,0,0,43b7db1e-f2bf-467a-8c3e-21463998cdcf,10731e4c-08c9-42c3-9dc8-e1fabe549a08,,,,,ashleyunsafe
Ethan,,14,[EXTRA],63101,17,17,-96,0,0,0,43b7db1e-f2bf-467a-8c3e-21463998cdcf,10731e4c-08c9-42c3-9dc8-e1fabe549a08,,,,,ashleyunsafe
Ethan,,14,[EXTRA] SEWAGE DISPOSAL // Guarding First Team Door,63103,-13,22,-87,0,0,0,43b7db1e-f2bf-467a-8c3e-21463998cdcf,10731e4c-08c9-42c3-9dc8-e1fabe549a08,,,,,ashleyunsafe
Ethan,,14,[EXTRA] SEWAGE DISPOSAL // Other side of First Team Door,63106,-14,22,-93,0,0,0,43b7db1e-f2bf-467a-8c3e-21463998cdcf,10731e4c-08c9-42c3-9dc8-e1fabe549a08,,,,,ashleyunsafe
Ethan,,14,[EXTRA],63106,-22,22,-94,0,0,0,43b7db1e-f2bf-467a-8c3e-21463998cdcf,10731e4c-08c9-42c3-9dc8-e1fabe549a08,,,,,ashleyunsafe
Ethan,,14,[EXTRA],63108,-11,22,-123,0,0,0,43b7db1e-f2bf-467a-8c3e-21463998cdcf,10731e4c-08c9-42c3-9dc8-e1fabe549a08,,,,,ashleyunsafe
Ethan,,14,[EXTRA],63108,-7,22,-126,0,0,0,43b7db1e-f2bf-467a-8c3e-21463998cdcf,10731e4c-08c9-42c3-9dc8-e1fabe549a08,,,,,ashleyunsafe
Ethan,,14,[EXTRA],63108,10,22,-128,0,0,0,43b7db1e-f2bf-467a-8c3e-21463998cdcf,10731e4c-08c9-42c3-9dc8-e1fabe549a08,,,,,ashleyunsafe
Ethan,,14,[EXTRA] SEWAGE DISPOSAL // Across Bridge,63108,3,22,-126,0,0,0,faedabc3-b546-422e-bc94-bb0d92f7699f,10731e4c-08c9-42c3-9dc8-e1fabe549a08,,,,,ashleyunsafe
Ethan,,14,[EXTRA],63108,5,22,-138,0,0,0,faedabc3-b546-422e-bc94-bb0d92f7699f,10731e4c-08c9-42c3-9dc8-e1fabe549a08,,,,,ashleyunsafe
Ethan,,14,[EXTRA],63108,8,22,-142,0,0,0,faedabc3-b546-422e-bc94-bb0d92f7699f,10731e4c-08c9-42c3-9dc8-e1fabe549a08,,,,,ashleyunsafe
Ethan,,14,[EXTRA],63108,-8,23,-151,0,0,0,faedabc3-b546-422e-bc94-bb0d92f7699f,10731e4c-08c9-42c3-9dc8-e1fabe549a08,,,,,ashleyunsafe
Ethan,,14,[EXTRA],63108,-8,22,-137,0,0,0,faedabc3-b546-422e-bc94-bb0d92f7699f,10731e4c-08c9-42c3-9dc8-e1fabe549a08,,,,,ashleyunsafe
Ethan,,14,[EXTRA],63108,-8,22,-144,0,0,0,faedabc3-b546-422e-bc94-bb0d92f7699f,10731e4c-08c9-42c3-9dc8-e1fabe549a08,,,,,ashleyunsafe
Ethan,,14,[EXTRA],63108,-13,22,-128,0,0,0,faedabc3-b546-422e-bc94-bb0d92f7699f,10731e4c-08c9-42c3-9dc8-e1fabe549a08,,,,,ashleyunsafe
Ethan,,14,[EXTRA] SEWAGE DISPOSAL // After Keypad Door,63109,-12,22,-118,0,0,0,faedabc3-b546-422e-bc94-bb0d92f7699f,10731e4c-08c9-42c3-9dc8-e1fabe549a08,,,,,ashleyunsafe
Ethan,,14,[EXTRA] WRECKING BALL // WRECKING BOSS,62200,32,16.4,-112.3,0,87,0,4bb2c758-193c-4cfe-b9b3-1fbf4103a2f4,,Ethan-wrecking-ball-boss,,,,fodder elite invincible krauser_1
Ethan,,14,[EXTRA] WRECKING BALL // Elevator Courtyard Far Left,62201,49,16,-130,0,0,0,80f4d85a-bc81-45a3-adf0-bbaf955306e7,,,,,,ashleyunsafe
Ethan,,14,[EXTRA] WRECKING BALL // Elevator Courtyard Left,62201,54,16,-130,0,0,0,80f4d85a-bc81-45a3-adf0-bbaf955306e7,,,,,,ashleyunsafe
Ethan,,14,[EXTRA] WRECKING BALL // Elevator Courtyard Right,62201,58,16.4,-129.9,0,0,0,80f4d85a-bc81-45a3-adf0-bbaf955306e7,,,,,,ashleyunsafe
Ethan,,14,[EXTRA] WRECKING BALL // Elevator Courtyard Far Right,62201,57,16,-133,0,0,0,80f4d85a-bc81-45a3-adf0-bbaf955306e7,,,,,,ashleyunsafe
Ethan,,14,[EXTRA],64100,52,26,-157,0,0,0,80f4d85a-bc81-45a3-adf0-bbaf955306e7,,,,,small,
Ethan,,14,[EXTRA],64100,46,26,-157,0,0,0,80f4d85a-bc81-45a3-adf0-bbaf955306e7,,,,,small,
Ethan,,14,[EXTRA] PRE-KRAUSER // Guarding Amber Right,64101,61,26,-166,0,0,0,b553de38-9be0-4364-8fbd-89ca53713c66,,,,,small,
Ethan,,14,[EXTRA] PRE-KRAUSER // Guarding Amber Left,64101,59,26,-173,0,0,0,b553de38-9be0-4364-8fbd-89ca53713c66,,,,,small,
Ethan,,14,[EXTRA] PRE-KRAUSER // Guarding Amber Behind Shelve 1,64101,67,27,-174,0,0,0,b553de38-9be0-4364-8fbd-89ca53713c66,,,,,small,
Ethan,,14,[EXTRA] PRE-KRAUSER // Guarding Amber Behind Shelve 2,64101,66,26,-182,0,0,0,b553de38-9be0-4364-8fbd-89ca53713c66,,,,,small,
Ethan,,14,[EXTRA] PRE-KRAUSER // Guarding Amber Exit,64101,59,26,-181,0,0,0,b553de38-9be0-4364-8fbd-89ca53713c66,,,,,small,
Ethan,,14,[EXTRA] PRE-KRAUSER // Outside Amber Room,64102,75,27,-174,0,0,0,b553de38-9be0-4364-8fbd-89ca53713c66,,,,,small,
Ethan,,14,[EXTRA] PRE-KRAUSER // Cliffside Locker Room,64200,61,29,-157,0,0,0,80f4d85a-bc81-45a3-adf0-bbaf955306e7,,,,,small,
Ethan,,14,[EXTRA],64103,78,23,-149,0,0,0,80f4d85a-bc81-45a3-adf0-bbaf955306e7,,,,,small,
Ethan,,14,[EXTRA],64104,95,23,-126,0,0,0,80f4d85a-bc81-45a3-adf0-bbaf955306e7,,,,,small,
Ethan,,14,[EXTRA],64104,92,23,-130,0,0,0,80f4d85a-bc81-45a3-adf0-bbaf955306e7,,,,,small,
Ethan,,14,[EXTRA],64104,96,23,-134,0,0,0,80f4d85a-bc81-45a3-adf0-bbaf955306e7,,,,,small,
Ethan,,14,[EXTRA],64104,108,23,-122,0,0,0,80f4d85a-bc81-45a3-adf0-bbaf955306e7,,,,,small,
Ethan,,14,[EXTRA],64104,110,23,-128,0,0,0,80f4d85a-bc81-45a3-adf0-bbaf955306e7,,,,,small,
Ethan,,14,[EXTRA],64104,116,24,-127,0,0,0,80f4d85a-bc81-45a3-adf0-bbaf955306e7,,,,,small,
Ethan,,14,[EXTRA],65100,147,18,-141,0,0,0,80f4d85a-bc81-45a3-adf0-bbaf955306e7,,,,,small,
Ethan,,14,[EXTRA],65100,143,18,-147,0,0,0,80f4d85a-bc81-45a3-adf0-bbaf955306e7,,,,,small,
Ethan,,14,[EXTRA],65100,147,19,-152,0,0,0,80f4d85a-bc81-45a3-adf0-bbaf955306e7,,,,,small,
Ethan,,14,[EXTRA],65100,142,18,-152,0,0,0,80f4d85a-bc81-45a3-adf0-bbaf955306e7,,,,,small,
Ethan,,14,[EXTRA] BATTLEFIELD // Below Ledge,65100,145,14,-161,0,0,0,61133d7f-a7e4-4965-8122-1e5abc51f477,,,,,small,
Ethan,,14,[EXTRA] BATTLEFIELD // Left of Room Near,65100,143,14,-179,0,0,0,61133d7f-a7e4-4965-8122-1e5abc51f477,,,,,small,
Ethan,,14,[EXTRA] BATTLEFIELD // Left of Room Far,65100,143,14,-173,0,0,0,61133d7f-a7e4-4965-8122-1e5abc51f477,,,,,small,
Ethan,,14,[EXTRA] BATTLEFIELD // Guarding Valve Exit,65100,146,15,-185,0,0,0,61133d7f-a7e4-4965-8122-1e5abc51f477,,,,,small,
Ethan,,14,[EXTRA] CATACOMBS // Before First Tripwire,65100,158.2,13.2,-190.7,0,0,0,61133d7f-a7e4-4965-8122-1e5abc51f477,,,,,small,
Ethan,,14,[EXTRA] CATACOMBS // After First Tripwire,65100,158.3,13.2,-184.8,0,0,0,61133d7f-a7e4-4965-8122-1e5abc51f477,,,,,small,
Ethan,,14,[EXTRA] ,65100,156,13,-190,0,0,0,61133d7f-a7e4-4965-8122-1e5abc51f477,,,,,small,
Ethan,,14,[EXTRA],65100,157,13,-185,0,0,0,61133d7f-a7e4-4965-8122-1e5abc51f477,,,,,small,
Ethan,,14,[EXTRA],65100,159,9,-181,0,0,0,fed0e37d-31ca-4851-9a05-2e5420c836c2,,,,,small,
Ethan,,14,[EXTRA],65100,151,9,-176,0,0,0,fed0e37d-31ca-4851-9a05-2e5420c836c2,,,,,small,
Ethan,,14,[EXTRA],65100,158,9,-162,0,0,0,fed0e37d-31ca-4851-9a05-2e5420c836c2,,,,,small,
Ethan,,14,[EXTRA],65100,164,9,-170,0,0,0,fed0e37d-31ca-4851-9a05-2e5420c836c2,,,,,small,
Ethan,,14,[EXTRA],65100,165,9,-175,0,0,0,7dd383f4-e67c-4914-84c9-9f975517e083,,,,,small,
Ethan,,14,[EXTRA],65100,170,13,-185,0,0,0,7dd383f4-e67c-4914-84c9-9f975517e083,,,,,small,
Ethan,,14,[EXTRA],65100,169,13,-195,0,0,0,7dd383f4-e67c-4914-84c9-9f975517e083,,,,,small,
Ethan,,14,[EXTRA],65100,164,13,-192,0,0,0,7dd383f4-e67c-4914-84c9-9f975517e083,,,,,small,
Ethan,,14,[EXTRA],65100,164,16,-201,0,0,0,7dd383f4-e67c-4914-84c9-9f975517e083,,,,,small,
Ethan,,14,[EXTRA],65100,156,16,-201,0,0,0,7dd383f4-e67c-4914-84c9-9f975517e083,,,,,small,
Ethan,,14,[EXTRA],65100,164,16,-187,0,0,0,7dd383f4-e67c-4914-84c9-9f975517e083,,,,,small,
Ethan,,14,[EXTRA],65100,158,16,-184,0,0,0,7dd383f4-e67c-4914-84c9-9f975517e083,,,,,small,
Ethan,,14,[EXTRA],65100,163,16,-178,0,0,0,7dd383f4-e67c-4914-84c9-9f975517e083,,,,,small,
Ethan,,14,[EXTRA],65100,157,16,-172,0,0,0,7dd383f4-e67c-4914-84c9-9f975517e083,,,,,small,
Ethan,,14,[EXTRA],65100,161,16,-168,0,0,0,7dd383f4-e67c-4914-84c9-9f975517e083,,,,,small,
Ethan,,14,[EXTRA],65100,160,18,-155,0,0,0,7dd383f4-e67c-4914-84c9-9f975517e083,,,,,small,
Ethan,,14,[EXTRA],65100,164,20,-145,0,0,0,7dd383f4-e67c-4914-84c9-9f975517e083,,,,,small,
Ethan,,14,[EXTRA],65100,174,20,-133,0,0,0,7dd383f4-e67c-4914-84c9-9f975517e083,,,,,small,
Ethan,,14,[EXTRA] KRAUSER ARENA // In Front of Gate,65100,160,20,-135,0,0,0,7dd383f4-e67c-4914-84c9-9f975517e083,,,,,small,
Ethan,,14,[EXTRA],65100,170,20,-128,0,0,0,7dd383f4-e67c-4914-84c9-9f975517e083,,,,,small,
Ethan,,14,[EXTRA] WITNESS THE POWER // ,65100,162,13,-131,0,0,0,5aed35d1-1863-4b84-8e27-f83bca7cbfd6,,,,,small,
Ethan,,14,[EXTRA] WITNESS THE POWER // ,65100,158,13,-135,0,0,0,5aed35d1-1863-4b84-8e27-f83bca7cbfd6,,,,,small,
Ethan,,14,[EXTRA] WITNESS THE POWER // ,65100,159,13,-145,0,0,0,5aed35d1-1863-4b84-8e27-f83bca7cbfd6,,,,,small,
Ethan,,14,[EXTRA] WITNESS THE POWER // ,65100,164,13,-141,0,0,0,5aed35d1-1863-4b84-8e27-f83bca7cbfd6,,,,,small,
Ethan,,14,[EXTRA] WITNESS THE POWER // ,65100,173,13,-130,0,0,0,5aed35d1-1863-4b84-8e27-f83bca7cbfd6,,,,,small,
Ethan,,14,[EXTRA] WITNESS THE POWER // ,65100,174,13,-144,0,0,0,5aed35d1-1863-4b84-8e27-f83bca7cbfd6,,,,,small,
Ethan,,14,[EXTRA] WITNESS THE POWER // ,65100,168,20,-141,0,0,0,5aed35d1-1863-4b84-8e27-f83bca7cbfd6,,,,,small,
Ethan,,14,[EXTRA],65100,171,13,-153,0,0,0,5aed35d1-1863-4b84-8e27-f83bca7cbfd6,,,,,small,
Ethan,,14,[EXTRA],65100,172,28,-164,0,0,0,fbbe64e2-8fcd-49be-9009-b6252b57847a,,,,,small,
Ethan,,14,[EXTRA],65100,179,28,-166,0,0,0,fbbe64e2-8fcd-49be-9009-b6252b57847a,,,,,small,
Ethan,,14,[EXTRA],65100,179,28,-177,0,0,0,fbbe64e2-8fcd-49be-9009-b6252b57847a,,,,,small,
Ethan,,14,[EXTRA],65100,169,28,-174,0,0,0,fbbe64e2-8fcd-49be-9009-b6252b57847a,,,,,small,
Ethan,d26180c8-7b97-4d75-aea0-c497a60fb779,14,krauser_1   .,65100,0,0,0,0,0,0,,,,,preserve noduplicate nowave,,
Ethan,32f2f575-7e14-4848-b2e7-6aad84945451,14,krauser_1   .,65100,0,0,0,0,0,0,,,,,preserve noduplicate nowave,,
Ethan,88e6af1b-9fdc-43b2-a327-ba920a5b8cd7,14,krauser_1   .,65100,0,0,0,0,0,0,,,,,preserve noduplicate nowave,,
Ethan,2ba09751-a71b-4afd-ba1e-b9f620316676,14,krauser_1   .,65100,0,0,0,0,0,0,,,,,preserve noduplicate nowave,,
Ethan,d5c9189a-60b9-402e-8427-cc1e6b95a9d0,14,krauser_1   .,65100,0,0,0,0,0,0,,,,,preserve noduplicate nowave,,
Ethan,58b1261f-d00d-4d6b-9472-7f0eb92b23c2,14,krauser_1   .,65100,0,0,0,0,0,0,,,,,preserve noduplicate nowave,,
Ethan,28c3bc26-42aa-48fe-9b60-7e81f41ad00a,14,krauser_1   .,65100,0,0,0,0,0,0,,,,,preserve noduplicate nowave,,
Ethan,58c17f3e-2945-4223-9d2b-dc85536357ce,14,krauser_2   .,65100,0,0,0,0,0,0,,,,,preserve noduplicate nowave,,
Ethan,9a9f4c65-3a02-4d18-bd22-437d0feb207f,14,krauser_2   .,65100,0,0,0,0,0,0,,,,,preserve noduplicate nowave,,
Ethan,6ec02c6e-1879-455f-9a50-0a136dddd825,14,krauser_2   .,65100,0,0,0,0,0,0,,,,,preserve noduplicate nowave,,
Ethan,a241d88c-1eea-48c2-8261-3f31716e4dfa,14,krauser_2   .,65100,0,0,0,0,0,0,,,,,preserve noduplicate nowave,,
Ethan,4e6199c0-e784-4215-ac87-cdbdb0cdf98b,14,krauser_1   .,78900,0,0,0,0,0,0,,,,,preserve noduplicate nowave,,
Ethan,e510bf60-81a9-46be-b285-cc168cbb3a45,14,krauser_1   .,78900,0,0,0,0,0,0,,,,,preserve noduplicate nowave,,
Ethan,dc5b9f3b-fd2c-4cf2-9cd8-d61d3210a28b,14,krauser_1   .,78900,0,0,0,0,0,0,,,,,preserve noduplicate nowave,,
Ethan,c503183b-fb13-4b17-8834-d6f6bfa8f709,14,krauser_1   .,78900,0,0,0,0,0,0,,,,,preserve noduplicate nowave,,
Ethan,813b7486-7029-4b58-ad5d-479369af5483,14,krauser_1   .,78900,0,0,0,0,0,0,,,,,preserve noduplicate nowave,,
Ethan,e50ab1e0-f474-47c5-8a48-5d8b7fa32b19,14,krauser_1   .,78900,0,0,0,0,0,0,,,,,preserve noduplicate nowave,,
Ethan,acabd40c-97b2-45db-a53b-53c84da4dea1,14,krauser_2   .,78900,0,0,0,0,0,0,,,,,preserve noduplicate nowave,,
Ethan,38a34120-1655-4a5b-94d1-3f5358af2980,14,krauser_2   .,78900,0,0,0,0,0,0,,,,,preserve noduplicate nowave,,
Ethan,d3fd3b9f-0e76-478b-ab61-435311189e9b,14,krauser_2   .,78900,0,0,0,0,0,0,,,,,preserve noduplicate nowave,,
Ethan,a39401a6-6f24-41a6-a46c-c5cd462744ed,14,krauser_2   .,78900,0,0,0,0,0,0,,,,,preserve noduplicate nowave,,
Ethan,3c898d04-173e-44e5-9801-1996f3711c91,14,krauser_2   .,78900,0,0,0,0,0,0,,,,,preserve noduplicate nowave,,
Ethan,7ad1bf36-5681-4d31-9fc5-3cb093103c39,14,soldier  hatchet *,62200,0,0,0,0,0,0,,,,,,,
Ethan,62cff488-b6ee-4b7f-9a96-ad0b6dd5ee66,14,soldier  crowbar *,62200,0,0,0,0,0,0,,,,,,,
Ethan,fc883a5c-fc47-4009-814c-6d2132c1de6a,14,soldier   *,62100,0,0,0,0,0,0,,,,,,climber,
Ethan,b0d65115-9c87-4663-a5b7-752359dcf1e8,14,soldier   *,62100,0,0,0,0,0,0,,,,,,climber,
Ethan,c0a36b45-dd84-401b-823f-7908ae47b5f6,14,brute   Yellow Diamond x1 [REINFORCEMENTS],62100,0,0,0,0,0,0,,,,,,climber,
Ethan,b3ff3f64-07d9-4d86-a797-75008bc9c317,14,soldier  spiked_bat * [REINFORCEMENTS] ,62200,0,0,0,0,0,0,,,,,,climber,
Ethan,e0e525d7-f820-49c1-9e69-1364fd9779d9,14,soldier   * [REINFORCEMENTS],62200,0,0,0,0,0,0,,,,,,climber,
Ethan,5e9f8f42-d29b-4c53-94d0-4a2cac3d2586,14,soldier  rpg * [REINFORCEMENTS],62200,0,0,0,0,0,0,,,,,,climber,
Ethan,7a9bc868-ebb8-4958-bfed-26899972ba48,14,soldier  crossbow *,62000,0,0,0,0,0,0,,,,,,,
Ethan,8bdc39b1-b515-4bb8-a36c-6ed0afb0cc8e,14,soldier  rpg *,62000,0,0,0,0,0,0,,,,,,,
Ethan,e416c410-553a-44fd-9273-fd03e1d54ed5,14,arana   *,63109,0,0,0,0,0,0,,,,,,,
Ethan,75c444d2-e492-4008-841e-42ba60a99cac,14,arana   *,63109,0,0,0,0,0,0,,,,,,,
Ethan,664f3245-ebc9-4f29-bde2-7696f2450152,14,soldier pC(100%) crowbar *,62100,0,0,0,0,0,0,,,,,,,
Ethan,fa6ace4d-7db5-4d74-9694-51de957d06a0,14,soldier  spiked_bat *,62100,0,0,0,0,0,0,,,,,,,
Ethan,881f7d01-5b75-46ac-8c2b-bbeb27ee02d5,14,soldier pA(30%) hatchet *,62100,0,0,0,0,0,0,,,,,,,
Ethan,0bd4fa4f-c0a7-4434-b2f7-6305bef49337,14,soldier pA(100%) shock_baton *,62100,0,0,0,0,0,0,,,,,,,
Ethan,379e79b4-fae3-477e-87c2-11b432c0ee91,14,soldier  crossbow *,62200,0,0,0,0,0,0,,,,,,,
Ethan,20864eda-0a4a-45be-9b49-c1dc82e8f982,14,soldier  spiked_bat *,62200,0,0,0,0,0,0,,,,,,,
Ethan,4f5eebd9-2a9d-4a98-b320-2acab4bde4c2,14,soldier pC(100%) crowbar *,62200,0,0,0,0,0,0,,,,,,,
Ethan,d4fe5f9b-68c8-4ad6-b02d-329d128d3e17,14,soldier  dynamite * [REINFORCEMENTS] ,62200,0,0,0,0,0,0,,,,,,climber,
Ethan,882bd2b4-4fca-49ea-a31d-a03e4f452393,14,soldier  spiked_bat * [REINFORCEMENTS] ,62200,0,0,0,0,0,0,,,,,,climber,
Ethan,aa27b961-018b-4af0-86cb-ebc983cac4a7,14,soldier  shock_baton *,62200,0,0,0,0,0,0,,,,,,climber,
Ethan,4744a1af-08b1-4e07-9ec7-7ed189b7d078,14,soldier pC(50%) crowbar * [REINFORCEMENTS] ,62200,0,0,0,0,0,0,,,,,,climber,
Ethan,b56988f2-dd71-4335-8eb1-5bf3d0036b81,14,soldier pC(50%) spiked_bat * [REINFORCEMENTS] ,62200,0,0,0,0,0,0,,,,,,climber,
Ethan,dbec65ab-b32e-47d1-8aad-3742c3f76f52,14,soldier  hatchet | iron_shield * [REINFORCEMENTS] ,62200,0,0,0,0,0,0,,,,,,climber,
Ethan,a0933df2-780d-4ab1-9853-71fbf77ae2a4,14,soldier  hammer Emerald x1 [REINFORCEMENTS] ,62200,0,0,0,0,0,0,,,,,,climber,
Ethan,18cd670b-27c8-461f-99e2-29a6435ae86d,14,soldier  dynamite * [REINFORCEMENTS] ,62200,0,0,0,0,0,0,,,,,,climber,
Ethan,d44937f1-ea9d-4aa3-9a19-b279470ee4f5,14,soldier  hatchet * [REINFORCEMENTS],62200,0,0,0,0,0,0,,,,,,climber,
Ethan,5cbe1a96-b7fd-4722-9b62-021c8f0d2b16,14,soldier  hatchet * [REINFORCEMENTS],62200,0,0,0,0,0,0,,,,,,climber,
Ethan,152acdfb-166a-4c8c-99f4-704e433982e4,14,soldier  rpg * [REINFORCEMENTS],62200,0,0,0,0,0,0,,,,,,climber,
Ethan,1252b852-f7aa-418b-b2eb-e1b865c9774f,14,soldier pA(100%) spiked_bat * [REINFORCEMENTS],62200,0,0,0,0,0,0,,,,,,climber,
Ethan,09e1638d-00e0-4558-827c-6dea61b3282f,14,soldier pC(100%) spiked_bat *,62200,0,0,0,0,0,0,,,,,,climber,
Ethan,3a986c9f-6f6e-4467-a057-bd5f2498622f,14,soldier  crowbar *,62200,0,0,0,0,0,0,,,,,,climber,
Ethan,236aaaab-86d1-4d75-a089-27d230a27882,14,soldier  molotov *,62200,0,0,0,0,0,0,,,,,,climber,
Ethan,af463637-9778-4f19-97f5-033a6c20e8e8,14,soldier  spiked_bat * [REINFORCEMENTS] ,62200,0,0,0,0,0,0,,,,,,climber,
Ethan,7c2e2e86-5f9c-42e0-abd4-045a38149c10,14,soldier  crowbar *,62200,0,0,0,0,0,0,,,,,,climber,
Ethan,f3167897-a2b9-4492-a5e0-e78dd8fc8523,14,soldier  crowbar *,62200,0,0,0,0,0,0,,,,,,climber,
Ethan,6b04d3c4-822b-416e-85a8-8053e82a97bb,14,arana   *,63109,0,0,0,0,0,0,,,,,,climber,
Ethan,d3e9eeb8-2992-436c-b172-d2511a0209d6,14,arana   *,63109,0,0,0,0,0,0,,,,,,climber,
Ethan,ee18e335-71c6-4736-8229-26fb12a3d666,14,arana   *,63109,0,0,0,0,0,0,,,,,,climber,
Ethan,f2eab650-f88f-47a2-b834-c2fb3f40c2fb,14,arana   *,63109,0,0,0,0,0,0,,,,,,climber,
Ethan,fc91e643-8aeb-4152-82ff-41e643821a2d,14,arana   *,63109,0,0,0,0,0,0,,,,,,climber,
Ethan,a9353329-06c9-4126-9093-a57f020eb10b,14,arana   *,63109,0,0,0,0,0,0,,,,,,climber,
Ethan,461887b9-dc7e-404c-8c0b-5617b526983b,14,arana   *,63109,0,0,0,0,0,0,,,,,,climber,
Ethan,8d0f45fc-52e4-49b1-a13e-2f0575adc705,14,arana   *,63109,0,0,0,0,0,0,,,,,,climber,
Ethan,1a1f7f9f-fdcb-4527-a60c-a2738fe5c663,14,arana   *,63109,0,0,0,0,0,0,,,,,,climber,
Ethan,546af46e-4aaf-45d0-8c90-955bddc177cd,14,arana   *,63109,0,0,0,0,0,0,,,,,,climber,
Ethan,dbf9e6ea-8b52-4bf0-8b42-c6387fceaa54,14,arana   *,62200,0,0,0,0,0,0,,,,,,climber,
Ethan,be20f490-93c5-45f2-b73d-741214327c6e,14,arana   *,62200,0,0,0,0,0,0,,,,,,climber,
Ethan,6b5ac6cd-f2fd-40ef-be65-19fdee6b5abb,14,arana   *,62200,0,0,0,0,0,0,,,,,,climber,
Ethan,bfe0eb99-9952-4aa4-9e80-64a2edd46363,14,arana   *,62200,0,0,0,0,0,0,,,,,,climber,
Ethan,3fd1d8d3-d75a-4ef9-b34c-06fdcb871342,14,arana   *,62200,0,0,0,0,0,0,,,,,,climber,
Ethan,86506fa2-fed4-4644-b04c-b0659c78a5c8,14,arana   *,62200,0,0,0,0,0,0,,,,,,climber,
Ethan,a91930e8-e341-4d5e-9747-1def4af41e1b,14,arana   *,62200,0,0,0,0,0,0,,,,,,climber,
Ethan,5e063717-4c6e-4506-89e1-c22c28c82463,14,arana   *,62200,0,0,0,0,0,0,,,,,,climber,
Ethan,a9549446-f4f7-4210-8114-30b64ebd5bb7,14,arana   *,62200,0,0,0,0,0,0,,,,,,climber,
Ethan,46b0865e-fb75-4374-bad6-6a30d2274ffe,14,soldier pA(20%) shock_baton *,63100,0,0,0,0,0,0,,,,,,,ashleyunsafe
Ethan,16db0cda-c237-47cf-9271-d7c5b611026e,14,soldier pA(20%) hatchet *,63100,0,0,0,0,0,0,,,,,,,ashleyunsafe
Ethan,bbf07641-1c47-47b8-b40e-e18a75aaf0f4,14,soldier pA(50%) hatchet | iron_shield *,63100,0,0,0,0,0,0,,,,,,,ashleyunsafe
Ethan,26a5edf1-185e-45c8-ba42-c5a6ea895816,14,soldier pA(20%) crowbar *,63100,0,0,0,0,0,0,,,,,,,ashleyunsafe
Ethan,928fbc31-07b4-4e10-b0ce-ff35ccd42373,14,soldier pA(100%) hatchet *,63102,0,0,0,0,0,0,,,,,,,ashleyunsafe
Ethan,a086a2f1-625d-44d7-8d76-12ad34432272,14,soldier   * // Scripted Ashley Grabber,63100,0,0,0,0,0,0,,,,,preserve noduplicate,,
Ethan,e2a795b8-ef10-40bd-aec9-1768406a3cd2,14,soldier  crowbar *,63100,0,0,0,0,0,0,,,,,,,ashleyunsafe
Ethan,ed0fa554-6709-4f25-a3ec-af7826c92baa,14,soldier  shock_baton *,63100,0,0,0,0,0,0,,,,,,,ashleyunsafe
Ethan,40aedc82-a2cc-49b4-b93c-31740e2d1406,14,soldier pC(100%) spiked_bat *,63102,0,0,0,0,0,0,,,,,,,ashleyunsafe
Ethan,93618195-327c-45fa-8eda-6564a8062ee8,14,soldier pA(20%) hatchet | iron_shield *,63102,0,0,0,0,0,0,,,,,,,ashleyunsafe
Ethan,b532f72e-7b11-472c-816b-20b809617aee,14,soldier pA(10%) shock_baton *,63103,0,0,0,0,0,0,,,,,,,ashleyunsafe
Ethan,487d51c1-1f8c-463c-b771-81b8dfcc03ed,14,soldier   *,63107,0,0,0,0,0,0,,,,,,,ashleyunsafe
Ethan,3602843d-7f35-4d29-baf1-2279f784d760,14,soldier   *,63107,0,0,0,0,0,0,,,,,,,ashleyunsafe
Ethan,d38fa6e6-1471-4591-a8c9-3e75c81b3629,14,soldier   *,63108,0,0,0,0,0,0,,,,,,,ashleyunsafe
Ethan,e9a8e76f-40ec-405a-a07b-f54bdaa90646,14,soldier   *,63107,0,0,0,0,0,0,,,,,,,ashleyunsafe
Ethan,ff57518a-44aa-4450-aa44-538ca05e2865,14,soldier   *,63106,0,0,0,0,0,0,,,,,,,ashleyunsafe
Ethan,982c4db0-7c14-4afc-ac96-8079f55e2241,14,soldier   *,63106,0,0,0,0,0,0,,,,,,,ashleyunsafe
Ethan,0bd5169d-efb2-4a6b-bfb4-597161a7b069,14,arana   *,63109,0,0,0,0,0,0,,,,,,,ashleyunsafe
Ethan,ec50b7e7-da15-4584-8ad1-67adbbfead3c,14,arana   *,63109,0,0,0,0,0,0,,,,,,,ashleyunsafe
Ethan,fe4b8781-c355-4b0c-9a7e-993ffe018d44,14,soldier pC(100%)  .,63109,0,0,0,0,0,0,,,,,,,ashleyunsafe
Ethan,f8eadaf1-4075-4893-bf31-114e57b3d9f6,14,regenerador   Red Beryl x1,63107,0,0,0,0,0,0,,,,,noduplicate,regenerador iron_maiden super_iron_maiden,
Ethan,133982c6-8107-485b-8cb3-2f1c16f3b8a0,14,regenerador   Red Beryl x1,63108,0,0,0,0,0,0,,,,,,,ashleyunsafe
Ethan,87d9516b-70d2-4b88-82af-ea8e734fbeb0,14,arana   *,63102,0,0,0,0,0,0,,,,,,,ashleyunsafe
Ethan,11aa48ab-89fe-4e14-9d2d-d4343bd60ad7,14,arana   *,63102,0,0,0,0,0,0,,,,,,,ashleyunsafe
Ethan,f1727ab6-cf72-4d67-a43c-bfd445818163,14,arana   *,63109,0,0,0,0,0,0,,,,,,,ashleyunsafe
Ethan,043307a2-cd3e-4d53-a514-38d27b4d3a25,14,soldier  spiked_bat *,64103,0,0,0,0,0,0,,,,,,,ashleyunsafe
Ethan,acf7bb2a-2c22-4118-8349-5170b40e687c,14,soldier  molotov *,64103,0,0,0,0,0,0,,,,,,,ashleyunsafe
Ethan,8f15e3cd-1d04-47d5-b62d-2e036c37e8db,14,soldier  crowbar *,64103,0,0,0,0,0,0,,,,,,,ashleyunsafe
Ethan,fa54f019-49cf-48cb-93a1-da4bb7c0f1cd,14,soldier  crossbow *,64200,0,0,0,0,0,0,,,,,,,ashleyunsafe
Ethan,54849a7e-bf07-4807-84f8-ffecff408801,14,colmillos   *,64104,0,0,0,0,0,0,,,,,,,ashleyunsafe
Ethan,04de1c39-6303-422e-85dc-4695ff06afa6,14,colmillos   *,64103,0,0,0,0,0,0,,,,,,,ashleyunsafe
Ethan,509f479b-ef7e-4d54-b274-56d6ed060b59,14,arana   *,64103,0,0,0,0,0,0,,,,,,,ashleyunsafe
Ethan,b69cd1fa-f258-4ac5-9125-643e38c68ee0,14,arana   *,64103,0,0,0,0,0,0,,,,,,,ashleyunsafe
Ethan,eb67bd7a-657c-474b-b9e9-17855fe6d0ee,14,soldier  crowbar *,64103,0,0,0,0,0,0,,,,,,,ashleyunsafe
Ethan,81e815de-d516-427a-8b77-1378ec084e36,14,soldier pB(50%) spiked_bat *,64103,0,0,0,0,0,0,,,,,,,ashleyunsafe
Ethan,,15,[EXTRA],65200,188,37,-196,0,0,0,,,,,,,ashleyunsafe
Ethan,,15,[EXTRA],65200,182,37,-193,0,0,0,,,,,,,ashleyunsafe
Ethan,,15,[EXTRA],65200,182,37,-198,0,0,0,,,,,,,ashleyunsafe
Ethan,,15,[EXTRA],66104,71,35,-219,0,0,0,,,,,,small,
Ethan,,15,[EXTRA],66104,83,32,-215,0,0,0,,,,,,small,
Ethan,,15,[EXTRA],66104,89,32,-217,0,0,0,,,,,,small,
Ethan,,15,[EXTRA],66105,65,39,-231,0,0,0,,,,,,small,
Ethan,,15,[EXTRA],66105,67,39,-241,0,0,0,,,,,,small,
Ethan,,15,[EXTRA],66105,29,31,-246,0,0,0,,,,,,,
Ethan,,15,[EXTRA],66105,28,31,-251,0,0,0,,,,,,,
Ethan,,15,[EXTRA],66105,37,31,-254,0,0,0,,,,,,,
Ethan,,15,[EXTRA],66105,44,32,-256,0,0,0,,,,,,small,
Ethan,,15,[EXTRA],67100,30,39,-227,0,0,0,,,,,,,
Ethan,,15,[EXTRA],67101,19,39,-229,0,0,0,,,,,,,
Ethan,,15,[EXTRA],67101,21,39,-239,0,0,0,,,,,,small,
Ethan,,15,[EXTRA],67102,7,39,-226,0,0,0,,,,,,small,
Ethan,,15,[EXTRA],67102,14,39,-219,0,0,0,,,,,,small,
Ethan,,15,[EXTRA],67104,-71,58,-166,0,0,0,,,,,ranged,small,
Ethan,,15,[EXTRA],67104,-71,58,-177,0,0,0,,,,,ranged,small,
Ethan,,15,[EXTRA],68101,-102,61,-171,0,0,0,,,,,,,
Ethan,,15,[EXTRA],68101,-111,61,-171,0,0,0,,,,,,,
Ethan,,15,[EXTRA],68101,-120,61,-171,0,0,0,,,,,,,
Ethan,f0669fad-0877-4e5f-b1a5-a1aa40e3eb1c,15,soldier   *,66101,0,0,0,0,0,0,,,,,,,invincible
Ethan,45c740df-4438-490a-b868-e27d0020ba60,15,soldier  hatchet *,66101,0,0,0,0,0,0,,,,,,,invincible
Ethan,2a9bfc0d-ebfa-4eda-abc1-ae2125e52189,15,soldier  crossbow *,66101,0,0,0,0,0,0,,,,,,,invincible
Ethan,9193f763-0e88-40e9-87b1-7b0c7fea3cf8,15,soldier  crossbow *,66101,0,0,0,0,0,0,,,,,,,invincible
Ethan,7faced90-6d9d-438c-be76-9ca931e9d24a,15,soldier  hatchet | iron_shield *,66101,0,0,0,0,0,0,,,,,,,invincible
Ethan,40346c6b-4aab-425b-9904-fb98bc1cea52,15,soldier  crowbar *,66101,0,0,0,0,0,0,,,,,,,invincible
Ethan,eac61d27-74a7-4507-aa51-26ae6c4f85f3,15,soldier  rpg *,66101,0,0,0,0,0,0,,,,,,,invincible
Ethan,068b4905-3182-4963-9692-0c5e46a8d719,15,soldier  molotov *,66101,0,0,0,0,0,0,,,,,,,invincible
Ethan,6cc99a8e-7b39-4d7a-a5cc-4b8e8034dc43,15,soldier  shock_baton *,66101,0,0,0,0,0,0,,,,,,,invincible
Ethan,f56ae9a6-6cca-4a28-9e76-556cabd28a72,15,soldier pA(50%) hatchet *,66101,0,0,0,0,0,0,,,,,,,invincible
Ethan,e4fc210b-961b-4019-b2d7-8ce25eb6a800,15,soldier  crowbar *,66101,0,0,0,0,0,0,,,,,,,invincible
Ethan,814199be-adb5-49cc-b214-c64c1cc165a2,15,soldier pA(20%)  *,66101,0,0,0,0,0,0,,,,,,,invincible
Ethan,54fe2ff2-b510-4960-9ac4-9d18c8aae40c,15,soldier  shock_baton *,66101,0,0,0,0,0,0,,,,,,,invincible
Ethan,032d101b-e336-42cb-b249-c46ed6560b69,15,soldier pA(20%) crossbow *,66101,0,0,0,0,0,0,,,,,,,invincible
Ethan,26626087-80ed-409f-b398-4d9e55c89b75,15,soldier  crowbar *,66101,0,0,0,0,0,0,,,,,,,invincible
Ethan,dc887dde-a089-4040-827e-6cf1d9a262a5,15,soldier  spiked_bat *,66101,0,0,0,0,0,0,,,,,,,invincible
Ethan,ad82492d-5310-4a66-a166-5002fba0c1b2,15,soldier   *,66101,0,0,0,0,0,0,,,,,,,invincible
Ethan,db71da2d-8b1c-4b6d-b53b-0f8eebf357ae,15,soldier  crowbar *,66101,0,0,0,0,0,0,,,,,,,invincible
Ethan,6551bb15-fdce-4d7c-98b0-71af668f2028,15,soldier  spiked_bat *,66101,0,0,0,0,0,0,,,,,,,invincible
Ethan,f5e12aed-a125-4728-9a52-de5eef0256e7,15,soldier  molotov *,66101,0,0,0,0,0,0,,,,,,,invincible
Ethan,6074a973-daf5-4438-b71c-4b198fbb4578,15,soldier  molotov *,66101,0,0,0,0,0,0,,,,,,,invincible
Ethan,cffa8f59-b8ec-458a-a0b0-3677679c4638,15,soldier  crowbar *,66101,0,0,0,0,0,0,,,,,,,invincible
Ethan,f9db6ec4-cd36-455d-aa23-cc8ab0e692f2,15,soldier   .,66102,0,0,0,0,0,0,,,,,,,
Ethan,88ef7143-d9fd-42ba-90f8-eb71c8ce5552,15,soldier   .,66102,0,0,0,0,0,0,,,,,,,
Ethan,42aa0899-e265-434a-a020-976049743292,15,soldier   .,66102,0,0,0,0,0,0,,,,,,,
Ethan,f272cc1d-c62b-4d28-b370-1b73ff5e0309,15,soldier   .,66102,0,0,0,0,0,0,,,,,,,
Ethan,390a27fb-457a-483b-937f-31f3a39c89b3,15,soldier  crossbow .,66102,0,0,0,0,0,0,,,,,,,
Ethan,0a5d5de9-8cbf-40b9-8df7-49a126a68457,15,soldier  crossbow .,66102,0,0,0,0,0,0,,,,,,,
Ethan,91bd644d-3284-4091-a626-bbed6fe227cc,15,soldier  rpg .,66102,0,0,0,0,0,0,,,,,,,
Ethan,a01a925c-02c7-4cd3-ab63-f90ed05e9554,15,soldier   .,66102,0,0,0,0,0,0,,,,,,,
Ethan,b11dd550-f5a6-443c-8852-8e628e56a309,15,soldier   .,66102,0,0,0,0,0,0,,,,,,,
Ethan,40e500a0-e983-446b-80bb-798293550c4e,15,soldier   .,66102,0,0,0,0,0,0,,,,,,,
Ethan,2038c09a-7fd6-4769-9e5f-d52d4b7b9b87,15,soldier  shock_baton .,66102,0,0,0,0,0,0,,,,,,,
Ethan,e5f2528e-4196-4853-b0a3-378372b566c3,15,soldier  crowbar .,66102,0,0,0,0,0,0,,,,,,,
Ethan,7fb36eb8-3f83-4c63-8e43-09d4b03a271f,15,soldier   .,66102,0,0,0,0,0,0,,,,,,,
Ethan,c48d3184-b194-4516-8ff1-0337041dcc10,15,soldier  crossbow .,66102,0,0,0,0,0,0,,,,,,,
Ethan,7a1ce5ca-473b-4c48-b70f-a2650c870468,15,soldier  crossbow .,66102,0,0,0,0,0,0,,,,,,,
Ethan,02193533-6194-46f1-a3f7-d9132c1989ae,15,soldier pA(100%) crossbow *,66102,0,0,0,0,0,0,,,,,,,
Ethan,f83f76ca-9304-482e-a349-3f415e1ffb66,15,soldier pA(80%) crossbow *,66102,0,0,0,0,0,0,,,,,,,
Ethan,b0c8cfd2-18ee-4015-a249-953757355b66,15,soldier pB(50%) dynamite *,66102,0,0,0,0,0,0,,,,,,,
Ethan,cbf37a9a-73df-405f-85c8-be6aecdb186d,15,soldier pA(0%) dynamite *,66102,0,0,0,0,0,0,,,,,,,
Ethan,120e020b-7ae4-4092-84f2-bfcc11cb0770,15,soldier pA(0%) dynamite *,66102,0,0,0,0,0,0,,,,,,,
Ethan,3f92c205-807a-44be-b5e2-57868e887a7e,15,soldier   .,66200,0,0,0,0,0,0,,,,,preserve noduplicate,,
Ethan,70b7c392-2f5d-41b1-8db1-48ebc6417ccb,15,soldier   *,66102,0,0,0,0,0,0,,,,,preserve noduplicate,,
Ethan,bea86510-5fbd-4e69-9204-a28df5fcfd60,15,soldier  rpg *,66102,0,0,0,0,0,0,,,,,,,
Ethan,823cf566-1011-4369-ac98-230430eed5eb,15,soldier  crossbow *,66102,0,0,0,0,0,0,,,,,,,
Ethan,86c40194-c4f7-4033-8fe0-2dd160090fa9,15,soldier   *,66102,0,0,0,0,0,0,,,,,,,
Ethan,b0fb07f2-cd56-41d2-b132-3101d806f732,15,soldier  spiked_bat *,66102,0,0,0,0,0,0,,,,,,,
Ethan,3b1ca8bb-23b4-4eae-ba8c-e7cd955d15e6,15,soldier  shock_baton *,66103,0,0,0,0,0,0,,,,,,,
Ethan,231a5197-ceba-432a-ae04-cff5c799938f,15,soldier  hatchet *,66103,0,0,0,0,0,0,,,,,,,
Ethan,7788a137-17e8-44ae-9712-89e56bd80dbc,15,soldier  crossbow *,66103,0,0,0,0,0,0,,,,,,,
Ethan,7b859fc4-1ea8-4615-add0-76f15bab7827,15,soldier  molotov *,66103,0,0,0,0,0,0,,,,,,,
Ethan,e7806d40-7128-4fcc-95c7-6461ea2686e2,15,soldier pA(20%) hatchet | iron_shield *,66102,0,0,0,0,0,0,,,,,,,
Ethan,81c0f367-80a3-4230-98d9-0ce8954acdf8,15,soldier pB(30%) shock_baton *,66102,0,0,0,0,0,0,,,,,,,
Ethan,38903222-5f65-47bb-a857-9ece19c23762,15,soldier pA(20%) hatchet | iron_shield *,66102,0,0,0,0,0,0,,,,,,,
Ethan,b2a3c431-e626-4507-832e-b4d4811ecb72,15,soldier pA(50%) molotov *,66102,0,0,0,0,0,0,,,,,,,
Ethan,ab136abc-daab-4829-af52-bce6a6ab1afb,15,soldier pA(30%) spiked_bat *,66102,0,0,0,0,0,0,,,,,,,
Ethan,bceeafab-d2d4-42e2-b9ca-3ddcd0e9b315,15,soldier pA(30%) molotov *,66102,0,0,0,0,0,0,,,,,,,
Ethan,7f27ce31-81f8-4062-a84d-69c49644b7b1,15,soldier pA(10%)  *,66102,0,0,0,0,0,0,,,,,,,
Ethan,a839be47-f392-4e94-b90a-dcd706689407,15,soldier pA(20%) crowbar *,66102,0,0,0,0,0,0,,,,,,,
Ethan,209dad56-0f49-49f5-8ac9-7c27de2228ee,15,arana   *,66102,0,0,0,0,0,0,,,,,,,
Ethan,13c55a9f-cd28-4d75-a892-702d81e8c7fb,15,soldier  crossbow *,66102,0,0,0,0,0,0,,,,,,,
Ethan,2d5b76f3-1e3d-4c06-ab56-05e363ca6a35,15,soldier  crossbow *,66102,0,0,0,0,0,0,,,,,,,
Ethan,f698af83-90c7-40fd-afc1-06056764979d,15,soldier  hatchet *,66102,0,0,0,0,0,0,,,,,,,
Ethan,31ed505b-6ced-474b-a2fa-ebc2f03d40bb,15,soldier  hatchet *,66102,0,0,0,0,0,0,,,,,,,
Ethan,38246136-f016-45a2-b149-1f0d6ecb4049,15,soldier  hatchet *,66102,0,0,0,0,0,0,,,,,,,
Ethan,460935be-06ce-4020-a72b-d763fe52b1ab,15,soldier pA(100%) shock_baton *,66102,0,0,0,0,0,0,,,,,,,
Ethan,49648c3a-80be-4adb-87d2-8ada87de002a,15,soldier  crossbow *,66102,0,0,0,0,0,0,,,,,,,
Ethan,30c99ccc-1a46-4eb3-a7b8-da013952dfb6,15,soldier pB(50%) shock_baton *,66102,0,0,0,0,0,0,,,,,,,
Ethan,a9e91603-a3b5-41f6-9128-339a22141f48,15,soldier pA(0%) crowbar *,66102,0,0,0,0,0,0,,,,,,,
Ethan,db8e26e9-0df3-4a0d-85c0-e5b00da9a8e3,15,soldier pA(30%) dynamite *,66102,0,0,0,0,0,0,,,,,,,
Ethan,25837c55-8760-4a3c-872a-6922ee2522e2,15,soldier pA(50%) molotov *,66102,0,0,0,0,0,0,,,,,,,
Ethan,88020e4a-2392-4c71-bc62-42009f787084,15,soldier pB(50%) crossbow *,66102,0,0,0,0,0,0,,,,,,,
Ethan,b262d167-5c5e-424a-89cd-f2c7318e685b,15,soldier pB(50%) shock_baton *,66102,0,0,0,0,0,0,,,,,,,
Ethan,354b05be-4474-49b7-8ad5-afd8cda3b9a3,15,soldier  crowbar *,66102,0,0,0,0,0,0,,,,,,,
Ethan,746d616e-73e4-42fe-b027-85c0c29375c5,15,soldier  spiked_bat *,66102,0,0,0,0,0,0,,,,,,,
Ethan,49c18221-df33-4c69-a29d-b886d07976c1,15,soldier pB(50%) crossbow *,66102,0,0,0,0,0,0,,,,,,,
Ethan,0de4db00-8e53-4ec9-b333-ca660448ee25,15,soldier pA(30%) shock_baton *,66102,0,0,0,0,0,0,,,,,,,
Ethan,6a507a95-e2ac-4ee4-9cbf-3bfe21398b85,15,soldier  rpg *,66102,0,0,0,0,0,0,,,,,,,
Ethan,aa2bf75e-e1dc-4197-a347-3af12ec05032,15,soldier  crossbow *,66102,0,0,0,0,0,0,,,,,,,
Ethan,b7f860a6-fc68-4170-ac1c-fd4b97261ad7,15,soldier pA(50%)  *,66103,0,0,0,0,0,0,,,,,preserve noduplicate,,
Ethan,14232e7d-4f9b-4f6d-b58a-f762bfae1212,15,soldier pA(50%)  *,66103,0,0,0,0,0,0,,,,,preserve noduplicate,,
Ethan,f7f8c2d4-9286-4351-8b00-793b2ebf6746,15,soldier pA(40%) crossbow *,66103,0,0,0,0,0,0,,,,,,,
Ethan,94fd0218-96cc-4b1a-96d0-21e5961125bb,15,soldier pA(50%) crowbar *,66103,0,0,0,0,0,0,,,,,,,
Ethan,be5b2250-ab76-47f5-941e-5f71ed3e5704,15,soldier pC(100%)  *,66103,0,0,0,0,0,0,,,,,,,
Ethan,008d29a0-142f-402a-bc78-a8ec0297e6d8,15,soldier pA(50%) crowbar *,66103,0,0,0,0,0,0,,,,,,,
Ethan,206d6cc4-c2c5-4f8b-aeeb-285ffca4962a,15,soldier  molotov *,66103,0,0,0,0,0,0,,,,,,,
Ethan,75eed242-1d1c-4ba1-b8ba-27c5903847dd,15,soldier pA(50%) molotov *,66103,0,0,0,0,0,0,,,,,,,
Ethan,77bb0969-7941-42a2-99b0-f87b2b57e6d6,15,soldier  crossbow *,66103,0,0,0,0,0,0,,,,,,,
Ethan,2c0f6b79-8fec-45d3-bdc3-e3c14d54988c,15,soldier pC(100%) dynamite *,66103,0,0,0,0,0,0,,,,,,,
Ethan,211df133-99f0-433d-a3fe-b9cbb1f2aade,15,soldier pC(100%) molotov *,66103,0,0,0,0,0,0,,,,,,,
Ethan,a26fd566-8235-4453-a676-96d141c0204b,15,soldier pA(50%) molotov *,66103,0,0,0,0,0,0,,,,,,,
Ethan,da7e88df-8c6d-4611-8235-fafe5c07cbba,15,soldier pC(100%) dynamite *,66103,0,0,0,0,0,0,,,,,,,
Ethan,1375f1b8-d3b1-46e4-86a3-658ede5b78b4,15,soldier pA(50%) spiked_bat *,66103,0,0,0,0,0,0,,,,,,,
Ethan,35a6e11b-0b0d-4afa-9190-fbe69677a8dd,15,soldier  crossbow *,66103,0,0,0,0,0,0,,,,,,,
Ethan,ef1dcb74-edbb-4113-bd05-12db4c930b7b,15,brute   Red Beryl x1,66103,0,0,0,0,0,0,,,,,,,
Ethan,fcad27fb-19d3-4498-b28c-e0a846c9fe6d,15,brute   Red Beryl x1,66103,0,0,0,0,0,0,,,,,,,
Ethan,11276905-b7a3-4cec-8f70-27f67432c7cb,15,soldier   *,66103,0,0,0,0,0,0,,,,,,,
Ethan,dc3a8e3e-a8ba-4ee1-a023-09ac1d3fd8e2,15,soldier pC(100%) hatchet *,66103,0,0,0,0,0,0,,,,,,,
Ethan,049ca19a-2fa6-4f28-bc61-60a847ebb65c,15,soldier pA(50%) crossbow *,66103,0,0,0,0,0,0,,,,,,,
Ethan,886b5d1d-b847-405b-88a1-3f797c53e797,15,soldier  hatchet *,66103,0,0,0,0,0,0,,,,,,,
Ethan,e870cea0-2195-4d0c-9f05-a141dd15f723,15,soldier pC(100%) spiked_bat *,66103,0,0,0,0,0,0,,,,,,,
Ethan,2cf117f5-1702-41e5-a208-47665580b46b,15,soldier pC(100%) dynamite *,66103,0,0,0,0,0,0,,,,,,,
Ethan,bb54b67b-ed6d-4be9-a607-4bff87e6d517,15,soldier  crossbow *,66103,0,0,0,0,0,0,,,,,,,
Ethan,ca59b806-72dc-4e0e-a223-26e722c06e22,15,soldier  molotov *,66103,0,0,0,0,0,0,,,,,,,
Ethan,28d03148-0059-4e6f-a3e9-e09ba5cca841,15,brute   Red Beryl x1,66103,0,0,0,0,0,0,,,,,,,
Ethan,86dd7d8e-fe8f-469e-ac37-1f12ac4bd627,15,brute   Red Beryl x1,66103,0,0,0,0,0,0,,,,,,,
Ethan,d107a4e6-c08a-48b2-8fe2-980bf99b296c,15,soldier pA(50%) hatchet *,66103,0,0,0,0,0,0,,,,,,,
Ethan,a9a9be48-4a3d-4273-a3a3-1e591422bd0d,15,soldier pC(100%) crossbow *,66103,0,0,0,0,0,0,,,,,,,
Ethan,b9ce0d68-7c84-430b-9aca-291560ca22df,15,arana   *,66103,0,0,0,0,0,0,,,,,,,
Ethan,b79a1dda-0932-4c00-b208-2b9cfd896f92,15,arana   *,66103,0,0,0,0,0,0,,,,,,,
Ethan,dfcf1d2f-ff47-4a9d-a4f1-b0edee0b43dc,15,arana   *,66103,0,0,0,0,0,0,,,,,,,
Ethan,2d2d5cb1-d6cd-474a-aeee-3f72ffe3975d,15,arana   *,66103,0,0,0,0,0,0,,,,,,,
Ethan,f3b69a00-de0b-4f5b-822e-c61cb5d820dc,15,arana   *,66103,0,0,0,0,0,0,,,,,,,
Ethan,a480c30e-27ec-4a64-892b-9a489c3c475a,15,arana   *,66103,0,0,0,0,0,0,,,,,,,
Ethan,30866725-691a-49aa-a767-302b32c658b3,15,arana   *,66103,0,0,0,0,0,0,,,,,,,
Ethan,b070a922-1e61-4e16-961f-5cce3f84d61f,15,arana   *,66103,0,0,0,0,0,0,,,,,,,
Ethan,00329b33-ad16-40a8-916d-6a2d62f2328f,15,arana   *,66103,0,0,0,0,0,0,,,,,,,
Ethan,3e6f5b50-b347-43e0-9d91-94be6b4b8291,15,arana   *,66103,0,0,0,0,0,0,,,,,,,
Ethan,92327a96-022f-45fa-8517-3e372bcad28a,15,arana   *,66103,0,0,0,0,0,0,,,,,,,
Ethan,9d775801-7c92-4b78-823b-c9d1a856f2cb,15,arana   *,66103,0,0,0,0,0,0,,,,,,,
Ethan,1df041ad-6e1b-4c60-abd3-b3cb55c7468c,15,arana   *,66103,0,0,0,0,0,0,,,,,,,
Ethan,1bb9161e-a968-49ec-98d3-78c6a95a0bc8,15,arana   *,66103,0,0,0,0,0,0,,,,,,,
Ethan,d92d1607-d782-46ab-9448-465238ac15f2,15,novistador   *,66105,0,0,0,0,0,0,,,,,,,
Ethan,a4e76888-597f-40b4-bcef-84013235db53,15,novistador   *,66105,0,0,0,0,0,0,,,,,,,
Ethan,fd3592e7-ba57-451d-a7c4-1bab2c8f6031,15,novistador   *,66105,0,0,0,0,0,0,,,,,,,
Ethan,57f214b1-a40d-4707-9c72-33e9ad338dd3,15,novistador   *,66105,0,0,0,0,0,0,,,,,,,
Ethan,985cbd8a-0aee-4e6c-ba0b-3e6d358759ad,15,brute   *,67400,0,0,0,0,0,0,,,,,,,
Ethan,f5c8418b-37cb-4bc5-af3e-9708bf0e8e52,15,soldier  hatchet .,67301,0,0,0,0,0,0,,,,,,,
Ethan,9781eb70-cc8d-4516-8589-4c7ccf682ed3,15,soldier  shock_baton .,67301,0,0,0,0,0,0,,,,,,,
Ethan,a1475e3b-a1d4-4c7c-921a-89fe732e72a1,15,soldier  crossbow .,67301,0,0,0,0,0,0,,,,,,,
Ethan,4458a296-c84c-4a4e-8776-ec48048f9ba5,15,soldier  molotov .,67301,0,0,0,0,0,0,,,,,,,
Ethan,91cfc8fc-4eb7-4803-85ed-d362aeede214,15,soldier   .,67301,0,0,0,0,0,0,,,,,,,
Ethan,2fadca7f-2953-48f6-92b3-fc3ddac63d53,15,soldier  crossbow .,67301,0,0,0,0,0,0,,,,,,,
Ethan,12179d9f-7426-4d8d-bab2-228e17f49306,15,soldier  dynamite .,67301,0,0,0,0,0,0,,,,,,,
Ethan,dda52676-86b9-4626-af65-e998b18af181,15,soldier  spiked_bat .,67301,0,0,0,0,0,0,,,,,,,
Ethan,8a8d7f2e-51d9-426a-aeb4-698466b5573e,15,soldier  crossbow .,67301,0,0,0,0,0,0,,,,,,,
Ethan,ea315549-73ae-4128-9775-81353f8e65c4,15,regenerador   Emerald x1,67101,0,0,0,0,0,0,,,,,,regenerador iron_maiden super_iron_maiden,
Ethan,dcd1d0e4-c90a-4887-b774-7c29c07f4615,15,regenerador   Emerald x1,67101,0,0,0,0,0,0,,,,,,regenerador iron_maiden super_iron_maiden,
Ethan,fc84fb86-d102-4fdd-aefc-bd26d9a0f8e2,15,regenerador   Ruby x1,67102,0,0,0,0,0,0,,,,,,regenerador iron_maiden super_iron_maiden,
Ethan,cacb6015-b267-4fef-b6cb-d593600c704c,15,regenerador   Yellow Diamond x1,67102,0,0,0,0,0,0,,,,,,regenerador iron_maiden super_iron_maiden,
Ethan,,16,[EXTRA],68103,-108,62,-134,0,0,0,,0c9f2efc-b089-4b97-9d0b-ec09d81b7c3b,,,,,ashleyunsafe
Ethan,,16,[EXTRA],68103,-114,62,-136,0,0,0,,0c9f2efc-b089-4b97-9d0b-ec09d81b7c3b,,,,,ashleyunsafe
Ethan,,16,[EXTRA],68103,-109,62,-140,0,0,0,,0c9f2efc-b089-4b97-9d0b-ec09d81b7c3b,,,,,ashleyunsafe
Ethan,,16,[EXTRA],68103,-103,66,-134,0,0,0,,0c9f2efc-b089-4b97-9d0b-ec09d81b7c3b,,,,,ashleyunsafe
Ethan,,16,[EXTRA],68103,-103,66,-138,0,0,0,,0c9f2efc-b089-4b97-9d0b-ec09d81b7c3b,,,,,ashleyunsafe
Ethan,,16,[EXTRA],68103,-107,66,-144,0,0,0,,0c9f2efc-b089-4b97-9d0b-ec09d81b7c3b,,,,,ashleyunsafe
Ethan,,16,[EXTRA],68103,-115,66,-144,0,0,0,,0c9f2efc-b089-4b97-9d0b-ec09d81b7c3b,,,,,ashleyunsafe
Ethan,,16,[EXTRA],68201,-121,66,-147,0,0,0,,0c9f2efc-b089-4b97-9d0b-ec09d81b7c3b,,,,,ashleyunsafe
Ethan,,16,[EXTRA],68300,-133,62,-171,0,0,0,,0c9f2efc-b089-4b97-9d0b-ec09d81b7c3b,,,,,ashleyunsafe
Ethan,,16,[EXTRA],68204,-155,66,-190,0,0,0,,0c9f2efc-b089-4b97-9d0b-ec09d81b7c3b,,,,,ashleyunsafe
Ethan,,16,[EXTRA],68204,-165,66,-186,0,0,0,,0c9f2efc-b089-4b97-9d0b-ec09d81b7c3b,,,,,ashleyunsafe
Ethan,,16,[EXTRA],68206,-182,66,-187,0,0,0,,0c9f2efc-b089-4b97-9d0b-ec09d81b7c3b,,,,,ashleyunsafe
Ethan,,16,[EXTRA],68204,-173,66,-185,0,0,0,,0c9f2efc-b089-4b97-9d0b-ec09d81b7c3b,,,,,ashleyunsafe
Ethan,,16,[EXTRA],68206,-185,66,-179,0,0,0,,0c9f2efc-b089-4b97-9d0b-ec09d81b7c3b,,,,,ashleyunsafe
Ethan,6b0d630d-93ec-4bc7-9690-f0f36c8d8045,16,sadler_1   .,78900,0,0,0,0,0,0,,,,,preserve noduplicate nowave,,
Ethan,8f9465b0-c28d-4a34-b004-b63c155d70fd,16,sadler_1   .,78900,0,0,0,0,0,0,,,,,preserve noduplicate nowave,,
Ethan,cacdb0fa-b472-4567-9dbd-8cb1cafa9c57,16,sadler_1   .,69900,0,0,0,0,0,0,,,,,preserve noduplicate nowave,,
Ethan,aaeee137-ceb9-4a49-a9af-590b8a809509,16,novistador   *,68000,0,0,0,0,0,0,,,,,preserve noduplicate nowave,,
Ethan,39dea5cd-c167-4541-889b-1a1aba393e54,16,novistador   *,68000,0,0,0,0,0,0,,,,,preserve noduplicate nowave,,
Ethan,109fc37b-4f6c-488e-9e85-81fbb81e6e0e,16,novistador   *,69900,0,0,0,0,0,0,,,,,preserve noduplicate nowave,,
Ethan,699d9dd3-0212-4d05-9f49-ed85d88ebb15,16,novistador   *,68000,0,0,0,0,0,0,,,,,preserve noduplicate nowave,,
Ethan,328d36d4-300d-4098-915a-566a878302b0,16,novistador   *,69900,0,0,0,0,0,0,,,,,preserve noduplicate nowave,,
Ethan,09186f55-3add-4c8e-952c-55e624b28191,16,novistador   *,69900,0,0,0,0,0,0,,,,,preserve noduplicate nowave,,
Ethan,35a9baaa-e347-4959-a3b3-afad5c621a3b,16,novistador   *,69900,0,0,0,0,0,0,,,,,preserve noduplicate nowave,,
Ethan,f130e44f-bf75-4a0a-9056-acacad838541,16,novistador   *,69900,0,0,0,0,0,0,,,,,preserve noduplicate nowave,,
Ethan,a2a5a2ac-d3d6-45d8-a44d-e3033fd4c635,16,novistador   *,68000,0,0,0,0,0,0,,,,,preserve noduplicate nowave,,
Ethan,11314255-d6a4-4bf7-bf1f-e8a6153c0d30,16,novistador   *,69900,0,0,0,0,0,0,,,,,preserve noduplicate nowave,,
Ethan,287ab003-671d-4cfa-991a-d6265186ae94,16,novistador   *,68000,0,0,0,0,0,0,,,,,preserve noduplicate nowave,,
Ethan,25c6e2db-7df4-4151-a7fd-2c38dd338b9a,16,novistador   *,68000,0,0,0,0,0,0,,,,,preserve noduplicate nowave,,
Ethan,e805ff53-66fb-482a-8825-d7423d7ee178,16,novistador   *,68000,0,0,0,0,0,0,,,,,preserve noduplicate nowave,,
Ethan,e9685463-98fa-4bfa-ab79-4e80537bbe7b,16,novistador   *,68000,0,0,0,0,0,0,,,,,preserve noduplicate nowave,,
Ethan,9e0f23fa-98d5-4d69-8d15-8f9eeae725a5,16,novistador   *,69900,0,0,0,0,0,0,,,,,preserve noduplicate nowave,,
Ethan,1c020a4e-6743-4a81-8e4d-1a666f711817,16,novistador   *,68000,0,0,0,0,0,0,,,,,preserve noduplicate nowave,,
Ethan,c9734608-38e7-4979-8188-386605abbadc,16,novistador   *,69900,0,0,0,0,0,0,,,,,preserve noduplicate nowave,,
Ethan,c8e80dd3-7d91-4a46-aa67-97a39364787f,16,novistador   *,69900,0,0,0,0,0,0,,,,,preserve noduplicate nowave,,
Ethan,1b20ca38-b99a-4751-b749-67d94d2b3714,16,novistador   *,69900,0,0,0,0,0,0,,,,,preserve noduplicate nowave,,
Ethan,f9e7dba9-9da4-4229-b402-ef4641ecaf1e,16,novistador   *,68000,0,0,0,0,0,0,,,,,preserve noduplicate nowave,,
Ethan,bd5a348e-da37-40ca-9bb6-1e31f11a007e,16,novistador   *,69900,0,0,0,0,0,0,,,,,preserve noduplicate nowave,,
Ethan,8d713b1c-3e51-47b3-9005-431507b149ad,16,sadler_2   .,68206,0,0,0,0,0,0,,,,,preserve noduplicate nowave,,
Ethan,93c11349-7eef-4794-9e59-f751398b820f,16,sadler_2   .,69900,0,0,0,0,0,0,,,,,preserve noduplicate nowave,,
Ethan,26a4117e-810e-4052-89c7-409cdfb0976c,16,sadler_3   .,69100,0,0,0,0,0,0,,,,,preserve noduplicate nowave,,
Ethan,7511d30a-6775-4f75-ab2b-9164e36ca16c,16,sadler_3   .,69100,0,0,0,0,0,0,,,,,preserve noduplicate nowave,,
Ethan,1e8ee560-c3ea-4026-bc3c-396b78e3d0a0,16,sadler_3   .,69100,0,0,0,0,0,0,,,,,preserve noduplicate nowave,,
Ethan,270c3a76-29c6-455f-9897-b967c3c6cd85,16,sadler_3   .,69100,0,0,0,0,0,0,,,,,preserve noduplicate nowave,,
Ethan,12addfca-a7ff-4679-84be-2afe6dd3bcd2,16,sadler_3   .,69100,0,0,0,0,0,0,,,,,preserve noduplicate nowave,,
Ethan,18483b92-b870-4533-ac97-20894536f1cc,16,sadler_3   .,69100,0,0,0,0,0,0,,,,,preserve noduplicate nowave,,
Ethan,0e354b84-ddc1-4d76-b1c5-525a93ab068a,16,sadler_3   .,69100,0,0,0,0,0,0,,,,,preserve noduplicate nowave,,
Ethan,90711861-a789-4f0f-b289-0be6aeda32e7,16,sadler_3   .,69100,0,0,0,0,0,0,,,,,preserve noduplicate nowave,,
Ethan,,16,[EXTRA] SADDLER ARENA,69900,-224,52,-195,0,0,0,0c9f2efc-b089-4b97-9d0b-ec09d81b7c3b,,,,,fodder elite boss,
Ethan,,16,[EXTRA],69900,-219,52,-196,0,0,0,0c9f2efc-b089-4b97-9d0b-ec09d81b7c3b,,,,,fodder elite boss,
Ethan,,16,[EXTRA],69900,-218,52,-209,0,0,0,0c9f2efc-b089-4b97-9d0b-ec09d81b7c3b,,,,,fodder elite boss,
Ethan,,16,[EXTRA],69900,-224,52,-221,0,0,0,0c9f2efc-b089-4b97-9d0b-ec09d81b7c3b,,,,,fodder elite boss,
Ethan,,16,[EXTRA],69900,-214,52,-222,0,0,0,0c9f2efc-b089-4b97-9d0b-ec09d81b7c3b,,,,,fodder elite boss,
Ethan,,16,[EXTRA],69900,-208,52,-228,0,0,0,0c9f2efc-b089-4b97-9d0b-ec09d81b7c3b,,,,,fodder elite boss,
Ethan,,16,[EXTRA],69900,-200,52,-226,0,0,0,0c9f2efc-b089-4b97-9d0b-ec09d81b7c3b,,,,,fodder elite boss,
Ethan,,16,[EXTRA] SADDLER ARENA // 2F Ladder Guard,69900,-222,56,-179,0,0,0,0c9f2efc-b089-4b97-9d0b-ec09d81b7c3b,,,,,,climber fodder
Ethan,,16,[EXTRA] SADDLER ARENA // 2F Ambush Far,69900,-220,56,-171,0,0,0,0c9f2efc-b089-4b97-9d0b-ec09d81b7c3b,,,,,,climber fodder
Ethan,,16,[EXTRA] SADDLER ARENA // 2F Ambush Near,69900,-212,56,-171,0,0,0,0c9f2efc-b089-4b97-9d0b-ec09d81b7c3b,,,,,,climber fodder
Ethan,,16,[EXTRA],69900,-232,54,-223,0,0,0,0c9f2efc-b089-4b97-9d0b-ec09d81b7c3b,,,,,,climber fodder
Ethan,,16,[EXTRA],69900,-234,54,-215,0,0,0,0c9f2efc-b089-4b97-9d0b-ec09d81b7c3b,,,,,,climber fodder
Ethan,,16,[EXTRA],69900,-233,54,-207,0,0,0,0c9f2efc-b089-4b97-9d0b-ec09d81b7c3b,,,,,,climber fodder
Ethan,,16,[EXTRA],69900,-233,54,-195,0,0,0,0c9f2efc-b089-4b97-9d0b-ec09d81b7c3b,,,,,,climber fodder
Ethan,4a1692cd-ebe4-4cdb-8257-381a263c8e6b,16,viper   Viper x1,67102,0,0,0,0,0,0,,,,,noduplicate,,
Ethan,3560fb87-cb28-4ac9-ada7-bc40c7df1f17,16,soldier  crossbow *,67301,0,0,0,0,0,0,,,,,,,ashleyunsafe krauser_1
Ethan,745fcd3c-5617-4f82-981c-940583962e66,16,soldier  crossbow *,67104,0,0,0,0,0,0,,,,,,,ashleyunsafe krauser_1
Ethan,8ef2a59c-6f28-4a46-abaa-b60120e49a78,16,soldier  crossbow *,67200,0,0,0,0,0,0,,,,,,,ashleyunsafe krauser_1
Ethan,215fac59-d907-45af-a30f-f10daec76070,16,soldier  crossbow *,67200,0,0,0,0,0,0,,,,,,,ashleyunsafe krauser_1
Ethan,ea34d9d5-9ace-4504-8a33-06870876a6e8,16,soldier pA(20%) crossbow *,67400,0,0,0,0,0,0,,,,,,,ashleyunsafe krauser_1
Ethan,b1493634-f5e1-4572-b06a-721bef7ce32c,16,soldier  rpg *,67400,0,0,0,0,0,0,,,,,,,ashleyunsafe krauser_1
Ethan,f4d4ffba-dc60-433b-89b5-3055f953f11c,16,soldier  rpg *,67104,0,0,0,0,0,0,,,,,,,ashleyunsafe krauser_1
Ethan,7b5af154-af61-4018-8762-f76ad13682cf,16,soldier  rpg *,67400,0,0,0,0,0,0,,,,,,,ashleyunsafe krauser_1
Ethan,651ede73-5e3d-49b5-828e-402a9aeeaf13,16,soldier  crossbow *,67301,0,0,0,0,0,0,,,,,,,ashleyunsafe krauser_1
Ethan,f687a9c9-b223-428a-8310-ee5f69c001c8,16,soldier pB(100%) spiked_bat *,67400,0,0,0,0,0,0,,,,,,,ashleyunsafe krauser_1
Ethan,2bb1caf0-3bf2-4693-a521-4571a3cb7ec2,16,soldier  hatchet | iron_shield *,67400,0,0,0,0,0,0,,,,,,,ashleyunsafe krauser_1
Ethan,1c340e97-1354-4b43-9b1b-5ea04ece9543,16,soldier  hatchet | iron_shield *,67400,0,0,0,0,0,0,,,,,,,ashleyunsafe krauser_1
Ethan,30236c87-2da4-4740-af8c-1960c36e2539,16,soldier pA(40%) crossbow *,67400,0,0,0,0,0,0,,,,,,,ashleyunsafe krauser_1
Ethan,18d05c99-bc67-498e-9358-cb5321f5c341,16,soldier pA(40%) dynamite *,67400,0,0,0,0,0,0,,,,,,,ashleyunsafe krauser_1
Ethan,e05ac731-793c-4c30-981a-f9dd5d5904e8,16,soldier pA(40%) crowbar *,67501,0,0,0,0,0,0,,,,,,,ashleyunsafe krauser_1
Ethan,cd4d470d-3d09-4963-8ab5-b2074493684d,16,soldier pA(80%) shock_baton *,67400,0,0,0,0,0,0,,,,,,,ashleyunsafe krauser_1
Ethan,4680cade-76b6-48ed-a1b7-1d2d0cf8706c,16,soldier pA(80%) shock_baton *,67400,0,0,0,0,0,0,,,,,,,ashleyunsafe krauser_1
Ethan,c6887845-e6eb-4697-a744-488c6525b00e,16,soldier pA(80%) hatchet | iron_shield *,67400,0,0,0,0,0,0,,,,,,,ashleyunsafe krauser_1
Ethan,da0e8f62-d399-4852-9af7-425a6ad173d7,16,soldier  crowbar *,67501,0,0,0,0,0,0,,,,,,,ashleyunsafe krauser_1
Ethan,94b8da68-9711-4d92-a957-fc8ccb027777,16,novistador   *,67301,0,0,0,0,0,0,,,,,,,ashleyunsafe krauser_1
Ethan,dcfb1c00-edcb-4021-ac30-34f5bfec6ab3,16,novistador   *,67200,0,0,0,0,0,0,,,,,,,ashleyunsafe krauser_1
Ethan,68ce18ea-27db-4ce0-98d7-315a60fb8a63,16,novistador   *,67200,0,0,0,0,0,0,,,,,,,ashleyunsafe krauser_1
Ethan,5b76d39c-6685-4996-85e1-e67cd6de5b93,16,novistador   *,67200,0,0,0,0,0,0,,,,,,,ashleyunsafe krauser_1
Ethan,a84230b8-58b0-4cae-b322-4104a5021dad,16,novistador   *,67104,0,0,0,0,0,0,,,,,,,ashleyunsafe krauser_1
Ethan,d349172f-b111-4274-b0e3-332901c8c6cb,16,novistador   *,67200,0,0,0,0,0,0,,,,,,,ashleyunsafe krauser_1
Ethan,bdf1211a-242e-4520-bd8a-a523d601188f,16,novistador   *,67500,0,0,0,0,0,0,,,,,,,ashleyunsafe krauser_1
Ethan,e31d7afd-b35a-45e5-90bc-ea03de5fb8cf,16,novistador   *,67500,0,0,0,0,0,0,,,,,,,ashleyunsafe krauser_1
Ethan,b6910804-d481-4b01-ba1b-c064ed7ba225,16,novistador   *,67500,0,0,0,0,0,0,,,,,,,ashleyunsafe krauser_1
Ethan,89603213-8655-4f7a-ace6-c16c8394256e,16,brute   Emerald x1,67104,0,0,0,0,0,0,,,,,,,ashleyunsafe krauser_1
Ethan,723a0c13-f272-4be1-9a0e-acb9a152a597,16,brute   Alexandrite x1,67500,0,0,0,0,0,0,,,,,,,ashleyunsafe krauser_1
Ethan,08a3217d-bc31-44f6-b359-fad635ed88b5,16,soldier  crowbar *,67104,0,0,0,0,0,0,,,,,,,ashleyunsafe krauser_1
Ethan,eb435fd3-dee9-4da4-a957-8bd5bb43a36e,16,soldier  crowbar *,67301,0,0,0,0,0,0,,,,,,,ashleyunsafe krauser_1
Ethan,8032629e-accb-45a1-845b-df495704b7ad,16,soldier pC(100%) hatchet | iron_shield *,67104,0,0,0,0,0,0,,,,,,,ashleyunsafe krauser_1
Ethan,71833591-ac73-40fa-9193-dea81e6e481c,16,soldier pC(100%) shock_baton *,67104,0,0,0,0,0,0,,,,,,,ashleyunsafe krauser_1
Ethan,73728a7b-ee5f-489b-8670-514865323a65,16,soldier pC(100%)  *,67104,0,0,0,0,0,0,,,,,,,ashleyunsafe krauser_1
Ethan,c67d8856-b3e4-46a9-bc75-07150282c757,16,soldier pB(100%)  *,67500,0,0,0,0,0,0,,,,,,,ashleyunsafe krauser_1
Ethan,61cfe6c8-73a2-4ec9-9920-25cdc2b01023,16,arana   *,67400,0,0,0,0,0,0,,,,,,,ashleyunsafe krauser_1
Ethan,cdfee9e6-851e-4400-bd99-b72d860980e7,16,arana   *,67400,0,0,0,0,0,0,,,,,,,ashleyunsafe krauser_1
Ethan,a6f9a27f-f4da-4b37-a3b1-2097505cfa33,16,arana   *,67400,0,0,0,0,0,0,,,,,,,ashleyunsafe krauser_1
Ethan,dc487513-8b40-49e5-b9c0-3d220567f87c,16,novistador   *,68300,0,0,0,0,0,0,,,,,,,ashleyunsafe krauser_1
Ethan,ed898753-fc0a-488a-9a76-ebed8b036e70,16,novistador   *,68300,0,0,0,0,0,0,,,,,,,ashleyunsafe krauser_1
Ethan,12e8fe39-e938-4b31-9010-889a1bb7af46,16,novistador   *,68300,0,0,0,0,0,0,,,,,,,ashleyunsafe krauser_1
Ethan,70966d22-e5b4-48b7-820a-79d4e36a24ab,16,novistador   *,68203,0,0,0,0,0,0,,,,,,,ashleyunsafe krauser_1
Ethan,761d0853-7f99-4dca-b5c3-b74e5b54f515,16,novistador   *,68203,0,0,0,0,0,0,,,,,,,ashleyunsafe krauser_1
Ethan,6d942f32-e2d3-4f0d-ae2e-1a5a446b8904,16,soldier   *,59102,0,0,0,0,0,0,,,,,,,ashleyunsafe krauser_1
Ethan,b746d1f8-5b14-4523-8f06-25dff8203f73,16,soldier   *,59102,0,0,0,0,0,0,,,,,,,ashleyunsafe krauser_1
Ethan,8945bb73-3865-4550-992b-0747a5e8dcc8,16,soldier   *,59102,0,0,0,0,0,0,,,,,,,ashleyunsafe krauser_1
Ethan,0d5b9e8d-8a47-48ec-a069-53850a2e4f92,16,soldier   *,59102,0,0,0,0,0,0,,,,,,,ashleyunsafe krauser_1
Ethan,160cdf27-df6a-4bed-bb81-5c8bf433a983,16,soldier   *,59102,0,0,0,0,0,0,,,,,,,ashleyunsafe krauser_1
Ethan,a7314bb0-95e5-4d0c-ae4c-1b43e55bad6c,16,soldier   *,59200,0,0,0,0,0,0,,,,,,,ashleyunsafe krauser_1
Ethan,c6a3eac1-6f94-4eed-b02d-1b1e4efbc2c6,16,soldier   *,59200,0,0,0,0,0,0,,,,,,,ashleyunsafe krauser_1
Ethan,af6f1c17-64de-4145-8bad-fac5dcf42094,16,soldier   *,59103,0,0,0,0,0,0,,,,,,,ashleyunsafe krauser_1
Ethan,1c07eb0a-7f8d-4978-84f0-02a2e8705d56,16,soldier   *,59103,0,0,0,0,0,0,,,,,,,ashleyunsafe krauser_1
,,,,,,,,,,,,,,,,,
Ethan,,-1,[EXTRA] Extra Spawn After Barbedwire Crawl,40510,-176.6,10.1,77.3,0,-85.2,0,,,,01_Village.CP1.StartVanilla.CP102_HuntingCabin.Event.EasyEvent.KitchenGuardian,noduplicate nowave,small,
Ethan,,-1,[EXTRA] Extra Spawn After Barbedwire Crawl,40510,-185.5,10,71.2,0,77.2,0,,,,01_Village.CP1.StartVanilla.CP102_HuntingCabin.Event.EasyEvent.KitchenGuardian,aggroed nowave,fodder,
Ethan,,-1,[EXTRA] Extra Spawn Charging down stairs,40510,-182.2,13.5,66.1,0,-86.4,0,,,,01_Village.CP1.StartVanilla.CP102_HuntingCabin.Event.EasyEvent.StairsAmbush,aggroed noduplicate nowave,small,
Ethan,,-1,[EXTRA] Extra Spawn Charging down stairs,40510,-182.2,13.5,67.7,0,-86.4,0,,,,01_Village.CP1.StartVanilla.CP102_HuntingCabin.Event.EasyEvent.StairsAmbush,aggroed noduplicate nowave,fodder,
Ethan,,-1,[EXTRA] Extra Spawn locking down basement battle arena,40510,-188.6,6.5,90.6,0,147.5,0,,,,01_Village.CP1.StartVanilla.CP102_HuntingCabin.Event.MediumEvent.BasementAmbush,aggroed noduplicate nowave guardian,fodder,
Ethan,,-1,[EXTRA] Extra Spawn locking down basement battle arena,40510,-188.6,6.5,87.6,0,121.6,0,,,,01_Village.CP1.StartVanilla.CP102_HuntingCabin.Event.MediumEvent.BasementAmbush,aggroed noduplicate nowave guardian,fodder,
Ethan,,-1,[EXTRA] Extra Spawn After Barbedwire Crawl,40502,-197.4,10,80.7,0,-2,0,,,,01_Village.CP1.StartVanilla.CP102_HuntingCabin.Event.MediumEvent.PorchKeyHunt|Porch,aggroed noduplicate nowave guardian,fodder,
Ethan,,-1,[EXTRA] Extra Spawn After Barbedwire Crawl,40502,-191.5,9.7,90.6,0,-80.5,0,,,,01_Village.CP1.StartVanilla.CP102_HuntingCabin.Event.MediumEvent.PorchKeyHunt|Porch,aggroed noduplicate nowave guardian,fodder,
Ethan,,-1,[EXTRA] Extra Spawn After Barbedwire Crawl,40502,-199.6,9.8,73.9,0,-17.8,0,,,,01_Village.CP1.StartVanilla.CP102_HuntingCabin.Event.MediumEvent.PorchKeyHunt|Porch,aggroed noduplicate nowave guardian,fodder,
Ethan,,-1,[EXTRA] Key holder in kitchen,40510,-183,10,80,0,0,0,,,,01_Village.CP1.StartVanilla.CP102_HuntingCabin.Event.MediumEvent.PorchKeyHunt|Guardain,aggroed noduplicate nowave guardian,,noitem* boss dog*
Ethan,,-1,[EXTRA] Extra Spawn Side room fodder,40510,-190,10,76.6,0,0,0,,,,01_Village.CP1.StartVanilla.CP102_HuntingCabin.Event.HardEvent.PorchKeyHunt,aggroed nowave,fodder,
Ethan,,-1,[EXTRA] Extra Spawn Side room fodder,40510,-190,10,74.6,0,0,0,,,,01_Village.CP1.StartVanilla.CP102_HuntingCabin.Event.HardEvent.PorchKeyHunt,aggroed nowave,fodder,
Ethan,,-1,[EXTRA] Extra Spawn Porch Keyholder Guardian,40502,-209.4,8.9,79.2,0,54.5,0,,,,01_Village.CP1.StartVanilla.CP102_HuntingCabin.Event.HardEvent.PorchKeyHunt,noduplicate nowave guardian,elite,
Ethan,,-1,[EXTRA] Extra Spawn Bait to Porch,40510,-193.6,10,71.1,0,84.8,0,,,,01_Village.CP1.StartVanilla.CP102_HuntingCabin.Event.HardEvent.PorchKeyHunt,noduplicate nowave,fodder,
Ethan,,-1,[EXTRA] Extra Spawn Coming from Window,40510,-176.5,13.5,67.5,0,-177,0,,,,01_Village.CP1.StartVanilla.CP103_PathVillage.Event.WindowClimbers,aggroed noduplicate,climber,
Ethan,,-1,[EXTRA] Extra Spawn Coming from Window,40510,-178,13.5,67.5,0,-177,0,,,,01_Village.CP1.StartVanilla.CP103_PathVillage.Event.WindowClimbers,aggroed noduplicate,climber,
Ethan,,-1,[EXTRA] Extra Spawn Coming from Merchant,40502,-177,9.7,63.9,0,174.7,0,,,,01_Village.CP1.StartVanilla.CP103_PathVillage.Event.Ambush,aggroed nowave,small,
Ethan,,-1,[EXTRA] Extra Spawn Coming from Merchant,40502,-178,9.7,63.9,0,174.7,0,,,,01_Village.CP1.StartVanilla.CP103_PathVillage.Event.Ambush,aggroed nowave,small,
Ethan,,-1,[EXTRA] Extra Spawn Bridge Novi Ambush,40504,-154.5,10,48.7,0,-9,0,,,,01_Village.CP1.StartVanilla.CP103_PathVillage.Event.Bridge,aggroed nowave noduplicate,novistador,
Ethan,,-1,[EXTRA] Extra Spawn Bridge Novi Ambush,40504,-156,9.4,60,0,165,0,,,,01_Village.CP1.StartVanilla.CP103_PathVillage.Event.Bridge,aggroed nowave noduplicate,novistador,
Ethan,,-1,[EXTRA] Extra Spawn Door Ambush,40504,-133,7.4,55.8,0,146.5,0,,,,01_Village.CP1.StartVanilla.CP103_PathVillage.Event.Door1,aggroed nowave guardian,dog,
Ethan,,-1,[EXTRA] Extra Spawn Door2 Ambush,40530,-115.5,10,53.7,0,99,0,,,,01_Village.CP1.StartVanilla.CP103_PathVillage.Event.Door2,aggroed nowave guardian,arana,
Ethan,,-1,[EXTRA] Extra Spawn Door2 Ambush,40530,-115.2,10,56.8,0,99,0,,,,01_Village.CP1.StartVanilla.CP103_PathVillage.Event.Door2,aggroed nowave guardian,arana,
Ethan,,-1,[EXTRA] Extra Spawn Wall climb ambush,40530,-109.29,7.26,55.2,0,110,0,,,,01_Village.CP1.StartVanilla.CP103_PathVillage.Level.OvertheWall|EnemySpawns,aggroed,Small,
Ethan,,-1,[EXTRA] Extra Spawn Wall climb ambush,40530,-110.77,7.29,53.57,0,94,0,,,,01_Village.CP1.StartVanilla.CP103_PathVillage.Level.OvertheWall|EnemySpawns,aggroed,fodder,
Ethan,,-1,[EXTRA] Extra Spawn Wall climb ambush,40504,-117.63,6.37,31.91,0,48,0,,,,01_Village.CP1.StartVanilla.CP103_PathVillage.Level.OvertheWall|EnemySpawns,aggroed,,boss dog*
Ethan,,-1,[EXTRA] Extra Spawn Wall climb ambush,40504,-106.49,6.7,44.68,0,-114,0,,,,01_Village.CP1.StartVanilla.CP103_PathVillage.Level.OvertheWall|EnemySpawns,,small,
Ethan,,-1,[EXTRA] Merchant Ambush Enemy,40200,13.5,0,-17,0,76.6,0,,,,01_Village.CP1.StartVanilla.CP105_AfterSiege.Event.MerchantAmbush_0,aggroed noduplicate nowave guardian,fodder,
Ethan,,-1,[EXTRA] Merchant Ambush Enemy,40200,15.8,0,-6.8,0,177,0,,,,01_Village.CP1.StartVanilla.CP105_AfterSiege.Event.MerchantAmbush_0,aggroed,,boss
Ethan,,-1,[EXTRA] Merchant2 Ambush Enemy,40200,30,2,-21.1,0,-111.2,0,,,,01_Village.CP1.StartVanilla.CP105_AfterSiege.Event.MerchantAmbush_1,aggroed noduplicate,small,
Ethan,,-1,[EXTRA] Merchant2 Ambush Enemy,40200,25.1,2.2,-31.5,0,21.2,0,,,,01_Village.CP1.StartVanilla.CP105_AfterSiege.Event.MerchantAmbush_1,aggroed noduplicate,small,
Ethan,,-1,[EXTRA] Merchant3 Ambush Enemy,40200,18.1,0.6,-16,0,152,0,,,,01_Village.CP1.StartVanilla.CP105_AfterSiege.Event.MerchantAmbush_2,aggroed guardian,,novistador mendez_chase* boss dog*
Ethan,,-1,[EXTRA] Merchant3 Ambush Enemy,40200,18.1,0.6,-16,0,152,0,,,,01_Village.CP1.StartVanilla.CP105_AfterSiege.Event.MerchantAmbush_2,aggroed ,,mendez_chase* boss dog*
Ethan,,-1,,43301,45.65,5.43,-156.38,0,106,0,,,,01_Village.CP1.StartVanilla.CP107_Rare.Event.Cabin|LockDoorEvent,aggroed ,villager villager_range zealot zealot_shield zealot_red soldier soldier_shield brute brute_hammer brute_jj brute_range brute_weapon,
Ethan,,-1,[EXTRA] Mini boss that spawns in cabin battle arena,43311,54.5,5.5,-159,0,0,0,,,battle.cabin.1F,01_Village.CP1.StartVanilla.CP107_Rare.Event.Cabin|LockDoorEvent,aggroed noduplicate nowave guardian,brute brute_hammer brute_jj chainsaw regenerador,dog*
Ethan,,-1,[EXTRA] Mini boss that spawns in cabin battle arena,43311,54.5,5.5,-159,0,0,0,,,battle.cabin.1F,01_Village.CP1.StartVanilla.CP107_Rare.Event.Cabin|LockDoorEvent,aggroed noduplicate nowave guardian,brute brute_hammer brute_jj chainsaw regenerador,dog*
Ethan,,-1,,43301,45.65,5.43,-156.38,0,106,0,,,,01_Village.CP1.StartVanilla.CP107_Rare.Event.Cabin2|LockDoorEvent,aggroed ,villager villager_range zealot zealot_shield zealot_red soldier soldier_shield brute brute_hammer brute_jj brute_range brute_weapon,
Ethan,,-1,,43301,59.53,5.39,-152.63,0,-165,0,,,,01_Village.CP1.StartVanilla.CP107_Rare.Event.Cabin2|LockDoorEvent,aggroed ,villager villager_range zealot zealot_shield zealot_red soldier soldier_shield brute brute_hammer brute_jj brute_range brute_weapon,
Ethan,,-1,,43311,59.65,9.5,-158.59,0,-179,0,,,,01_Village.CP1.StartVanilla.CP107_Rare.Event.Cabin2|LockDoorEvent,aggroed ,villager villager_range zealot zealot_shield zealot_red soldier soldier_shield brute brute_hammer brute_jj brute_range brute_weapon,
Ethan,,-1,,43311,53.24,9.5,-159.16,0,-179,0,,,battle.cabin2.1F,01_Village.CP1.StartVanilla.CP107_Rare.Event.Cabin2|LockDoorEvent,aggroed noduplicate nowave guardian,small,dog* mendez_chase* boss
Ethan,,-1,[EXTRA] Farm Extra Arena Fight,43310,61.7,3.2,-81.5,0,93.2,0,,,battle.farm,01_Village.CP1.StartVanilla.CP107_Rare.Event.Farm|Guardian,noduplicate guardian nowave,chainsaw,
Ethan,,-1,[EXTRA] Farm Extra Arena Fight,43310,65.58,6.7,-78.86,0,145,0,,,,01_Village.CP1.StartVanilla.CP107_Rare.Event.Farm|Adds,aggroed guardian,villager villager_range zealot zealot_shield zealot_red soldier soldier_shield brute brute_hammer brute_jj brute_range brute_weapon,
Ethan,,-1,[EXTRA] Farm Extra Arena Fight,43310,68.14,6.81,-76.92,0,142,0,,,,01_Village.CP1.StartVanilla.CP107_Rare.Event.Farm|Adds,aggroed guardian,villager villager_range zealot zealot_shield zealot_red soldier soldier_shield brute brute_hammer brute_jj brute_range brute_weapon,
Ethan,,-1,[EXTRA] LakesideBattleArena Gate Locker,43400,219.6,-7.5,-96.2,0,-176.6,0,,,,01_Village.CP1.StartVanilla.CP108_FarmToLakeside.Event.TunnelMendez|TunnelEnd,noduplicate nowave guardian,,dog* mendez_chase* boss
Ethan,,-1,[EXTRA] LakesideBattleArena Mendez,43303,142.54,-5.66,-123.86,0,40,0,,,,01_Village.CP1.StartVanilla.CP108_FarmToLakeside.Event.TunnelMendez|MendezSpawn,noduplicate,mendez_chase,
Ethan,,-1,[EXTRA] LakesideBattleArena Mendez,43303,143.37,-5.68,-123.02,0,41,0,,,,01_Village.CP1.StartVanilla.CP108_FarmToLakeside.Event.TunnelMendez|MendezSpawn,noduplicate,mendez_chase,
Ethan,,-1,[EXTRA] LakesideBattleArena Gate Locker,43303,142.54,-5.66,-123.86,0,40,0,,,,01_Village.CP1.StartVanilla.CP108_FarmToLakeside.Event.TunnelAmbush,nowave guardian,fodder,
Ethan,,-1,[EXTRA] LakesideBattleArena Gate Locker,43303,143.37,-5.68,-123.02,0,41,0,,,,01_Village.CP1.StartVanilla.CP108_FarmToLakeside.Event.TunnelAmbush,nowave guardian,small,
Ethan,,-1,[EXTRA] Factory entrance,44210,0.6,-0.8,182.9,0,0,0,,,,01_Village.CP2.StartVanilla.CP202_DynamiteValley.Level.FactoryReturn|HexGuardian,,small,
Ethan,,-1,[EXTRA] Factory side,44210,-8.5,-0.8,178,0,0,0,,,,01_Village.CP2.StartVanilla.CP202_DynamiteValley.Level.FactoryReturn|HexGuardian,,,
Ethan,,-1,[EXTRA] Factory after window,44210,-5.9,-0.8,185.2,0,0,0,,,,01_Village.CP2.StartVanilla.CP202_DynamiteValley.Level.FactoryReturn|HexGuardian,,,
Ethan,,-1,[EXTRA] Factory near sliding door,44210,-8.1,-0.7,194.8,0,0,0,,,,01_Village.CP2.StartVanilla.CP202_DynamiteValley.Level.FactoryReturn|HexGuardian,,,
Ethan,,-1,[EXTRA] Factory bridge,44410,19,-6,211,0,131,0,,,,01_Village.CP2.StartVanilla.CP202_DynamiteValley.Level.FactoryReturn|HexGuardian,,small,
Ethan,,-1,[EXTRA] Factory bridge,44410,13,-6,216,0,136,0,,,,01_Village.CP2.StartVanilla.CP202_DynamiteValley.Level.FactoryReturn|HexGuardian,,,
Ethan,,-1,[EXTRA] Guardian at chapter start,44410,5,-6,231,0,-141,0,,,battle.factory.key,01_Village.CP2.StartVanilla.CP202_DynamiteValley.Level.FactoryReturn|HexGuardian,noduplicate nowave guardian,,big dog* noitem*
Ethan,,-1,[EXTRA] test,44400,65.06,-7.74,225.92,0,36,0,,,battle.dynamitehex,01_Village.CP2.StartVanilla.CP202_DynamiteValley.Level.Shutter|HexGuardian,noduplicate nowave guardian,,noitem*
Ethan,,-1,[EXTRA] test,44400,65.06,-7.74,225.92,0,36,0,,,battle.dynamitehexdoor,01_Village.CP2.StartVanilla.CP202_DynamiteValley.Level.Shutter|Event,noduplicate nowave guardian,small,
Ethan,,-1,[EXTRA] MendezHouse Ambush Hex Guardian,44110,12.4,12.86,104.71,0,164,0,,,battle.hexshuffleguardian,01_Village.CP2.StartVanilla.CP202_DynamiteValley.Level.HexShuffle|WayBack,aggroed noduplicate nowave guardian,brute brute_hammer brute_jj chainsaw regenerador,noitem*
Ethan,,-1,[EXTRA] MendezHouse Ambush Fodder,44110,2.76,8.88,96.07,0,-19,0,,,,01_Village.CP2.StartVanilla.CP202_DynamiteValley.Level.HexShuffle|WayBack,aggroed nowave,fodder,
Ethan,,-1,[EXTRA] MendezHouse Ambush Fodder,44101,17.27,8.8,99.47,0,-104,0,,,,01_Village.CP2.StartVanilla.CP202_DynamiteValley.Level.HexShuffle|WayBack,aggroed nowave,small,
Ethan,,-1,[EXTRA] Valley Marble Guardian,44400,65.06,-7.74,225.92,0,36,0,,,battle.dynamitehex,01_Village.CP2.StartVanilla.CP202_DynamiteValley.Level.HexShuffle|Marble,noduplicate nowave guardian,brute brute_hammer brute_jj chainsaw regenerador chainsaw_mad gold-armadura krauser_1,noitem*
Ethan,,-1,[EXTRA] Mendez House Ambusher,44101,16,8.9,99.3,0,-106.3,0,,,,01_Village.CP3.StartVanilla.CP301_MendezHouse.Event.Ambush,,,
Ethan,,-1,[EXTRA] Mendez House Ambusher,44110,11.6,8.9,106.3,0,-180,0,,,,01_Village.CP3.StartVanilla.CP301_MendezHouse.Event.Ambush,,,
Ethan,,-1,[EXTRA] Mendez House Ambusher,44110,1.2,8.9,105.8,0,152.6,0,,,,01_Village.CP3.StartVanilla.CP301_MendezHouse.Event.Ambush,,,
Ethan,,-1,[EXTRA] Mendez House guard,44101,-11.4,8.1,91.6,0,70.6,0,,,,01_Village.CP3.StartVanilla.CP301_MendezHouse.Event.Guard,,,
Ethan,,-1,[EXTRA] Mendez House guard,44101,-12.4,8.1,94.2,0,70.6,0,,,,01_Village.CP3.StartVanilla.CP301_MendezHouse.Event.Guard,,,
Ethan,,-1,[EXTRA] Mendez House guard,44101,-6.8,8.7,105.4,0,-111.7,0,,,,01_Village.CP3.StartVanilla.CP301_MendezHouse.Event.Guard,,,
Ethan,,-1,[EXTRA] Mendez House dog stare,44101,2.2,8.8,90.3,0,106.6,0,,,,01_Village.CP3.StartVanilla.CP301_MendezHouse.Event.Dogstare,,,
Ethan,,-1,[EXTRA] Mendez House dog stare,44101,2.2,8.8,89,0,77.9,0,,,,01_Village.CP3.StartVanilla.CP301_MendezHouse.Event.Dogstare,,,
Ethan,,-1,[EXTRA] Mendez House dog stare,44101,3,8.8,88,0,106.6,0,,,,01_Village.CP3.StartVanilla.CP301_MendezHouse.Event.Dogstare,,,
Ethan,,-1,[EXTRA] Mendez House outside,44101,-11.4,8.1,92.9,0,54.6,0,,,,01_Village.CP3.StartVanilla.CP301_MendezHouse.Event.Outside,,,
Ethan,,-1,[EXTRA] Mendez House outside,44101,-12,8.4,107.4,0,121.9,0,,,,01_Village.CP3.StartVanilla.CP301_MendezHouse.Event.Outside,,,
Ethan,,-1,[EXTRA] Mendez connector (behind),44101,-15.5,7.9,91.1,0,-137,0,,,,01_Village.CP3.StartVanilla.CP302_MendezConnector.Event.Ambush,aggroed,,boss
Ethan,,-1,[EXTRA] Mendez connector (behind),44101,-15.5,7.9,91.1,0,-137,0,,,,01_Village.CP3.StartVanilla.CP302_MendezConnector.Event.Ambush,aggroed,,boss
Ethan,,-1,[EXTRA] Mendez connector (boss),44100,-10.8,2.8,36.7,0,0,0,,,,01_Village.CP3.StartVanilla.CP302_MendezConnector.Event.Ambush,noduplicate nowave guardian,elite,dog*
Ethan,,-1,[EXTRA] Mendez connector (ahead),44100,-11.4,2.8,40.6,0,-23.3,0,,,,01_Village.CP3.StartVanilla.CP302_MendezConnector.Event.Ambush,aggroed,,boss
Ethan,,-1,[EXTRA] Mendez connector (ahead),44100,-11.4,2.8,40.6,0,-23.3,0,,,,01_Village.CP3.StartVanilla.CP302_MendezConnector.Event.Ambush,aggroed,,boss
Ethan,,-1,[EXTRA] Mendez Behind,44100,-15.5,7.9,91.1,0,-137,0,,,,01_Village.CP3.StartVanilla.CP302_MendezConnector.Event.Mendez,noduplicate aggroed,mendez_chase,
Ethan,,-1,[EXTRA] Cave Bugs,44100,-18.1,4.9,74.1,0,-21.7,0,,,,01_Village.CP3.StartVanilla.CP302_MendezConnector.Event.Bugs,noduplicate,novistador,
Ethan,,-1,[EXTRA] Cave Bugs,44100,-17.5,4.9,66.9,0,-62.1,0,,,,01_Village.CP3.StartVanilla.CP302_MendezConnector.Event.Bugs,noduplicate,novistador,
Ethan,,-1,[EXTRA] Cave Bugs,44100,-23.5,8.3,60.9,0,62.7,0,,,,01_Village.CP3.StartVanilla.CP302_MendezConnector.Event.Bugs,noduplicate,novistador,
Ethan,,-1,[EXTRA] Cave Bugs,44100,-16,4,47,0,-53,0,,,,01_Village.CP3.StartVanilla.CP302_MendezConnector.Event.Bugs,aggroed noduplicate,arana,
Ethan,,-1,[EXTRA] Cave Bugs,44100,-17,4,46,0,-51,0,,,,01_Village.CP3.StartVanilla.CP302_MendezConnector.Event.Bugs,aggroed noduplicate,arana,
Ethan,,-1,[EXTRA] Garrador Sandwich,44100,-15.4,12,91.2,0,-145,0,,,,01_Village.CP3.StartVanilla.CP302_MendezConnector.Event.Garrador|Ambush,aggroed noduplicate,garrador,
Ethan,,-1,[EXTRA] Garrador knight,44100,-16.3,4.9,69.7,0,-19.1,0,,,,01_Village.CP3.StartVanilla.CP302_MendezConnector.Event.Garrador|Ambush,noduplicate,garrador,
Ethan,,-1,[EXTRA] Garrador Sandwich,44100,-17.6,4.9,66.2,0,-61.8,0,,,,01_Village.CP3.StartVanilla.CP302_MendezConnector.Event.Garrador|SecondSpawn,aggroed noduplicate,garrador,
Ethan,,-1,,40200,21.79,-5.55,6.54,0,-25,0,,,,01_Village.CP3.StartVanilla.CP303_VillageSquare.Event.Ambush_0,aggroed noduplicate,small,
Ethan,,-1,,40200,25.28,-5.04,2.95,0,-35,0,,,,01_Village.CP3.StartVanilla.CP303_VillageSquare.Event.Ambush_0,aggroed,fodder,
Ethan,,-1,[EXTRA] Ambush that spawns in town hall,40212,25.7,1,2.6,0,70.8,0,,,,01_Village.CP3.StartVanilla.CP303_VillageSquare.Event.Ambush_1,aggroed nowave guardian,small,big dog*
Ethan,,-1,[EXTRA] Ambush that spawns in town hall,40212,25.7,1,2.6,0,70.8,0,,,,01_Village.CP3.StartVanilla.CP303_VillageSquare.Event.Ambush_1,aggroed nowave,fodder,big dog*
Ethan,,-1,[EXTRA] Outside spawns in town hall,40213,31.67,1.01,19.54,0,178,0,,,,01_Village.CP3.StartVanilla.CP303_VillageSquare.Event.Ambush_1,aggroed nowave,small,
Ethan,,-1,[EXTRA] Outside that spawns in town hall,40200,21.3,1.03,0.82,0,75,0,,,,01_Village.CP3.StartVanilla.CP303_VillageSquare.Event.Ambush_1,aggroed nowave,small,
Ethan,,-1,[EXTRA] Church Backtrack Guardian,45200,92.8,10.03,87.96,0,-136,0,,,,01_Village.CP3.StartVanilla.CP304_GraveyardChurch.Event.Arena,guardian noduplicate nowave,,dog*
Ethan,,-1,[Guardian] Quarry Arena Guardian,45302,173.27,7.95,139.66,0,127,0,,,,01_Village.CP3.StartVanilla.CP306_Quarry.Event.Arena,aggroed noduplicate nowave guardian,mendez_2 krauser_1 krauser_2 verdugo chainsaw_mad super_iron_maiden,
Ethan,,-1,[Guardian] Quarry Arena Guardian,45302,166.77,15.54,141.4,0,102,0,,,,01_Village.CP3.StartVanilla.CP306_Quarry.Event.WallArena|Event,aggroed noduplicate nowave guardian,mendez_2 krauser_1 krauser_2 chainsaw_mad super_iron_maiden,
Ethan,,-1,[Event] Quarry Arena Extra,45302,174.47,7.95,144.28,0,164,0,,,,01_Village.CP3.StartVanilla.CP306_Quarry.Event.WallArena|Event,aggroed nowave,fodder,
Ethan,,-1,[Event] Quarry Arena Extra,45302,174.76,8,128.31,0,54,0,,,,01_Village.CP3.StartVanilla.CP306_Quarry.Event.WallArena|Event,aggroed nowave,fodder,
Ethan,,-1,[Guardian] Fish Farm Arena,45400,141.18,-5.66,48.64,0,-18,0,,,,01_Village.CP3.StartVanilla.CP307_FishFarm.Event.Arena_0|Arena,guardian noduplicate nowave,elite,
Ethan,,-1,[Guardian] Fish Farm Arena,45400,134.89,-6.07,61.79,0,144,0,,,,01_Village.CP3.StartVanilla.CP307_FishFarm.Event.Arena_1,guardian noduplicate nowave,elite,
Ethan,,-1,[Event] Cave Arena,46200,257.18,-2.63,164.35,0,-43,0,,,,01_Village.CP4.StartVanilla.CP401_Boat.DropdownVariation|event,aggroed,brute brute_hammer brute_jj chainsaw chainsaw_mad chainsaw_mad zealot zealot_shield soldier_shield soldier,
Ethan,,-1,[Event] Cave Arena,46200,249.12,-2.97,172.11,0,131,0,,,,01_Village.CP4.StartVanilla.CP401_Boat.DropdownVariation|event,aggroed,brute brute_hammer brute_jj chainsaw chainsaw_mad chainsaw_mad zealot zealot_shield soldier_shield soldier,
Ethan,,-1,[Guardian] Cave Arena,46200,249.12,-2.97,172.11,0,131,0,,,,01_Village.CP4.StartVanilla.CP401_Boat.DropdownVariation|event,guardian noduplicate nowave aggroed,brute brute_hammer brute_jj chainsaw chainsaw_mad chainsaw_mad zealot zealot_shield soldier_shield soldier,
Ethan,,-1,[Guardian] BawkIsland Arena,46100,419.79,-7.43,-19.43,0,-156,0,,,,CP4_BawkIsland,guardian noduplicate nowave aggroed,elite,
Ethan,,-1,[Event] BawkIsland Arena,46100,414.21,-2.58,-35.17,0,2,0,,,,CP4_BawkIsland,aggroed,novistador,
Ethan,,-1,[Event] BawkIsland Arena,46100,411.92,-4.18,-8.34,0,172,0,,,,CP4_BawkIsland,aggroed,novistador,
Ethan,,-1,[Guardian] BawkIsland Arena,46100,419.79,-7.43,-19.43,0,-156,0,,,,CP4_BawkIsland,aggroed,fodder,
,,,,,,,,,,,,,,,,,
Mia,09daf2a1-f3ac-42fd-af68-d7f5bad710d1,1,pesanta_phantom   .,50401,0,0,0,0,0,0,,,,,preserve noduplicate,,
Mia,33bda65f-fa3a-4385-a2c7-92786d5f0b6f,1,pesanta   .,50401,0,0,0,0,0,0,,,,,preserve noduplicate nowave,,
Mia,eb3c928c-2763-4b41-9d3c-52a877b5926e,1,pesanta_phantom   .,50400,0,0,0,0,0,0,,,,,preserve noduplicate,,
Mia,8f074c94-1558-42c7-a229-06df8003c838,1,pesanta_phantom   .,50401,0,0,0,0,0,0,,,,,preserve noduplicate,,
Mia,7fa95596-fa15-46b4-ac47-9c9bb6959b4d,1,pesanta_phantom   .,50400,0,0,0,0,0,0,,,,,preserve noduplicate,,
Mia,c28b1d60-0a4c-445d-9685-4c944a088af6,1,pesanta_phantom   .,50401,0,0,0,0,0,0,,,,,preserve noduplicate,,
Mia,06006f15-15c0-4b9e-b4ec-a1ce7c7448ef,1,pesanta_phantom   .,50400,0,0,0,0,0,0,,,,,preserve noduplicate,,
Mia,10fd570d-1c56-4cd5-a957-4df333513591,1,pesanta_phantom   .,50401,0,0,0,0,0,0,,,,,preserve noduplicate,,
Mia,bff1c4b6-06b0-4fde-8545-6f662b3d715e,1,pesanta_phantom   .,50400,0,0,0,0,0,0,,,,,preserve noduplicate,,
Mia,93209a64-6cc9-4deb-adf9-829b3186cfe7,1,pesanta_phantom   .,50401,0,0,0,0,0,0,,,,,preserve noduplicate,,
Mia,c9210318-c74a-40c9-80d4-adb1bed5377f,1,pesanta_phantom   .,50400,0,0,0,0,0,0,,,,,preserve noduplicate,,
Mia,2e66805d-5d5b-4b89-8198-be5613097dda,1,pesanta_phantom   .,50401,0,0,0,0,0,0,,,,,preserve noduplicate,,
Mia,cf4f0bc7-04b8-4bbc-bcd6-3ebe8c0455de,1,pesanta_phantom   .,50400,0,0,0,0,0,0,,,,,preserve noduplicate,,
Mia,407d5ed5-faae-44a8-86ad-6eed26b9489a,1,pesanta_phantom   .,50401,0,0,0,0,0,0,,,,,preserve noduplicate,,
Mia,c5d8dd84-4fc1-4d59-a410-40262422f661,1,pesanta_phantom   .,50400,0,0,0,0,0,0,,,,,preserve noduplicate,,
Mia,520a4075-f439-468d-876b-8cf20aebe6d7,1,pesanta_phantom   .,50401,0,0,0,0,0,0,,,,,preserve noduplicate,,
Mia,3ed53c74-4de6-4bda-be94-e00eb8a531fb,1,pesanta_phantom   .,50400,0,0,0,0,0,0,,,,,preserve noduplicate,,
Mia,2774472d-7e71-43cc-8259-d1fefe5ee949,1,pesanta_phantom   .,50401,0,0,0,0,0,0,,,,,preserve noduplicate,,
Mia,3c088daa-fc5f-41ad-aa06-abf5d1cf18df,1,pesanta_phantom   .,50400,0,0,0,0,0,0,,,,,preserve noduplicate,,
Mia,09264deb-78a3-4f46-b0a3-a7f19bbd3a42,1,pesanta_phantom   .,50400,0,0,0,0,0,0,,,,,preserve noduplicate,,
Mia,e8a318e4-a757-4fe0-99df-ddb848eaa693,1,pesanta_phantom   .,50400,0,0,0,0,0,0,,,,,preserve noduplicate,,
Mia,934c2317-47f6-4dd6-87ea-ba1fc79f66a9,1,pesanta_phantom   .,50400,0,0,0,0,0,0,,,,,preserve noduplicate,,
Mia,cf02e0db-4506-43b5-848e-8f7c90545340,1,pesanta_phantom   .,50400,0,0,0,0,0,0,,,,,preserve noduplicate,,
Mia,e01e9440-43ff-41a2-b2cd-9ad914b80803,1,pesanta_phantom   .,50400,0,0,0,0,0,0,,,,,preserve noduplicate,,
Mia,c2de3d51-435d-4b22-9892-0a9a41c54336,1,pesanta_phantom   .,50400,0,0,0,0,0,0,,,,,preserve noduplicate,,
Mia,038b3c6f-e1d0-4903-b19c-2cc2f2074ec4,1,pesanta_phantom   .,50400,0,0,0,0,0,0,,,,,preserve noduplicate,,
Mia,43ced140-d3d4-41f2-83a8-d7a25f3cfe1c,1,pesanta_phantom   .,50400,0,0,0,0,0,0,,,,,preserve noduplicate,,
Mia,288b45b5-93c0-4810-a8fd-8a39e63623df,1,pesanta_phantom   .,50401,0,0,0,0,0,0,,,,,preserve noduplicate,,
Mia,ab9d6923-3d93-4276-b9fa-17b2d36661b9,1,pesanta_phantom   .,50400,0,0,0,0,0,0,,,,,preserve noduplicate,,
Mia,e9960359-75bd-47c7-84fa-7ee99575cc5f,1,pesanta_phantom   .,50400,0,0,0,0,0,0,,,,,preserve noduplicate,,
Mia,7260226e-5aeb-4a99-94e6-71de863cbfec,1,pesanta_phantom   .,50401,0,0,0,0,0,0,,,,,preserve noduplicate,,
Mia,e257ac55-a383-4f22-a314-5450da7725d1,1,pesanta_phantom   .,50400,0,0,0,0,0,0,,,,,preserve noduplicate,,
Mia,7a1fbb0c-18ef-4287-a38b-8604b491d7fd,1,pesanta_phantom   .,50400,0,0,0,0,0,0,,,,,preserve noduplicate,,
Mia,e3fbe93f-57d4-4ef9-aa56-fecdc86d546e,1,pesanta_phantom   .,50400,0,0,0,0,0,0,,,,,preserve noduplicate,,
Mia,2942f502-6e11-4a45-ab90-d10e0d703205,1,pesanta_phantom   .,50401,0,0,0,0,0,0,,,,,preserve noduplicate,,
Mia,a991e916-6532-4884-9d91-0bb519c23353,1,pesanta_phantom   .,50400,0,0,0,0,0,0,,,,,preserve noduplicate,,
Mia,16e4b24b-81cf-4fe7-914d-c55c5b5b00a2,1,pesanta   .,50400,0,0,0,0,0,0,,,,,preserve noduplicate nowave,,
Mia,aa056341-a4ad-4c3b-b8d4-5b3cc5d5d3c8,1,pesanta_phantom   .,50400,0,0,0,0,0,0,,,,,preserve noduplicate,,
Mia,c1bd225e-3635-43f1-80bf-d580b50f6c92,1,pesanta_phantom   .,50400,0,0,0,0,0,0,,,,,preserve noduplicate,,
Mia,5dc0e042-8ba0-4539-915d-d0818e14ffd7,1,pesanta_phantom   .,50400,0,0,0,0,0,0,,,,,preserve noduplicate,,
Mia,148a6732-1bc2-4d2a-a433-c8bdaae13214,1,pesanta_phantom   .,50400,0,0,0,0,0,0,,,,,preserve noduplicate,,
Mia,45d454d9-336b-47c9-8bf3-b8d4f608664f,1,pesanta_phantom   .,50400,0,0,0,0,0,0,,,,,preserve noduplicate,,
Mia,5899c4e8-8e14-44ab-8a48-f4e358955e92,1,pesanta_phantom   .,50400,0,0,0,0,0,0,,,,,preserve noduplicate,,
Mia,8bacaa4e-77ed-4beb-a496-cad93d9cd8e0,1,pesanta_phantom   .,50400,0,0,0,0,0,0,,,,,preserve noduplicate,,
Mia,e7db629a-25b2-497e-9cbe-49d06b00de1b,1,pesanta_phantom   .,50401,0,0,0,0,0,0,,,,,preserve noduplicate,,
Mia,1f7b0029-8205-4a4f-8ba8-be85a2525c1a,1,pesanta_phantom   .,50400,0,0,0,0,0,0,,,,,preserve noduplicate,,
Mia,81fc29ce-6292-4385-b8ab-ec0ee75719c0,1,pesanta_phantom   .,50401,0,0,0,0,0,0,,,,,preserve noduplicate,,
Mia,457a4b4c-b767-41e7-a366-2b55667ce329,1,pesanta_phantom   .,50400,0,0,0,0,0,0,,,,,preserve noduplicate,,
Mia,a9410566-e866-4c0e-b4ca-7e68d8395845,1,pesanta_phantom   .,50401,0,0,0,0,0,0,,,,,preserve noduplicate,,
Mia,4724eac4-aba3-414d-a12b-fa6fbe8fcf71,1,pesanta_phantom   .,50400,0,0,0,0,0,0,,,,,preserve noduplicate,,
Mia,6428b298-7cd5-4323-a296-4b63cbde84aa,1,pesanta_phantom   .,50401,0,0,0,0,0,0,,,,,preserve noduplicate,,
Mia,0390645d-0983-4d33-8d48-41f663abe549,1,pesanta_phantom   .,50400,0,0,0,0,0,0,,,,,preserve noduplicate,,
Mia,631816b7-fdea-4eac-a719-7fcfa73f0063,1,pesanta_phantom   .,50401,0,0,0,0,0,0,,,,,preserve noduplicate,,
Mia,8624a9b0-353b-43f6-b934-14fadccf090a,1,pesanta_phantom   .,50400,0,0,0,0,0,0,,,,,preserve noduplicate,,
Mia,8f998e37-233d-4381-b8df-d9d0ec1deefb,1,pesanta_phantom   .,50401,0,0,0,0,0,0,,,,,preserve noduplicate,,
Mia,888401fe-c037-4092-92c2-cccf498d1c71,1,pesanta_phantom   .,50400,0,0,0,0,0,0,,,,,preserve noduplicate,,
Mia,73053a52-a658-444c-a4ce-ce5ecb816bb4,1,pesanta_phantom   .,50401,0,0,0,0,0,0,,,,,preserve noduplicate,,
Mia,62a8d226-659e-44c3-bfab-bb178e10fc1c,1,pesanta_phantom   .,50400,0,0,0,0,0,0,,,,,preserve noduplicate,,
Mia,64bddffd-76d2-437c-8b33-f5bd84058f7c,1,pesanta_phantom   .,50401,0,0,0,0,0,0,,,,,preserve noduplicate,,
Mia,ec477269-df9e-4fc0-91b0-f31749adb200,1,pesanta_phantom   .,50400,0,0,0,0,0,0,,,,,preserve noduplicate,,
Mia,810a2d98-0246-4999-bcfa-d3dd4dcfed74,1,pesanta_phantom   .,50400,0,0,0,0,0,0,,,,,preserve noduplicate,,
Mia,fa02c753-340f-4396-a2c0-3905c0bb85bf,1,pesanta_phantom   .,50400,0,0,0,0,0,0,,,,,preserve noduplicate,,
Mia,b5b53346-d837-4850-b23f-38e1d52fbd9d,1,pesanta_phantom   .,50400,0,0,0,0,0,0,,,,,preserve noduplicate,,
Mia,d08115ac-37b4-4d2a-b088-badb7b9406a1,1,pesanta_phantom   .,50400,0,0,0,0,0,0,,,,,preserve noduplicate,,
Mia,736e5092-1012-4312-9fc4-3309d7ab5867,1,pesanta_phantom   .,50400,0,0,0,0,0,0,,,,,preserve noduplicate,,
Mia,e565986b-266c-41a5-b26d-05fe779540a1,1,pesanta_phantom   .,50400,0,0,0,0,0,0,,,,,preserve noduplicate,,
Mia,ae22bc5a-6d3c-492b-99ae-a16e3377c9a3,1,pesanta_phantom   .,50400,0,0,0,0,0,0,,,,,preserve noduplicate,,
Mia,d3497176-5073-41ae-962d-71a9f38826b7,1,pesanta   .,50401,0,0,0,0,0,0,,,,,preserve noduplicate nowave,,
Mia,892d6aad-7bea-49f2-ba51-0b7f9402e261,1,pesanta   .,50400,0,0,0,0,0,0,,,,,preserve noduplicate nowave,,
Mia,e7192435-0d07-4dbe-a73c-793a4d647148,1,pesanta_phantom   .,50400,0,0,0,0,0,0,,,,,preserve noduplicate,,
Mia,982b74e8-a04d-427e-a8b7-ad0f08df37fe,1,pesanta_phantom   .,50401,0,0,0,0,0,0,,,,,preserve noduplicate,,
Mia,90683d5a-5d7e-43ce-a0bb-d71acbfbee5e,1,pesanta_phantom   .,50400,0,0,0,0,0,0,,,,,preserve noduplicate,,
Mia,e380bf11-dc04-4422-a8cf-1f4a471b457f,1,pesanta_phantom   .,50401,0,0,0,0,0,0,,,,,preserve noduplicate,,
Mia,d1296ddf-a7ae-4875-af87-2fa8d2672cda,1,pesanta_phantom   .,50400,0,0,0,0,0,0,,,,,preserve noduplicate,,
Mia,a12ebb20-3b42-4621-9a32-9e9ad2ebc51d,1,pesanta_phantom   .,50401,0,0,0,0,0,0,,,,,preserve noduplicate,,
Mia,a9f5c5c9-264c-4c94-8678-6b29918c5ca2,1,pesanta_phantom   .,50400,0,0,0,0,0,0,,,,,preserve noduplicate,,
Mia,583b6579-f696-4520-970c-8c053203d263,1,pesanta_phantom   .,50401,0,0,0,0,0,0,,,,,preserve noduplicate,,
Mia,e74a8fbd-d853-473b-97c2-00c65dedeaac,1,pesanta_phantom   .,50400,0,0,0,0,0,0,,,,,preserve noduplicate,,
Mia,d1a85c47-7765-49ba-afd8-4b5b42bdcd4c,1,pesanta_phantom   .,50401,0,0,0,0,0,0,,,,,preserve noduplicate,,
Mia,03d0abaf-679a-430f-b4d9-d4d087e424cf,1,pesanta_phantom   .,50400,0,0,0,0,0,0,,,,,preserve noduplicate,,
Mia,d3fc78ba-6e4d-4df3-9350-35b1e1010ab8,1,pesanta_phantom   .,50401,0,0,0,0,0,0,,,,,preserve noduplicate,,
Mia,1be9871e-861c-4b93-9b3f-e72ec0a97969,1,pesanta_phantom   .,50400,0,0,0,0,0,0,,,,,preserve noduplicate,,
Mia,76560042-9d85-4ca9-a570-7414bb23c844,1,pesanta_phantom   .,50400,0,0,0,0,0,0,,,,,preserve noduplicate,,
Mia,8920cd5a-387c-4322-9331-e15ccfcb01cf,1,pesanta_phantom   .,50400,0,0,0,0,0,0,,,,,preserve noduplicate,,
Mia,9022d513-956a-45fd-882b-dd5143c9dfc3,1,pesanta_phantom   .,50400,0,0,0,0,0,0,,,,,preserve noduplicate,,
Mia,58830e42-8162-44ec-9fb6-75c43d71fd6d,1,pesanta_phantom   .,50400,0,0,0,0,0,0,,,,,preserve noduplicate,,
Mia,13dd7b32-836f-4a57-97c1-b39e84dce2d8,1,pesanta_phantom   .,50400,0,0,0,0,0,0,,,,,preserve noduplicate,,
Mia,89bfec29-a11f-4b2c-9027-cc89baf3ee3f,1,pesanta_phantom   .,50400,0,0,0,0,0,0,,,,,preserve noduplicate,,
Mia,8e9d007e-2961-45e6-8719-ec26919c8b49,1,pesanta_phantom   .,50400,0,0,0,0,0,0,,,,,preserve noduplicate,,
Mia,1797ea75-fcdf-473d-b30b-b3c18fb3c966,1,pesanta_phantom   .,50400,0,0,0,0,0,0,,,,,preserve noduplicate,,
Mia,c84a40fb-5d6b-41ae-94dc-b37bbdea6501,1,pesanta_phantom   .,50401,0,0,0,0,0,0,,,,,preserve noduplicate,,
Mia,0bf7306b-6358-4fd4-8d69-93923cf36e7b,1,pesanta_phantom   .,50400,0,0,0,0,0,0,,,,,preserve noduplicate,,
Mia,8da3c794-83e7-4c46-b1b1-be26b30b88da,1,pesanta_phantom   .,50400,0,0,0,0,0,0,,,,,preserve noduplicate,,
Mia,e3355bf3-6edb-49bf-b200-9369658f6411,1,pesanta_phantom   .,50401,0,0,0,0,0,0,,,,,preserve noduplicate,,
Mia,61c7e9ce-ea7a-488d-97cd-f4fe0e49d438,1,pesanta_phantom   .,50400,0,0,0,0,0,0,,,,,preserve noduplicate,,
Mia,d63fdff3-b9f9-462e-95ac-d8d0c11ef1dc,1,pesanta_phantom   .,50400,0,0,0,0,0,0,,,,,preserve noduplicate,,
Mia,26a93255-b14e-4e5a-801c-478c95d28188,1,pesanta_phantom   .,50400,0,0,0,0,0,0,,,,,preserve noduplicate,,
Mia,5fcabfbe-a254-4cd5-bcf6-994482ec8d71,1,pesanta_phantom   .,50401,0,0,0,0,0,0,,,,,preserve noduplicate,,
Mia,30b9af8b-57fa-436a-87bb-203358651340,1,pesanta_phantom   .,50400,0,0,0,0,0,0,,,,,preserve noduplicate,,
Mia,512f7419-3879-44d8-99a2-090b7ac522c8,1,pesanta_phantom   .,50400,0,0,0,0,0,0,,,,,preserve noduplicate,,
Mia,6df04842-9148-432b-adf6-75309af8d000,1,pesanta_phantom   .,50400,0,0,0,0,0,0,,,,,preserve noduplicate,,
Mia,895c1028-17f3-445d-9c9e-1cc7bf9abb1c,1,pesanta_phantom   .,50400,0,0,0,0,0,0,,,,,preserve noduplicate,,
Mia,55171050-c653-414a-93c0-5166096c7719,1,pesanta_phantom   .,50400,0,0,0,0,0,0,,,,,preserve noduplicate,,
Mia,89d26ffb-24d2-40c8-9871-40aa88b5060c,1,pesanta_phantom   .,50400,0,0,0,0,0,0,,,,,preserve noduplicate,,
Mia,cd4377ca-1e75-4b34-84e9-ccefcd7dc4af,1,pesanta_phantom   .,50400,0,0,0,0,0,0,,,,,preserve noduplicate,,
Mia,99114936-7020-4d17-89a2-13874b704661,1,pesanta_phantom   .,50400,0,0,0,0,0,0,,,,,preserve noduplicate,,
Mia,ed0ed7df-db46-4820-a7c3-15924bd2628a,1,pesanta_phantom   .,50401,0,0,0,0,0,0,,,,,preserve noduplicate,,
Mia,4ee210ae-f56a-43dc-bcd2-b5b436352af8,1,pesanta_phantom   .,50400,0,0,0,0,0,0,,,,,preserve noduplicate,,
Mia,f7c102d5-44d6-4091-bd97-9ea799638440,1,pesanta_phantom   .,50401,0,0,0,0,0,0,,,,,preserve noduplicate,,
Mia,e0c7d67a-2d31-4002-9e8b-0478cb3867fb,1,pesanta_phantom   .,50400,0,0,0,0,0,0,,,,,preserve noduplicate,,
Mia,f2c808e7-8eb7-42c5-a8b6-fb035f63ec50,1,pesanta_phantom   .,50401,0,0,0,0,0,0,,,,,preserve noduplicate,,
Mia,e6bdf05b-f77e-42b2-a77d-56e9e7fe1413,1,pesanta_phantom   .,50400,0,0,0,0,0,0,,,,,preserve noduplicate,,
Mia,5367270f-acc3-464d-8f8c-8e701136da05,1,pesanta_phantom   .,50401,0,0,0,0,0,0,,,,,preserve noduplicate,,
Mia,ebd9382b-6757-4ab7-8854-5e9257edd043,1,pesanta_phantom   .,50400,0,0,0,0,0,0,,,,,preserve noduplicate,,
Mia,22547491-8a61-41a4-a9cd-e56f8caa854b,1,pesanta_phantom   .,50401,0,0,0,0,0,0,,,,,preserve noduplicate,,
Mia,52ce1a9a-c40e-4309-b598-112524d1af06,1,pesanta_phantom   .,50400,0,0,0,0,0,0,,,,,preserve noduplicate,,
Mia,2e4bb968-8be5-4e7a-9fd2-707559d3fc8d,1,pesanta_phantom   .,50401,0,0,0,0,0,0,,,,,preserve noduplicate,,
Mia,70b5219b-442c-45d4-9ab0-c7bae8961908,1,pesanta_phantom   .,50400,0,0,0,0,0,0,,,,,preserve noduplicate,,
Mia,329d2702-fb2a-4a40-8979-7ce87b5aa6a5,1,pesanta_phantom   .,50401,0,0,0,0,0,0,,,,,preserve noduplicate,,
Mia,ec175883-51e8-47e8-bbc2-6bf244742bf1,1,pesanta_phantom   .,50400,0,0,0,0,0,0,,,,,preserve noduplicate,,
Mia,670c9fdc-3df1-4122-89b2-0d9448debf39,1,pesanta_phantom   .,50401,0,0,0,0,0,0,,,,,preserve noduplicate,,
Mia,6a6f4958-c696-42f3-ae87-35e86dd2f240,1,pesanta_phantom   .,50400,0,0,0,0,0,0,,,,,preserve noduplicate,,
Mia,f89f8347-898f-4a40-a81a-e3ccfb2f65d7,1,pesanta_phantom   .,50400,0,0,0,0,0,0,,,,,preserve noduplicate,,
Mia,3cc9a4df-f9f8-4a1a-974b-632075b98408,1,pesanta_phantom   .,50400,0,0,0,0,0,0,,,,,preserve noduplicate,,
Mia,6bc11b33-2dde-46c5-906c-4cb879683c13,1,pesanta_phantom   .,50400,0,0,0,0,0,0,,,,,preserve noduplicate,,
Mia,cc1f3297-cae5-4f29-b553-a7d7166a46f8,1,pesanta_phantom   .,50400,0,0,0,0,0,0,,,,,preserve noduplicate,,
Mia,afda2a8a-10d2-4d8c-9e14-c27bfe1b8cc2,1,pesanta_phantom   .,50400,0,0,0,0,0,0,,,,,preserve noduplicate,,
Mia,aef55de1-d9a2-4832-94a8-68473dd59dcb,1,pesanta_phantom   .,50400,0,0,0,0,0,0,,,,,preserve noduplicate,,
Mia,88bb7cce-d257-491d-9107-16f98728d9b3,1,pesanta_phantom   .,50400,0,0,0,0,0,0,,,,,preserve noduplicate,,
Mia,10b3d44e-8143-4afb-83eb-307b21b146eb,1,[EXTRA],50500,-136,12,38,0,94,0,,2e7583f9-0162-49c0-a0b2-f9ca1355d17c,,,small,,mendez_chase
Mia,8f1f7715-519f-42dd-80fa-ebab58038d95,1,[EXTRA],50500,-127,12,36,0,-83,0,,2e7583f9-0162-49c0-a0b2-f9ca1355d17c,,,small,,mendez_chase
Mia,,1,[EXTRA],50401,-122,10,52,0,0,0,16bc856a-0e68-4c7b-b03c-80240d5270e7,8d172089-227c-4922-918d-85d9ca803af0,,,small aggroed,,
Mia,,1,[EXTRA],50401,-123,10,52,0,0,0,16bc856a-0e68-4c7b-b03c-80240d5270e7,8d172089-227c-4922-918d-85d9ca803af0,,,small aggroed,,
Mia,,1,[EXTRA],50400,-175,10,52,0,-90,0,283f50f0-3286-43e9-90a1-57bb906303d3,8d172089-227c-4922-918d-85d9ca803af0,,,aggroed,,
Mia,5ae9005a-914e-401b-ac90-3bcccfb1c302,1,zealot  crossbow *,50100,0,0,0,0,0,0,,,,,,,
Mia,63a45425-6ba6-4bb7-aa94-2c524c9505a0,1,zealot  crossbow *,50100,0,0,0,0,0,0,,,,,,,
Mia,03538e3c-f4b8-4ac5-b722-f1d6c1b03880,1,zealot  crossbow *,50100,0,0,0,0,0,0,,,,,,,
Mia,1a211a68-0eb6-41c5-af51-3bd801ef557c,1,zealot  crossbow *,50100,0,0,0,0,0,0,,,,,,,
Mia,eb624138-4858-4616-97a4-a8d5de7ef04f,1,zealot  crossbow *,50100,0,0,0,0,0,0,,,,,,,
Mia,8a55f1dd-5f50-44a0-ab9b-0d4feee48f75,1,zealot  crossbow *,50200,0,0,0,0,0,0,,,,,,,
Mia,a889031a-cca0-498a-9deb-8b4e7a023496,1,zealot  crossbow *,50100,0,0,0,0,0,0,,,,,,,
Mia,8a8fc458-170c-41dd-a86b-e3461d140d6d,1,zealot   *,50100,0,0,0,0,0,0,,,,,preserve noduplicate,,
Mia,3d856215-0c3d-474b-b260-10287c179ac3,1,zealot   *,50100,0,0,0,0,0,0,,,,,preserve noduplicate,,
Mia,ddb8d7b7-f339-4118-92ae-0bc710665597,1,zealot   *,50300,0,0,0,0,0,0,,,,,preserve noduplicate,,
Mia,6aa2ce50-8755-4d25-b6f2-4bb81f46ed4b,1,zealot   *,50202,0,0,0,0,0,0,,,,,preserve noduplicate,,
Mia,37162bf4-f041-409c-872b-176b6924f2f9,1,zealot   *,50300,0,0,0,0,0,0,,,,,preserve noduplicate,,
Mia,3a50a11b-1b6d-4f7f-b176-713dc9a90c1f,1,zealot  torch *,50300,0,0,0,0,0,0,,,,,,,
Mia,34fbf232-0e1e-40c8-ba9e-9e57a4a063f4,1,zealot  torch *,50300,0,0,0,0,0,0,,,,,,,
Mia,5cd00f86-2c27-4fbc-91ff-87baa57fada7,1,zealot  torch *,50300,0,0,0,0,0,0,,,,,,,
Mia,2a8f5493-dfca-4b18-8fbf-bcd479d4297a,1,zealot  torch *,50301,0,0,0,0,0,0,,,,,,,
Mia,1b4fb3d3-6d40-499e-a66a-2f7fe0ee9ffc,1,zealot  torch *,50300,0,0,0,0,0,0,,,,,,,
Mia,2272ee64-a593-4f87-937b-cf2ba50ca32b,1,zealot  torch *,50300,0,0,0,0,0,0,,,,,,,
Mia,c30a07ad-9c6e-4ad5-9ab5-198b13498c7a,1,zealot  torch *,50300,0,0,0,0,0,0,,,,,,,
Mia,9820b933-c717-403d-af5d-b36171595d57,1,zealot  torch *,50300,0,0,0,0,0,0,,,,,,,
Mia,f2f00c1c-528a-4a5e-b320-250131ead27b,1,zealot  hatchet *,50301,0,0,0,0,0,0,,,,,,,
Mia,0a72aa3d-b9f2-4987-adf3-a58a51171261,1,zealot  morning_star *,50301,0,0,0,0,0,0,,,,,,,
Mia,a73a328c-ab9a-4f9b-8974-14e48f7c7a65,1,zealot  scythe *,50301,0,0,0,0,0,0,,,,,,,
Mia,02b9d3ac-1954-420b-b7ad-c5357fde96b4,1,zealot   *,50301,0,0,0,0,0,0,,,,,,,
Mia,90fa8e40-921c-4723-9e01-82fddac6a749,1,zealot  scythe *,50300,0,0,0,0,0,0,,,,,,,
Mia,6261f9db-0d85-4fef-a8d1-5073f6882716,1,zealot  morning_star *,50300,0,0,0,0,0,0,,,,,,,
Mia,133187a4-e684-4e7c-8098-df278856d63c,1,zealot  hatchet *,50301,0,0,0,0,0,0,,,,,,,
Mia,47f94b35-d558-4a67-bdaf-ff10cd1033a5,1,zealot  hatchet *,50300,0,0,0,0,0,0,,,,,,,
Mia,12da4c19-2d4a-4bf4-8f8b-de26c77d5132,1,zealot   *,50300,0,0,0,0,0,0,,,,,,,
Mia,bb875225-7734-4c02-a5ee-78eeea810d56,1,zealot  scythe *,50300,0,0,0,0,0,0,,,,,,,
Mia,61e73f37-94d3-4f1d-a451-6e959439fa4e,1,zealot  morning_star *,50300,0,0,0,0,0,0,,,,,,,
Mia,d7733772-5e03-4f35-b013-dc51c6e06050,1,zealot  morning_star *,50300,0,0,0,0,0,0,,,,,,,
Mia,6c7594de-6fcb-4555-8116-22808fbd7883,1,zealot  hatchet *,50300,0,0,0,0,0,0,,,,,,,
Mia,4820ea34-8942-4970-90ed-0b90018a1b51,1,zealot  scythe *,50300,0,0,0,0,0,0,,,,,,,
Mia,fb62032c-8113-4a2e-ab49-a4ecd0925167,1,zealot  morning_star *,50300,0,0,0,0,0,0,,,,,,,
Mia,6fe4b03b-4eea-489c-a51e-b61abdb230a1,1,zealot  hatchet *,50300,0,0,0,0,0,0,,,,,,,
Mia,bc5284d6-4815-451d-86e0-d122cbbf4d9d,1,zealot  torch *,50300,0,0,0,0,0,0,,,,,,,
Mia,1be6e3d0-fd1b-4a12-8eac-fb1ff224398f,1,zealot   *,50300,0,0,0,0,0,0,,,,,,,
Mia,4f2a719e-2f99-459a-81ba-5bd0ba254520,2,villager_2   *,43311,0,0,0,0,0,0,,,,,,,
Mia,8b686f3e-58b3-463f-8dab-a7afca748343,2,villager_2  hatchet *,43301,0,0,0,0,0,0,,,,,,,
Mia,b2c8d6bf-cb1a-4f69-98c7-3d8e568f3601,2,villager_2  hatchet *,43311,0,0,0,0,0,0,,,,,,,
Mia,466fd789-7b3d-4ea4-91be-a6e696898f33,2,villager_2  torch *,43301,0,0,0,0,0,0,,,,,,,
Mia,60add8b5-a477-4daa-b9c1-56e15078b098,2,villager_2  pitchfork *,43301,0,0,0,0,0,0,,,,,,,
Mia,001526aa-3893-467f-9bdc-4477d06542a0,2,villager_2  torch *,43301,0,0,0,0,0,0,,,,,,,
Mia,c8aedf07-4e48-43c3-bddf-4a2eba8d1806,2,cow   .,43301,0,0,0,0,0,0,,,,,,,
Mia,e9e55a9f-ffbc-4e64-b149-a2e5e523bc73,2,pig   .,43301,0,0,0,0,0,0,,,,,,,
Mia,2c638956-f43a-48c9-90ce-9461418369bb,2,pig   .,43301,0,0,0,0,0,0,,,,,,,
Mia,71a3c741-2e66-4249-8f4c-e2fd7ef416a1,2,villager_2   *,43301,0,0,0,0,0,0,,,,,,,
Mia,82f68484-136a-4758-9064-07f05268ba23,2,villager_2  shovel *,43301,0,0,0,0,0,0,,,,,,,
Mia,71f0cbc3-849c-47c1-9d9f-8e2216dccb9b,2,villager_2  hatchet *,43301,0,0,0,0,0,0,,,,,,,
Mia,53636187-78bb-48df-aa10-c57a397821b8,2,villager_2  crossbow *,43301,0,0,0,0,0,0,,,,,,,
Mia,baf765dc-57be-46e6-8944-7cc7f7c2d16d,2,villager_2  pitchfork *,43310,0,0,0,0,0,0,,,,,,,
Mia,409eb174-83af-45f4-9c81-f20720a57f02,2,villager_2  torch *,43310,0,0,0,0,0,0,,,,,,,
Mia,8f2a9153-9cd6-4236-ae95-9d346835e4ed,2,villager_2  hammer Sapphire x1,43301,0,0,0,0,0,0,,,,,,,
Mia,bb5edd62-3dc3-4d82-8f1d-10b0843b85ee,2,villager_2  crossbow *,43850,0,0,0,0,0,0,,,,,,,
Mia,c911715f-4f48-4158-8404-077cbd6e7591,2,villager_2  crossbow *,43850,0,0,0,0,0,0,,,,,,,
Mia,cc62e24c-7fd6-4afc-9f88-5233314ccb23,2,villager_2  crossbow *,43850,0,0,0,0,0,0,,,,,,,
Mia,db3eb969-eca0-451f-8a5a-d8a9dc496f05,2,villager_2  crossbow *,47101,0,0,0,0,0,0,,,,,,,
Mia,c70ab1de-6284-4b97-8c84-caa32e23a750,2,villager_2  crossbow *,47101,0,0,0,0,0,0,,,,,,,
Mia,8d30f1aa-3d19-443c-a7ff-7559e9d938e3,2,villager_2  crossbow *,47101,0,0,0,0,0,0,,,,,,,
Mia,1f4236be-1997-47ea-b45f-0350e3a6d0b2,2,villager_2  torch *,47101,0,0,0,0,0,0,,,,,,,
Mia,20662146-e0cd-4c36-b7f4-506205d927c0,2,villager_2  torch *,47101,0,0,0,0,0,0,,,,,,,
Mia,4b2d616b-d1dd-4a28-97cc-27ea87a90ddb,2,villager_2  torch *,47100,0,0,0,0,0,0,,,,,,,
Mia,1574b1ad-785b-448b-8d4b-e772bc5233c8,2,villager_2   *,47101,0,0,0,0,0,0,,,,,,,
Mia,0afa0483-ed91-4d01-9b8e-1784d261de74,2,villager_2  molotov *,47101,0,0,0,0,0,0,,,,,,,
Mia,033653c3-e4ce-4d90-b050-6cb474b02e1d,2,villager_2  hatchet *,47101,0,0,0,0,0,0,,,,,,,
Mia,c23d4615-e1fe-4c6c-b412-3f0384293ce8,2,villager_2  hammer Sapphire x1,47100,0,0,0,0,0,0,,,,,,,
Mia,9e48c346-15b8-4e13-a512-18a654c52830,2,brute   Emerald x1,47100,0,0,0,0,0,0,,,,,,,
Mia,948f3142-8c00-4e5d-8058-afb488a6d4fc,2,villager_2  knife *,47100,0,0,0,0,0,0,,,,,,,
Mia,134c02c0-c23e-4956-9da8-f7765ccf5c30,2,villager_2  hatchet *,47100,0,0,0,0,0,0,,,,,,,
Mia,c0478cde-3623-4c1a-8335-9478a49221b1,2,villager_2  pitchfork *,47100,0,0,0,0,0,0,,,,,,,
Mia,e5c48c51-9623-4b17-a7eb-ff03966ecc76,2,villager_2  crossbow .,47100,0,0,0,0,0,0,,,,,,,
Mia,0b42ca8d-3398-488d-a283-c9dead579193,2,villager_2  pitchfork *,47100,0,0,0,0,0,0,,,,,,,
Mia,ee969dfd-261a-4046-a8ed-3aba43b89e31,2,villager_2   *,47100,0,0,0,0,0,0,,,,,,,
Mia,f63ce1b8-a254-4119-867c-3f28b336a309,2,villager_2  torch *,47100,0,0,0,0,0,0,,,,,,,
Mia,8da92792-dd46-42be-af0d-83940a16e205,2,villager_2   *,47100,0,0,0,0,0,0,,,,,,,
Mia,f137aece-9309-4c72-b690-58da4daaf0c7,2,villager_2   *,47100,0,0,0,0,0,0,,,,,,,
Mia,7affd5da-8ae0-471e-9a17-85e072c7e4d9,2,villager_2  hatchet *,45200,0,0,0,0,0,0,,,,,,,
Mia,094822bc-30b8-4a2f-950e-b0ce110ab4e4,2,villager_2   *,45200,0,0,0,0,0,0,,,,,,,
Mia,19ecc4d3-2d54-4d11-b8d6-a38e1be19d86,2,villager_2  shovel *,45200,0,0,0,0,0,0,,,,,,,
Mia,5b36f71a-fce3-4019-876b-531466e901be,2,villager_2  pitchfork *,45200,0,0,0,0,0,0,,,,,,,
Mia,efeeceef-1bd7-40ee-825d-a319333128c8,2,villager_2   *,45200,0,0,0,0,0,0,,,,,,,
Mia,f8887d8f-3425-4263-8a00-1a733579c73a,2,villager_2   SW - Glasses x1,45200,0,0,0,0,0,0,,,,,,,
Mia,c2ac7080-eb96-4ae4-8098-eb0d005963b6,2,villager_2   *,45200,0,0,0,0,0,0,,,,,,,
Mia,a044fa2e-8e28-4227-acc9-e056e6c63c1d,2,villager_2   *,45200,0,0,0,0,0,0,,,,,,,
Mia,1043032f-807b-44a3-a1ea-5be449e83ddc,2,villager_2   *,45200,0,0,0,0,0,0,,,,,,,
Mia,ee78e34f-8c24-4c71-a840-442798b0ca31,2,villager_2   *,45200,0,0,0,0,0,0,,,,,,,
Mia,325fb008-7137-4694-a112-04b27901421f,2,villager_2   *,45200,0,0,0,0,0,0,,,,,,,
Mia,57b83cee-4bba-4d0a-8d8a-f5112b67f677,2,villager_2   *,45100,0,0,0,0,0,0,,,,,,,
Mia,f1efb4dc-8c6a-470b-a008-90bf78bcfe15,2,villager_2   *,45100,0,0,0,0,0,0,,,,,,,
Mia,8130d757-8d28-4a6d-b7ff-2c1e3003cb57,2,villager_2   *,45100,0,0,0,0,0,0,,,,,,,
Mia,36845d2b-0f90-4695-9c57-295aaf8c3c78,2,villager_2   *,45100,0,0,0,0,0,0,,,,,,,
Mia,,2,[EXTRA],45401,94,10,103,0,-58,0,,,,,small,,
Mia,,2,[EXTRA],40213,38,1,7,0,76,0,ac431e91-dc27-44f7-9860-d28b0997759d,696bb6e5-9c27-4483-a857-84bbca690f6b,,,small,,
Mia,,2,[EXTRA],40213,32,1,15,0,-9,0,ac431e91-dc27-44f7-9860-d28b0997759d,696bb6e5-9c27-4483-a857-84bbca690f6b,,,small,,
Mia,,2,[EXTRA],40200,-23,0,6,0,108,0,696bb6e5-9c27-4483-a857-84bbca690f6b,fec37180-ceb6-41c3-b713-c144702216ec,,,aggroed,,
Mia,,2,[EXTRA],40200,-10,0,11,0,176,0,696bb6e5-9c27-4483-a857-84bbca690f6b,fec37180-ceb6-41c3-b713-c144702216ec,,,aggroed,,
Mia,,2,[EXTRA],40200,14,0,-16,0,5,0,696bb6e5-9c27-4483-a857-84bbca690f6b,fec37180-ceb6-41c3-b713-c144702216ec,,,aggroed,,
Mia,,2,[EXTRA],40200,17,1,7,0,-159,0,696bb6e5-9c27-4483-a857-84bbca690f6b,fec37180-ceb6-41c3-b713-c144702216ec,,,aggroed,,
Mia,,2,[EXTRA],44100,-16,4,46,0,135,0,b9700373-2c85-4ae3-966d-9fac1b6b9938,fec37180-ceb6-41c3-b713-c144702216ec,,,small,,
Mia,,2,[EXTRA],44102,-17,5,71,0,14,0,b9700373-2c85-4ae3-966d-9fac1b6b9938,fec37180-ceb6-41c3-b713-c144702216ec,,,small,,
Mia,2b7268ca-f11a-4143-9969-cb500b4b7301,2,pesanta   .,40200,0,0,0,0,0,0,,,,,preserve noduplicate,,
Mia,82597fbf-d245-4de3-85d8-7072c2d60fb3,2,pesanta_phantom   .,40200,0,0,0,0,0,0,,,,,preserve noduplicate,,
Mia,6e0120af-95ce-4700-8e16-a9b9f466b885,2,pesanta_phantom   .,40200,0,0,0,0,0,0,,,,,preserve noduplicate,,
Mia,12a93bdb-f76b-484f-829c-8679e6f45df5,2,pesanta_phantom   .,40200,0,0,0,0,0,0,,,,,preserve noduplicate,,
Mia,d33d8bf7-90c1-42d5-831b-64513f836fe8,2,pesanta_phantom   .,40200,0,0,0,0,0,0,,,,,preserve noduplicate,,
Mia,3c3eec3d-724b-46d1-b262-b72139d90f49,2,pesanta_phantom   .,40200,0,0,0,0,0,0,,,,,preserve noduplicate,,
Mia,3bc9baa5-a1ae-4b01-ba9d-da3f30adf45b,2,pesanta_phantom   .,40200,0,0,0,0,0,0,,,,,preserve noduplicate,,
Mia,0652786e-e56a-49f4-9ae2-8dcf9593fb49,2,pesanta_phantom   .,40200,0,0,0,0,0,0,,,,,preserve noduplicate,,
Mia,d30ceaf2-672b-46f1-b57a-d0701ae754f4,2,pesanta_phantom   .,40200,0,0,0,0,0,0,,,,,preserve noduplicate,,
Mia,c568fc40-190e-44d0-b194-a333bd491be0,2,pesanta_phantom   .,40200,0,0,0,0,0,0,,,,,preserve noduplicate,,
Mia,4ad9f25c-d04f-405e-bd28-16370ea521a3,2,pesanta_phantom   .,40200,0,0,0,0,0,0,,,,,preserve noduplicate,,
Mia,b931b3ed-f3d5-45ec-81eb-c81cb448357e,2,pesanta_phantom   .,40200,0,0,0,0,0,0,,,,,preserve noduplicate,,
Mia,86662e91-ef79-4913-bc1f-0b6bbfcca204,2,verdugo   .,40200,0,0,0,0,0,0,,,,,preserve noduplicate,,
Mia,eebc019b-1015-47f0-a01f-c8ca259a8fa6,2,verdugo   .,40200,0,0,0,0,0,0,,,,,preserve noduplicate,,
Mia,49dddaa3-cf59-44ed-9929-c9b10a3ad7d2,2,verdugo   .,40200,0,0,0,0,0,0,,,,,preserve noduplicate,,
Mia,408bce9f-931e-4179-814b-a8952f3252c4,3,villager_2  hatchet *,44101,0,0,0,0,0,0,,,,,,,
Mia,792402b5-0ecf-4835-9f94-8df54ca704c9,3,villager_2  hoe *,44101,0,0,0,0,0,0,,,,,,,
Mia,521f8bea-eef9-4ab3-b960-03461d1880e6,3,villager_2  pitchfork *,44101,0,0,0,0,0,0,,,,,,,
Mia,97d4b77a-1f92-49a9-bb23-9740d5fc4a52,3,villager_2  knife *,44101,0,0,0,0,0,0,,,,,,,
Mia,d511b6f9-d94c-4c61-938c-90aaca858f5a,3,villager_2   *,44101,0,0,0,0,0,0,,,,,,,
Mia,999da20f-071a-496a-8a15-56a421c6de06,3,villager_2   *,44101,0,0,0,0,0,0,,,,,,,
Mia,6de5a6b9-2ff5-4259-8337-d37510bed0f8,3,villager_2   *,44101,0,0,0,0,0,0,,,,,,,
Mia,7a416c66-9ed1-4074-88b5-5caa26f95b2f,3,villager_2  hoe *,44101,0,0,0,0,0,0,,,,,,,
Mia,0c0a313f-7cc2-4891-9ba1-1bea8e099d42,3,villager_2  hatchet *,44201,0,0,0,0,0,0,,,,,,,
Mia,c9fe1bcc-4c84-47de-8c34-9bda9297e830,3,villager_2   *,44201,0,0,0,0,0,0,,,,,,,
Mia,2442bb82-affa-4ec5-9cb1-783db30eab53,3,villager_2   *,44210,0,0,0,0,0,0,,,,,,,
Mia,c45f8f20-fc4d-4412-8adf-46b01b796948,3,villager_2  pitchfork *,44210,0,0,0,0,0,0,,,,,,,
Mia,220814d2-f55e-4926-aeeb-5878932d19ee,3,villager_2  knife *,44210,0,0,0,0,0,0,,,,,,,
Mia,a7885721-bbb4-4cfa-ad02-12653ff94e7a,3,villager_2  hatchet *,44210,0,0,0,0,0,0,,,,,,,
Mia,5be6f7ed-ac01-46e1-a84b-205e7081ca00,3,villager_2   SW - Jacket x1,44200,0,0,0,0,0,0,,,,,,,
Mia,036e85e4-1e79-4973-9b48-beb4a6766d08,3,villager_2  hatchet *,44210,0,0,0,0,0,0,,,,,,,
Mia,a52d886e-6bdb-4454-94e3-9a365bd0703c,3,villager_2  hoe *,44210,0,0,0,0,0,0,,,,,,,
Mia,e5103e18-c395-45cd-8060-ff03213fad8a,3,villager_2  knife *,44210,0,0,0,0,0,0,,,,,,,
Mia,ff913180-acef-4e3f-bbd9-c954c8047e93,3,villager_2   *,44210,0,0,0,0,0,0,,,,,,,
Mia,316990db-e142-4256-93ac-5eea36e2a0b3,3,villager_2   *,44210,0,0,0,0,0,0,,,,,,,
Mia,6e930e1a-0175-4e4d-a515-fd71d878f399,3,chainsaw   Emerald x1,44210,0,0,0,0,0,0,,,,,,,
Mia,9b1376cd-d359-440f-90c6-5e5688877e88,3,chainsaw   Alexandrite x1,44210,0,0,0,0,0,0,,,,,,,
Mia,c699baa3-fb63-43ff-af0a-b63a9cd17a1d,3,chainsaw   Emerald x1,44210,0,0,0,0,0,0,,,,,,,
Mia,70d1069d-fc04-4f91-b7a3-37719f98f637,3,chainsaw   Alexandrite x1,44210,0,0,0,0,0,0,,,,,,,
Mia,bb2a1147-5eff-46a7-a1b9-76a3d09c06b6,3,mendez_chase   .,44110,0,0,0,0,0,0,,,,,preserve noduplicate,,
Mia,7a5110d1-f7cb-40dc-83ca-7f9ca3cc7bf0,3,mendez_chase   .,44101,0,0,0,0,0,0,,,,,preserve noduplicate,,
Mia,7d247c22-a763-421a-9523-3c5ec022e893,3,mendez_chase   .,44101,0,0,0,0,0,0,,,,,preserve noduplicate,,
Mia,,3,[EXTRA] MENDEZ HOUSE // Guarding Typewriter,44110,14,13,99,0,173,0,,d9df2598-1ffe-442f-bc3e-745291a7f13b,,,,small,
Mia,,3,[EXTRA] MENDEZ HOUSE // Guarding Wardrobe,44110,11,9,109,0,168,0,,d9df2598-1ffe-442f-bc3e-745291a7f13b,,,,small,
Mia,,3,[EXTRA] MENDEZ HOUSE // Fly My Pretty,44110,3,9,97,0,-18,0,,d9df2598-1ffe-442f-bc3e-745291a7f13b,,,,small,
Mia,,3,[EXTRA] MENDEZ HOUSE // Guarding Bathroom,44110,12,9,98,0,-104,0,,d9df2598-1ffe-442f-bc3e-745291a7f13b,,,,small,
Mia,,3,[EXTRA],44110,8,13,107,0,83,0,58499a9d-af3d-4f6e-9df5-7b8e2602190e,d9df2598-1ffe-442f-bc3e-745291a7f13b,,,,,
Mia,,3,[EXTRA],44300,49,-4,187,0,-115,0,,,,,small aggroed,,
Mia,,3,[EXTRA],44200,6,-1,170,0,69,0,,,,,,,
Mia,,3,[EXTRA],44410,4,-6,229,0,170,0,,,,,,,
Mia,,3,[EXTRA],44410,15,-6,227,0,-145,0,d9df2598-1ffe-442f-bc3e-745291a7f13b,,,,small,,
Mia,,3,[EXTRA],44410,13,-6,216,0,0,0,d9df2598-1ffe-442f-bc3e-745291a7f13b,,,,small,,
Mia,5ae4ab54-5766-4053-969b-4987633d58d3,3,villager_2 pA(50%)  *,44100,0,0,0,0,0,0,,,,,,,
Mia,1a0b0a18-8128-4da0-bf8b-9b3773b774e6,3,villager_2 pA(100%)  *,44102,0,0,0,0,0,0,,,,,,,
Mia,f8495536-034b-490e-86d9-27808683a4b8,3,villager_2 pA(100%) pitchfork *,40200,0,0,0,0,0,0,,,,,,,
Mia,50d7796c-037e-4272-a134-722dd40289ea,3,villager_2 pA(100%) hoe *,40210,0,0,0,0,0,0,,,,,,,
Mia,6eadf549-f461-49e3-88a7-984eb64c34fe,3,villager_2 pA(100%) hatchet *,40210,0,0,0,0,0,0,,,,,,,
Mia,32513f2a-bd66-45b0-b972-2985ec410893,3,villager_2 pA(100%) knife *,40210,0,0,0,0,0,0,,,,,,,
Mia,9545912d-feb3-4e38-b123-fb389499253d,3,villager_2 pA(100%) crossbow *,40200,0,0,0,0,0,0,,,,,,,
Mia,6c1e727c-2d24-4747-9402-3be54294b1b0,3,villager_2 pA(100%)  *,40200,0,0,0,0,0,0,,,,,,,
Mia,54b13637-78c8-4cc6-b1de-7210a16f2c0b,3,villager_2 pA(100%) hatchet *,40200,0,0,0,0,0,0,,,,,,,
Mia,7eb8d794-dadf-46a7-a034-99c2ad375f43,3,villager_2  dynamite .,43310,0,0,0,0,0,0,,,,,,,
Mia,587da585-6f95-4e34-af78-07e765905e04,3,villager_2 pA(50%) pitchfork *,43300,0,0,0,0,0,0,,,,,,,
Mia,c8ad4b8a-87a0-40fd-bcd6-958b5a36d2cb,3,villager_2 pA(50%)  *,43300,0,0,0,0,0,0,,,,,,,
Mia,bfd82048-65b2-43f6-bcb1-1f2590f60ac1,3,villager_2  dynamite *,43300,0,0,0,0,0,0,,,,,,,
Mia,e253ffb9-9d30-47f5-99bd-74022cce05ea,3,villager_2 pA(50%) hoe *,43300,0,0,0,0,0,0,,,,,,,
Mia,,3,[EXTRA],44101,-11,8,93,0,57,0,d9df2598-1ffe-442f-bc3e-745291a7f13b,,,,,,
Mia,,3,[EXTRA],44101,-8,9,106,0,129,0,d9df2598-1ffe-442f-bc3e-745291a7f13b,,,,,,
Mia,afac38f0-0c3c-4e19-8058-fed0d7105fd3,3,el_gigante_ada   .,43302,0,0,0,0,0,0,,,,,preserve noduplicate,,
Mia,9d040466-ad8b-4f12-9f53-32bb87b76acf,3,villager_2  hatchet *,43300,0,0,0,0,0,0,,,,,,,
Mia,8e5ed561-b407-4d53-93d7-bc7c3eb1a1d1,3,villager_2  pitchfork *,43300,0,0,0,0,0,0,,,,,,,
Mia,c89382a8-d45d-4cf5-8dc2-24decb17147a,3,villager_2  knife *,43300,0,0,0,0,0,0,,,,,,,
Mia,41231449-aacf-4633-ab34-1516fdea98ef,3,villager_2  hatchet *,43300,0,0,0,0,0,0,,,,,,,
Mia,d77bbe39-39ec-4384-b0b8-15a35c87ea32,3,villager_2  pitchfork *,43300,0,0,0,0,0,0,,,,,,,
Mia,97ad429a-dba3-4c1e-96d5-5a6f8b754705,3,villager_2  hatchet *,43300,0,0,0,0,0,0,,,,,,,
Mia,09d06173-00d9-44cb-aa80-65d21cdd656a,3,villager_2  knife *,43300,0,0,0,0,0,0,,,,,,,
Mia,11d8c955-2bcc-45f9-b650-9d649b3b6dd7,4,[EXTRA],51858,-28,22,-23,0,8,0,,,,,small,,mendez_chase
Mia,d6f9fc93-fdce-404c-888a-0931543943db,4,[EXTRA],51858,-27,18,-20,0,-123,0,,,,,small,,mendez_chase
Mia,d7b50fdb-c777-4f8e-9c18-e325da09877e,4,[EXTRA],51859,-36,6,-6,0,87,0,9dd89010-ecc1-46a8-813b-2c68f9bab0c7,0870aade-e2bf-4b75-bff2-7556d8f09f84,,,small,,mendez_chase
Mia,c0ac5bd9-7d13-42c6-bddb-3d6a6779b4de,4,[EXTRA],51859,-31,6,-2,0,-87,0,9dd89010-ecc1-46a8-813b-2c68f9bab0c7,0870aade-e2bf-4b75-bff2-7556d8f09f84,,,small,,mendez_chase
Mia,f2341d12-61a1-4bda-857c-9d1d5ac45ed8,4,[EXTRA],51859,-33,6,2,0,101,0,9dd89010-ecc1-46a8-813b-2c68f9bab0c7,0870aade-e2bf-4b75-bff2-7556d8f09f84,,,small,,mendez_chase
Mia,c869956c-330d-4db5-a87c-edb096cec4c2,4,[EXTRA],51858,-41,6,-21,0,7,0,0870aade-e2bf-4b75-bff2-7556d8f09f84,,,,,,mendez_chase
Mia,c18dcf57-2e50-4263-83e5-4800ccc1ecde,4,[EXTRA],51858,-46,6,-18,0,87,0,0870aade-e2bf-4b75-bff2-7556d8f09f84,,,,,,mendez_chase
Mia,423f087e-9f65-4af2-afc4-aadebbfd546e,4,[EXTRA],51858,-41,10,-18,0,-83,0,0870aade-e2bf-4b75-bff2-7556d8f09f84,,,,small,,mendez_chase
Mia,16f99555-73d6-4259-9d63-981abbee5e4d,4,[EXTRA],51858,-41,14,-18,0,-74,0,0870aade-e2bf-4b75-bff2-7556d8f09f84,,,,small,,mendez_chase
Mia,,4,[EXTRA],51850,-31,26,-46,0,-2,0,4ab1f833-9da4-416a-ad2c-1a068123b87c,,,,,,
Mia,,4,[EXTRA],51850,-31,26,-57,0,1,0,4ab1f833-9da4-416a-ad2c-1a068123b87c,,,,,,
Mia,,4,[EXTRA],51502,2,27,-32,0,-134,0,ad489639-1eaf-4d49-b82a-9791de414ad0,ce59d5e1-2378-4afb-be7c-98aa46a99f57,,,,,
Mia,,4,[EXTRA],51502,-8,27,-38,0,26,0,ad489639-1eaf-4d49-b82a-9791de414ad0,ce59d5e1-2378-4afb-be7c-98aa46a99f57,,,,,
Mia,,4,[EXTRA],51502,-3,27,-34,0,103,0,ad489639-1eaf-4d49-b82a-9791de414ad0,ce59d5e1-2378-4afb-be7c-98aa46a99f57,,,,,
Mia,,4,[EXTRA],51854,21,17,-8,0,100,0,,,,,,,
Mia,,4,[EXTRA],51855,8,17,-8,0,93,0,f113410d-1355-4deb-8e6e-875e728e08d4,,,,,,
Mia,,4,[EXTRA],51855,2,17,-8,0,-88,0,8bdeedac-debc-4f40-a554-405544bd5710,b6398a59-a627-4662-a859-0f7013e8833b,,,,,
Mia,,4,[EXTRA],51854,24,19,-15,0,92,0,b414f084-15be-45b4-9666-9cb29c8106b6,,,,aggroed,,
Mia,,4,[EXTRA],51857,11,13,8,0,-84,0,,,,,,,
Mia,,4,[EXTRA],51857,25,13,14,0,-175,0,4ed9cc6e-4e38-4163-a8b5-0389b11655c2,,,,,,
Mia,,4,[EXTRA],51100,25,21,59,0,-139,0,,a7dc5ebc-953e-42bc-9cc3-7db267316230,,,,,
Mia,,4,[EXTRA],51100,19,21,48,0,175,0,,a7dc5ebc-953e-42bc-9cc3-7db267316230,,,,,
Mia,,4,[EXTRA],51100,27,21,40,0,97,0,,a7dc5ebc-953e-42bc-9cc3-7db267316230,,,,,
Mia,,4,[EXTRA],51101,31,21,30,0,94,0,,a7dc5ebc-953e-42bc-9cc3-7db267316230,,,,,
Mia,,4,[EXTRA],51200,47,21,40,0,-88,0,,a7dc5ebc-953e-42bc-9cc3-7db267316230,,,,,
Mia,,4,[EXTRA],51200,86,27,18,0,-85,0,a7dc5ebc-953e-42bc-9cc3-7db267316230,,,,aggroed,,
Mia,,4,[EXTRA],51200,61,25,19,0,4,0,a7dc5ebc-953e-42bc-9cc3-7db267316230,,,,aggroed,,
Mia,,4,[EXTRA],51200,46,25,26,0,2,0,a7dc5ebc-953e-42bc-9cc3-7db267316230,,,,small aggroed,,
Mia,,4,[EXTRA],51200,45,21,40,0,92,0,a7dc5ebc-953e-42bc-9cc3-7db267316230,,,,aggroed,,
Mia,,4,[EXTRA],51200,54,21,36,0,-178,0,a7dc5ebc-953e-42bc-9cc3-7db267316230,,,,small aggroed,,
Mia,,4,[EXTRA],51200,56,21,50,0,5,0,a7dc5ebc-953e-42bc-9cc3-7db267316230,,,,aggroed,,
Mia,,4,[EXTRA],51200,51,25,36,0,5,0,a7dc5ebc-953e-42bc-9cc3-7db267316230,,,,small aggroed,,
Mia,,4,[EXTRA],51200,78,21,48,0,-88,0,a7dc5ebc-953e-42bc-9cc3-7db267316230,,,,small aggroed,,
Mia,,4,[EXTRA],51200,84,21,22,0,81,0,a7dc5ebc-953e-42bc-9cc3-7db267316230,,,,aggroed,,
Mia,,4,[EXTRA],51200,83,21,28,0,-89,0,a7dc5ebc-953e-42bc-9cc3-7db267316230,,,,small aggroed,,
Mia,,4,[EXTRA],51200,86,21,32,0,1,0,a7dc5ebc-953e-42bc-9cc3-7db267316230,,,,small aggroed,,
Mia,,4,[EXTRA],51200,85,21,51,0,167,0,a7dc5ebc-953e-42bc-9cc3-7db267316230,,,,,,
Mia,,4,[EXTRA],51200,47,21,55,0,-137,0,a7dc5ebc-953e-42bc-9cc3-7db267316230,,,,small aggroed,,
Mia,,4,[EXTRA],51301,73,24,40,0,-89,0,a7dc5ebc-953e-42bc-9cc3-7db267316230,,,,small aggroed,,
Mia,,4,[EXTRA],51200,61,21,26,0,3,0,a7dc5ebc-953e-42bc-9cc3-7db267316230,,,,small aggroed,,
Mia,,4,[EXTRA],51200,68,21,31,0,165,0,a7dc5ebc-953e-42bc-9cc3-7db267316230,,,,aggroed,,
Mia,,4,[EXTRA],51202,85,27,10,0,2,0,9accaa46-2d7c-4b2a-a110-559657390c75,,,,,,
Mia,,4,[EXTRA],51202,76,27,6,0,1,0,9accaa46-2d7c-4b2a-a110-559657390c75,,,,,,
Mia,,4,[EXTRA],51202,81,27,9,0,-178,0,9accaa46-2d7c-4b2a-a110-559657390c75,,,,small,,
Mia,,4,[EXTRA],51600,76,27,-11,0,3,0,9accaa46-2d7c-4b2a-a110-559657390c75,,,,,,
Mia,,4,[EXTRA],51600,81,23,-27,0,-86,0,9accaa46-2d7c-4b2a-a110-559657390c75,,,,,,
Mia,,4,[EXTRA],51600,82,27,-90,0,-5,0,9accaa46-2d7c-4b2a-a110-559657390c75,,,,,,
Mia,,4,[EXTRA],51600,83,27,-78,0,-156,0,9accaa46-2d7c-4b2a-a110-559657390c75,,,,,,
Mia,,4,[EXTRA],51870,84,23,-93,0,17,0,9accaa46-2d7c-4b2a-a110-559657390c75,,,,,,
Mia,,4,[EXTRA],51870,86,23,-87,0,115,0,9accaa46-2d7c-4b2a-a110-559657390c75,,,,,,
Mia,af33fe47-7e7e-4fc6-8092-0c2fa6fe83fc,4,zealot   *,51858,0,0,0,0,0,0,,,,,,,
Mia,1e9ba825-2ee2-49ce-84b9-fa960d3c3c6a,4,zealot pA(70%) hatchet | wooden_shield *,51858,0,0,0,0,0,0,,,,,,,
Mia,c9c9785d-ce65-4fac-aa55-1a9c4ce62987,4,zealot pB(60%) morning_star | wooden_shield *,51858,0,0,0,0,0,0,,,,,,,
Mia,1071e5e5-350d-4206-b09f-b86d1b901798,4,zealot pB(40%) scythe *,51858,0,0,0,0,0,0,,,,,,,
Mia,b6bcc5a9-15b3-42ea-a4be-e51649b1adf9,4,zealot  morning_star *,51503,0,0,0,0,0,0,,,,,,,
Mia,edebd278-0f86-403f-80c2-603eb0f9d366,4,zealot  torch *,51503,0,0,0,0,0,0,,,,,,,
Mia,3840bbc2-399d-46ee-bffb-1aaccf17f296,4,armadura   *,51502,0,0,0,0,0,0,,,,,,,
Mia,23c8fdb3-6728-4c02-b5bd-3744c2384c19,4,armadura   *,51502,0,0,0,0,0,0,,,,,,,
Mia,eaa2596e-4810-4bb7-bd8e-e373746fc02c,4,armadura   *,51502,0,0,0,0,0,0,,,,,,,
Mia,1d7a047c-d4ba-4a36-8ae5-a509be533c50,4,armadura   *,51856,0,0,0,0,0,0,,,,,,,
Mia,729c6640-0d83-417a-830a-8fdcd6b2242f,4,armadura   *,51856,0,0,0,0,0,0,,,,,,,
Mia,6d4794b7-9953-4142-af85-7bb5a2c2ecbf,4,armadura   *,51856,0,0,0,0,0,0,,,,,,,
Mia,bf295d0a-0f25-4f20-822b-1d6aace5046f,4,armadura   *,51856,0,0,0,0,0,0,,,,,,,
Mia,1c0a0e85-2fab-49bc-ba66-99f8a4b644cc,4,armadura   *,51856,0,0,0,0,0,0,,,,,,,
Mia,66833352-773f-4ba2-aec4-ebc6b17acdfd,4,armadura   *,51856,0,0,0,0,0,0,,,,,,,
Mia,39c2df0f-6e47-4686-aacd-0c733cfe561a,4,armadura   *,51856,0,0,0,0,0,0,,,,,,,
Mia,1e71c858-8f12-42d1-9e16-61dd631dcf95,4,armadura   *,51856,0,0,0,0,0,0,,,,,,,
Mia,a3dca3fa-e58c-464f-aff9-216dba45ffc8,4,armadura   *,51857,0,0,0,0,0,0,,,,,,,mendez_chase
Mia,4658ba02-8fa0-4dd6-b6a0-36d1bc9363fb,4,armadura   *,51857,0,0,0,0,0,0,,,,,,,mendez_chase
Mia,c0274662-72b7-4f23-9c3f-ee1d8a5a174a,4,armadura   *,51857,0,0,0,0,0,0,,,,,,,mendez_chase
Mia,8168407b-a4f3-48fb-a553-39527eaab8ce,4,armadura   *,51857,0,0,0,0,0,0,,,,,,,mendez_chase
Mia,4a43992c-71b0-4a2e-ba91-9a588716f255,4,armadura   *,51857,0,0,0,0,0,0,,,,,,,mendez_chase
Mia,025c604b-e2ac-4c15-afc8-166d95a56618,4,armadura   *,51857,0,0,0,0,0,0,,,,,,,mendez_chase
Mia,052db33d-943f-4749-94c2-5a4947875ec9,4,armadura   *,51857,0,0,0,0,0,0,,,,,,,mendez_chase
Mia,46e5709d-8522-4502-9552-50d34c51d358,4,armadura   *,51857,0,0,0,0,0,0,,,,,,,mendez_chase
Mia,b99aba1c-b3f1-4a34-8c93-62e220414ee5,4,armadura   *,51857,0,0,0,0,0,0,,,,,,,mendez_chase
Mia,1d78466a-5422-4060-951d-77bba8dbd947,4,armadura   *,51857,0,0,0,0,0,0,,,,,,,mendez_chase
Mia,34ede7c5-f7bb-4cec-acd6-9c563b6197b3,4,zealot  crossbow *,51856,0,0,0,0,0,0,,,,,preserve noduplicate,,
Mia,520a78bd-23dd-4f53-81cb-b1ff7ce11af9,4,zealot  crossbow *,51856,0,0,0,0,0,0,,,,,preserve noduplicate,,
Mia,ab2fb0c0-d7f3-499c-bbd7-c8ae077f1bbc,4,zealot  crossbow *,51856,0,0,0,0,0,0,,,,,preserve noduplicate,,
Mia,16a47761-f8a0-4b63-8fa5-5832a1c6828d,4,zealot  crossbow *,51856,0,0,0,0,0,0,,,,,preserve noduplicate,,
Mia,5d27dc30-d263-45e7-8151-9ebe69b3c46c,4,zealot  crossbow *,51857,0,0,0,0,0,0,,,,,preserve noduplicate,,
Mia,ac86625f-d7ea-44ab-a05f-4f384397eef6,4,zealot  crossbow *,51856,0,0,0,0,0,0,,,,,preserve noduplicate,,
Mia,7a813144-e784-4523-960d-cf05697ef63b,4,zealot  crossbow *,51857,0,0,0,0,0,0,,,,,preserve noduplicate,,
Mia,53212245-0156-4d87-a726-6d2a250f0737,4,zealot  crossbow *,51856,0,0,0,0,0,0,,,,,preserve noduplicate,,
Mia,784d9ef9-5bc8-4d9e-bc7d-349897d50e8d,4,zealot pB(0%) morning_star *,51200,0,0,0,0,0,0,,,,,,,armadura colmillos cow garrador gold-armadura mendez_2 mendez_chase novistador pesanta pig super-colmillos u3 verdugo
Mia,cd5c20be-9f49-4307-a6be-25efd3c801fb,4,zealot pA(0%)  *,51200,0,0,0,0,0,0,,,,,,,armadura colmillos cow garrador gold-armadura mendez_2 mendez_chase novistador pesanta pig super-colmillos u3 verdugo
Mia,b29f2544-6b5b-4de5-a1c6-9fb2342b56f7,4,zealot pB(0%)  *,51200,0,0,0,0,0,0,,,,,,,armadura colmillos cow garrador gold-armadura mendez_2 mendez_chase novistador pesanta pig super-colmillos u3 verdugo
Mia,dfd05baf-589b-4ca7-8bee-8c3b79de9fa0,4,zealot pB(0%) torch *,51200,0,0,0,0,0,0,,,,,,,armadura colmillos cow garrador gold-armadura mendez_2 mendez_chase novistador pesanta pig super-colmillos u3 verdugo
Mia,39cd9d7a-38e6-43ef-8d6b-f9785cc8e116,4,zealot pB(0%) torch *,51200,0,0,0,0,0,0,,,,,,,armadura colmillos cow garrador gold-armadura mendez_2 mendez_chase novistador pesanta pig super-colmillos u3 verdugo
Mia,cdb438db-4f29-45e8-9d6d-ac6179b389e7,4,zealot pA(0%)  *,51200,0,0,0,0,0,0,,,,,,,armadura colmillos cow garrador gold-armadura mendez_2 mendez_chase novistador pesanta pig super-colmillos u3 verdugo
Mia,b8ba5ace-023c-4aff-8f07-7793e365b205,4,zealot pA(0%) hatchet *,51200,0,0,0,0,0,0,,,,,,,armadura colmillos cow garrador gold-armadura mendez_2 mendez_chase novistador pesanta pig super-colmillos u3 verdugo
Mia,603136b6-80f4-4776-abbb-776102fa3928,4,zealot pA(0%) morning_star | wooden_shield *,51200,0,0,0,0,0,0,,,,,,,armadura colmillos cow garrador gold-armadura mendez_2 mendez_chase novistador pesanta pig super-colmillos u3 verdugo
Mia,50838391-c554-4e86-843b-2eb4273e656d,4,zealot pA(0%)  *,51200,0,0,0,0,0,0,,,,,,,armadura colmillos cow garrador gold-armadura mendez_2 mendez_chase novistador pesanta pig super-colmillos u3 verdugo
Mia,d5b38a9f-ebd3-4e20-ae46-80066f680390,4,zealot pA(0%) morning_star *,51200,0,0,0,0,0,0,,,,,,,armadura colmillos cow garrador gold-armadura mendez_2 mendez_chase novistador pesanta pig super-colmillos u3 verdugo
Mia,3edd46a4-5b11-4364-b317-739af2544483,4,zealot pB(0%) torch *,51200,0,0,0,0,0,0,,,,,,,armadura colmillos cow garrador gold-armadura mendez_2 mendez_chase novistador pesanta pig super-colmillos u3 verdugo
Mia,8f1f4979-5165-441d-92b0-c291ecb9730f,4,zealot pB(0%) hatchet *,51200,0,0,0,0,0,0,,,,,,,armadura colmillos cow garrador gold-armadura mendez_2 mendez_chase novistador pesanta pig super-colmillos u3 verdugo
Mia,b3b2110a-0495-458d-ab75-2fdd87ccde76,4,zealot pA(0%) scythe *,51200,0,0,0,0,0,0,,,,,,,armadura colmillos cow garrador gold-armadura mendez_2 mendez_chase novistador pesanta pig super-colmillos u3 verdugo
Mia,abf6d953-7a4e-461a-a202-3d9738bc1a98,4,zealot pA(0%) crossbow *,51200,0,0,0,0,0,0,,,,,,,armadura colmillos cow garrador gold-armadura mendez_2 mendez_chase novistador pesanta pig super-colmillos u3 verdugo
Mia,75b7efc4-9a8b-4f4b-b28f-e27c5c76a02e,4,zealot pB(0%)  *,51200,0,0,0,0,0,0,,,,,,,armadura colmillos cow garrador gold-armadura mendez_2 mendez_chase novistador pesanta pig super-colmillos u3 verdugo
Mia,0cecfc21-8870-464d-8496-3992bb2bbaf0,4,zealot pA(0%) torch *,51200,0,0,0,0,0,0,,,,,,,armadura colmillos cow garrador gold-armadura mendez_2 mendez_chase novistador pesanta pig super-colmillos u3 verdugo
Mia,c1931ba7-c1c2-458f-98a2-01d3f96965de,4,zealot pA(0%) morning_star *,51200,0,0,0,0,0,0,,,,,,,armadura colmillos cow garrador gold-armadura mendez_2 mendez_chase novistador pesanta pig super-colmillos u3 verdugo
Mia,1a4b7f3e-01fe-47b4-a23d-628aa94b5978,4,zealot pB(0%) staff SW - Blue Moonstone x1,51200,0,0,0,0,0,0,,,Mia-maze-red-zealot,,noduplicate,,krauser_1 krauser_2 mendez_chase pesanta u3
Mia,2c6af51a-4bae-4f48-a557-5888968d9fba,4,zealot pB(100%) torch *,51200,0,0,0,0,0,0,,,,,,,
Mia,32806602-3134-47c7-a09e-2ed00f62abe6,4,zealot pA(0%)  *,51200,0,0,0,0,0,0,,,,,,,
Mia,053ddc1d-1f18-4424-b81e-bc4bb7315549,4,zealot pA(0%) scythe *,51200,0,0,0,0,0,0,,,,,,,armadura colmillos cow garrador gold-armadura mendez_2 mendez_chase novistador pesanta pig super-colmillos u3 verdugo
Mia,c7cbfa8c-db36-44f6-a2e5-ecaf3a900817,4,zealot  scythe *,51600,0,0,0,0,0,0,,,,,,,
Mia,7b0b8577-47f8-48c2-9ff8-2fa47a6b85c5,4,zealot  scythe *,51612,0,0,0,0,0,0,,,,,,,
Mia,fe6d2aa8-d5bd-4607-b0c2-e1e8fcdb68e1,4,zealot   *,51612,0,0,0,0,0,0,,,,,,,
Mia,5eb285e5-b1b8-4b67-9a08-64c11a98bd9e,5,zealot  torch *,51610,0,0,0,0,0,0,,,,,,,
Mia,a6b080d8-ab1b-4b6d-a9a0-f6dde6e3ab5a,5,zealot   *,51610,0,0,0,0,0,0,,,,,,,
Mia,ac60325a-c2a9-4c64-89b4-4995ae09850a,5,zealot  hatchet *,51610,0,0,0,0,0,0,,,,,,,
Mia,,5,[EXTRA],51600,77,27,-97,0,-153,0,,,,,aggroed,,
Mia,,5,[EXTRA],51600,58,27,-113,0,160,0,,,,,,,
Mia,,5,[EXTRA],51600,21,27,-120,0,125,0,,,,,aggroed,,
Mia,,5,[EXTRA],51600,46,31,-111,0,-58,0,,,,,,,
Mia,,5,[EXTRA],55850,37,13,-118,0,-110,0,,,,,,,
Mia,,5,[EXTRA],55850,65,-29,-114,0,-179,0,,,,,,,
Mia,,5,[EXTRA],55200,135,1,38,0,-176,0,,1ea60f26-e525-4ef2-ac0b-78bdd07ed961,,,small,,
Mia,,5,[EXTRA],55200,137,1,32,0,-117,0,,1ea60f26-e525-4ef2-ac0b-78bdd07ed961,,,small,,
Mia,,5,[EXTRA],55860,129,-57,106,0,23,0,1ea60f26-e525-4ef2-ac0b-78bdd07ed961,e794dfa4-d9bd-4e35-8ccd-b4fd1e3c6399,,,aggroed,,
Mia,,5,[EXTRA],55860,125,-57,111,0,84,0,1ea60f26-e525-4ef2-ac0b-78bdd07ed961,e794dfa4-d9bd-4e35-8ccd-b4fd1e3c6399,,,aggroed,,
Mia,,5,[EXTRA],55860,143,-57,113,0,-66,0,d6e6fde3-9208-4077-a2b8-271e12c01c09,e794dfa4-d9bd-4e35-8ccd-b4fd1e3c6399,,,aggroed,,
Mia,,5,[EXTRA],55860,111,-62,83,0,60,0,e794dfa4-d9bd-4e35-8ccd-b4fd1e3c6399,,,,aggroed,,
Mia,,5,[EXTRA],55860,122,-62,77,0,10,0,e794dfa4-d9bd-4e35-8ccd-b4fd1e3c6399,,,,aggroed,,
Mia,,5,[EXTRA],55860,128,-62,79,0,-8,0,e794dfa4-d9bd-4e35-8ccd-b4fd1e3c6399,,,,aggroed,,
Mia,,5,[EXTRA],55860,114,-62,92,0,111,0,e794dfa4-d9bd-4e35-8ccd-b4fd1e3c6399,,,,aggroed,,
Mia,,5,[EXTRA],55300,183,-42,50,0,152,0,ac01c1e3-7a77-46aa-a5e0-557771245ca0,,,,small,,
Mia,,5,[EXTRA],55300,189,-44,56,0,-19,0,ac01c1e3-7a77-46aa-a5e0-557771245ca0,,,,small,,
Mia,,5,[EXTRA],55302,207,-18,50,0,-26,0,ac01c1e3-7a77-46aa-a5e0-557771245ca0,,,,,,
Mia,,5,[EXTRA],55302,190,-6,48,0,166,0,ac01c1e3-7a77-46aa-a5e0-557771245ca0,,,,,,
Mia,,5,[EXTRA],56104,201,46,-88,0,-88,0,,,,,,,
Mia,,5,[EXTRA],56201,301,48,-115,0,-28,0,,,,,,,
Mia,,5,[EXTRA],56201,297,48,-104,0,152,0,,,,,,,
Mia,,5,[EXTRA],56302,349,-7,-75,0,-1,0,,,,,,,
Mia,,5,[EXTRA],56302,336,-7,-76,0,3,0,,,,,,,
Mia,,5,[EXTRA],56302,342,-7,-62,0,-87,0,,,,,,,
Mia,323b2e95-a1f6-42bc-bdaa-5d67cb44fd6f,5,novistador   *,55860,0,0,0,0,0,0,,,,,,,
Mia,1caba01a-7d83-44c6-9076-955d4a24c053,5,novistador   *,55860,0,0,0,0,0,0,,,,,,,
Mia,661242c1-42a2-40ab-9861-6cffae6848ef,5,novistador   *,55860,0,0,0,0,0,0,,,,,,,
Mia,2a89b28a-96b2-495e-bac5-8440cf8990a4,5,novistador   *,55860,0,0,0,0,0,0,,,,,,,
Mia,0c07b09a-7a3f-4139-8805-a946169ff151,5,novistador   *,55860,0,0,0,0,0,0,,,,,,,
Mia,64149c6e-d235-40a8-aa9b-60a4fad1ee58,5,novistador   *,55860,0,0,0,0,0,0,,,,,,,
Mia,ba574d79-51ac-49c1-a619-97f2011bcd8c,5,novistador   *,55860,0,0,0,0,0,0,,,,,,,
Mia,b0f1b73d-0bc4-4b42-aea7-0ae126fb4980,5,novistador   *,55860,0,0,0,0,0,0,,,,,,,
Mia,f08c4035-db96-4529-8069-d604e433319b,5,novistador   *,55860,0,0,0,0,0,0,,,,,,,
Mia,aec56372-0414-4ddc-a2c3-535c8534f44c,5,novistador   *,55860,0,0,0,0,0,0,,,,,,,
Mia,9f4e636b-1640-4f48-bb66-647f94d2a73b,5,novistador   *,55860,0,0,0,0,0,0,,,,,,,
Mia,9fc17e1c-90e9-4547-821e-20b4f01f6c1c,5,novistador   *,55860,0,0,0,0,0,0,,,,,,,
Mia,b1fc0911-5ae0-4c92-a7ca-f7d4a2919b63,5,novistador   *,55860,0,0,0,0,0,0,,,,,,,
Mia,e299a507-9f0f-4c3d-95f2-3406e664fe16,5,novistador   *,55860,0,0,0,0,0,0,,,,,,,
Mia,0645071d-4093-449b-b4bf-d46e41500f92,5,novistador   *,55860,0,0,0,0,0,0,,,,,,,
Mia,8eef8d2e-2e21-46ce-bf4e-8c93fca7fed4,5,novistador   *,55860,0,0,0,0,0,0,,,,,,,
Mia,eb76dfe3-18cb-4e86-a4e6-b20325c40d18,5,novistador   *,55860,0,0,0,0,0,0,,,,,,,
Mia,53daa596-84e8-466c-b9f3-21b091195cce,5,novistador   *,55860,0,0,0,0,0,0,,,,,,,
Mia,6fcd4d1c-81c2-4435-a17b-eb7017f3e6e2,5,novistador   *,55860,0,0,0,0,0,0,,,,,,,
Mia,933281ae-e57d-4d76-bc2a-2d92c904c982,5,novistador   *,55860,0,0,0,0,0,0,,,,,,,
Mia,f2b5e39e-6cba-481b-9542-22829ee33a6c,5,novistador   *,55860,0,0,0,0,0,0,,,,,,,
Mia,48e9fd6f-3269-4de3-9749-a25ce25b336f,5,novistador   *,55860,0,0,0,0,0,0,,,,,,,
Mia,17e811cb-2657-44d4-9654-ea02720cee4e,5,novistador   *,55860,0,0,0,0,0,0,,,,,,,
Mia,07eacf3c-44d0-44f0-9a5b-cec6ae07a187,5,novistador   *,55860,0,0,0,0,0,0,,,,,,,
Mia,4da9a4cc-3126-41fe-b6ac-302fff3dae85,5,novistador   *,55860,0,0,0,0,0,0,,,,,,,
Mia,2a66d060-b68b-44ad-9c36-9b2201583a3f,5,novistador   *,55860,0,0,0,0,0,0,,,,,,,
Mia,506b4577-09a9-454d-9733-80056aa6fde0,5,novistador   *,55860,0,0,0,0,0,0,,,,,,,
Mia,41691f0a-4f56-4e1e-8bd2-6c76711f7c4e,5,novistador   *,55860,0,0,0,0,0,0,,,,,,,
Mia,5793d24f-0a18-4a27-a887-fb0762be768a,5,novistador   *,55860,0,0,0,0,0,0,,,,,,,
Mia,ef40ad2c-b50a-4419-b1ae-9f4ab2382912,5,novistador   *,55852,0,0,0,0,0,0,,,,,,,
Mia,009e6f10-06b5-427d-b22d-448ad41511e2,5,novistador   *,55852,0,0,0,0,0,0,,,,,,,
Mia,ebee403d-daa9-4909-898e-b339d01a7879,5,zealot pA(20%) crossbow *,55851,0,0,0,0,0,0,,,,,,,
Mia,e3df6991-7b1b-4a91-afa9-b70023ada0fa,5,zealot pA(70%) hatchet *,55851,0,0,0,0,0,0,,,,,,,
Mia,f4b42cad-4fc1-4b13-90ab-c7c37c20f907,5,zealot pA(10%) torch *,55851,0,0,0,0,0,0,,,,,,,
Mia,f0fb16b8-5b6e-4ac7-aecc-05049a90d9e2,5,zealot  morning_star | wooden_shield *,55852,0,0,0,0,0,0,,,,,,,
Mia,e3da774f-140a-4c3f-a7b7-87d7f0310404,5,novistador   *,55852,0,0,0,0,0,0,,,,,,,
Mia,8e176f8f-2eb8-4f62-842d-1fb911d3369b,5,novistador   *,55852,0,0,0,0,0,0,,,,,,,
Mia,efc2f85b-43fb-442b-a4b0-3109360414e0,5,zealot  crossbow *,55852,0,0,0,0,0,0,,,,,,,
Mia,3d1d0fc2-8e32-4f42-be55-93fcf4304280,5,zealot  crossbow *,55852,0,0,0,0,0,0,,,,,,,
Mia,b772c9f4-2e44-416e-b661-70ae48cab3ca,5,novistador   *,55851,0,0,0,0,0,0,,,,,,,
Mia,083f5464-2a6b-4fb3-ad88-15e93ad7e6fb,5,novistador   *,55851,0,0,0,0,0,0,,,,,,,
Mia,9a9ae08e-d728-4f18-8bc0-b082e80f346d,5,novistador   *,55851,0,0,0,0,0,0,,,,,,,
Mia,317687a1-586a-46a5-a30c-651a9515c24c,5,novistador   *,55852,0,0,0,0,0,0,,,,,,,
Mia,dc250bac-d9ae-4c08-a3bd-8e1fcfe0f8ca,5,novistador   *,55852,0,0,0,0,0,0,,,,,,,
Mia,80a3dd85-e5e6-4683-8f22-0d5326270add,5,novistador   *,55853,0,0,0,0,0,0,,,,,,,
Mia,d7470f74-0333-4087-a138-348923c0f392,5,novistador   *,55853,0,0,0,0,0,0,,,,,,,
Mia,3a0cc8e6-cc0e-4aff-81ca-1bd92dbcd08d,5,zealot  crossbow *,55851,0,0,0,0,0,0,,,,,,,
Mia,c19db2bd-d891-4d65-97d0-85ebc6cc09ce,5,zealot pA(100%) scythe *,55853,0,0,0,0,0,0,,,,,,,
Mia,93d4c788-a556-4bac-b795-771b85f371fb,5,zealot  torch *,55853,0,0,0,0,0,0,,,,,,,
Mia,b318baf5-918d-4d8e-9aa1-0701e56afd46,5,novistador   *,55852,0,0,0,0,0,0,,,,,,,
Mia,154fd326-43bb-4150-8693-842024182f7d,5,novistador   *,55852,0,0,0,0,0,0,,,,,,,
Mia,2045be2f-c7c8-4f5f-b0ca-cdf8f09b6f33,5,zealot pA(40%) crossbow *,55851,0,0,0,0,0,0,,,,,,,
Mia,c6603979-f871-472d-bbbd-afbefd6a9af9,5,zealot  crossbow *,55851,0,0,0,0,0,0,,,,,,,
Mia,8e7bc48b-dba2-4811-b994-c53d219081a8,5,zealot  crossbow *,55852,0,0,0,0,0,0,,,,,,,
Mia,039d0c99-6b0b-437b-8988-8e1f26398a80,5,viper   Viper x1,55852,0,0,0,0,0,0,,,,,,,
Mia,87cea82b-88d8-45ad-ab77-7299652fdcb6,5,viper   Viper x1,55851,0,0,0,0,0,0,,,,,,,
Mia,3e656c9e-04f2-4ee7-a56f-34d9d15f607a,5,garrador   Red Beryl x1,55854,0,0,0,0,0,0,,,Mia-garradors,,noduplicate,,mendez_chase
Mia,a38d7aac-b586-47d7-8d05-237de875ecbe,5,garrador   Gold Bar x1,55854,0,0,0,0,0,0,,,Mia-garradors,,noduplicate,,mendez_chase
Mia,c2d49373-550b-44b5-a739-0bbc6d3257ed,5,garrador   Gold Bar x1,55854,0,0,0,0,0,0,,,Mia-garradors,,noduplicate,,mendez_chase
Mia,ddf71148-30bd-4253-9d9a-c4824578ea02,5,zealot   *,55854,0,0,0,0,0,0,,,,,,,armadura colmillos cow garrador gold-armadura mendez_2 mendez_chase pesanta pig regenerador iron_maiden super_iron_maiden super-colmillos u3 verdugo
Mia,1ce8f3ad-a921-4ba1-90cd-fcfc4e8ec2d0,5,zealot  scythe *,55854,0,0,0,0,0,0,,,,,,,armadura colmillos cow garrador gold-armadura mendez_2 mendez_chase pesanta pig regenerador iron_maiden super_iron_maiden super-colmillos u3 verdugo
Mia,195419f1-d7ae-42cc-b630-2adaba227dcd,5,zealot  morning_star *,55854,0,0,0,0,0,0,,,,,,,armadura colmillos cow garrador gold-armadura mendez_2 mendez_chase pesanta pig regenerador iron_maiden super_iron_maiden super-colmillos u3 verdugo
Mia,e9db6514-bfed-4bcd-88f7-1173146559dd,5,zealot  hatchet *,55854,0,0,0,0,0,0,,,,,,,armadura colmillos cow garrador gold-armadura mendez_2 mendez_chase pesanta pig regenerador iron_maiden super_iron_maiden super-colmillos u3 verdugo
Mia,e61b20df-7642-4484-97ee-2240ec43bc86,5,zealot  hatchet *,55854,0,0,0,0,0,0,,,,,,,armadura colmillos cow garrador gold-armadura mendez_2 mendez_chase pesanta pig regenerador iron_maiden super_iron_maiden super-colmillos u3 verdugo
Mia,a3b820c6-fd7d-4b20-a463-9d47aa470ae7,5,arana   *,55854,0,0,0,0,0,0,,,,,,,armadura colmillos cow garrador gold-armadura mendez_2 mendez_chase pesanta pig regenerador iron_maiden super_iron_maiden super-colmillos u3 verdugo
Mia,94e8deb2-93a9-424a-bc06-3e8e3d7e2ebb,5,zealot   *,55854,0,0,0,0,0,0,,,,,,,armadura colmillos cow garrador gold-armadura mendez_2 mendez_chase pesanta pig regenerador iron_maiden super_iron_maiden super-colmillos u3 verdugo
Mia,73316891-de14-459f-80f6-8cbc512e7067,5,zealot  torch *,55854,0,0,0,0,0,0,,,,,,,armadura colmillos cow garrador gold-armadura mendez_2 mendez_chase pesanta pig regenerador iron_maiden super_iron_maiden super-colmillos u3 verdugo
Mia,2332599f-3c22-4025-a058-30b87c9e3241,5,zealot pA(100%) crossbow *,55854,0,0,0,0,0,0,,,,,,,armadura colmillos cow garrador gold-armadura mendez_2 mendez_chase pesanta pig regenerador iron_maiden super_iron_maiden super-colmillos u3 verdugo
Mia,2de0ac73-bbb7-4205-87af-03b2fbbba772,5,zealot   *,55854,0,0,0,0,0,0,,,,,,,armadura colmillos cow garrador gold-armadura mendez_2 mendez_chase pesanta pig regenerador iron_maiden super_iron_maiden super-colmillos u3 verdugo
Mia,49e0b35f-62b3-4812-84db-fd6e55baa976,5,zealot   *,55854,0,0,0,0,0,0,,,,,,,armadura colmillos cow garrador gold-armadura mendez_2 mendez_chase pesanta pig regenerador iron_maiden super_iron_maiden super-colmillos u3 verdugo
Mia,c0794572-9269-4fc4-ba6e-cb24c513d394,5,arana   *,55854,0,0,0,0,0,0,,,,,,,armadura colmillos cow garrador gold-armadura mendez_2 mendez_chase pesanta pig regenerador iron_maiden super_iron_maiden super-colmillos u3 verdugo
Mia,0692a9c5-971c-4ef4-964c-bb4cf851b29d,5,zealot   *,55854,0,0,0,0,0,0,,,,,,,armadura colmillos cow garrador gold-armadura mendez_2 mendez_chase pesanta pig regenerador iron_maiden super_iron_maiden super-colmillos u3 verdugo
Mia,4c6b7624-1a19-441e-a974-5a92abfdd99d,5,zealot  morning_star *,55854,0,0,0,0,0,0,,,,,,,armadura colmillos cow garrador gold-armadura mendez_2 mendez_chase pesanta pig regenerador iron_maiden super_iron_maiden super-colmillos u3 verdugo
Mia,729f9500-1517-4fa0-8991-d513dd9956ca,5,zealot  hatchet *,55854,0,0,0,0,0,0,,,,,,,armadura colmillos cow garrador gold-armadura mendez_2 mendez_chase pesanta pig regenerador iron_maiden super_iron_maiden super-colmillos u3 verdugo
Mia,2503943a-4dc6-471f-8c32-910e550291ec,5,zealot  torch *,55854,0,0,0,0,0,0,,,,,,,armadura colmillos cow garrador gold-armadura mendez_2 mendez_chase pesanta pig regenerador iron_maiden super_iron_maiden super-colmillos u3 verdugo
Mia,7445be02-03d7-4f80-953e-17fc66028178,5,zealot pA(100%) crossbow *,55854,0,0,0,0,0,0,,,,,,,armadura colmillos cow garrador gold-armadura mendez_2 mendez_chase pesanta pig regenerador iron_maiden super_iron_maiden super-colmillos u3 verdugo
Mia,5befec8e-c704-469b-b746-4ba5a3d4c59b,5,zealot   *,55854,0,0,0,0,0,0,,,,,,,armadura colmillos cow garrador gold-armadura mendez_2 mendez_chase pesanta pig regenerador iron_maiden super_iron_maiden super-colmillos u3 verdugo
Mia,652e874e-2851-45d8-b71f-ac445b5c675d,5,zealot pA(100%) crossbow *,55854,0,0,0,0,0,0,,,,,,,armadura colmillos cow garrador gold-armadura mendez_2 mendez_chase pesanta pig regenerador iron_maiden super_iron_maiden super-colmillos u3 verdugo
Mia,5f242a40-e32c-4f18-9fc5-bdaad676a012,5,zealot   *,55854,0,0,0,0,0,0,,,,,,,armadura colmillos cow garrador gold-armadura mendez_2 mendez_chase pesanta pig regenerador iron_maiden super_iron_maiden super-colmillos u3 verdugo
Mia,fbc0f3be-677d-4cce-916e-14a7f9e20987,5,zealot   *,55854,0,0,0,0,0,0,,,,,,,armadura colmillos cow garrador gold-armadura mendez_2 mendez_chase pesanta pig regenerador iron_maiden super_iron_maiden super-colmillos u3 verdugo
Mia,b8083838-4b90-4638-b656-3e7c23d338de,5,zealot  scythe *,55854,0,0,0,0,0,0,,,,,,,armadura colmillos cow garrador gold-armadura mendez_2 mendez_chase pesanta pig regenerador iron_maiden super_iron_maiden super-colmillos u3 verdugo
Mia,d3c407a9-08cd-416c-b978-cd7c1c9908b3,5,u3   .,55860,0,0,0,0,0,0,,,,,preserve noduplicate,,
Mia,56ca7658-5434-4d3b-8622-9a9891e1daa1,5,u3   .,55860,0,0,0,0,0,0,,,,,preserve noduplicate,,
Mia,143966b9-0ce5-4b70-a467-0fe98ac27823,5,novistador   *,55300,0,0,0,0,0,0,,,,,preserve noduplicate,,
Mia,85b869ee-885e-450a-8889-4c08d0cc2079,5,novistador   *,55300,0,0,0,0,0,0,,,,,preserve noduplicate,,
Mia,3bd367b5-71ce-4680-ab1d-4cf089e19c04,5,novistador   *,55300,0,0,0,0,0,0,,,,,preserve noduplicate,,
Mia,6a6134d5-8668-4023-a9ab-60506d3fdb9e,5,novistador   *,55300,0,0,0,0,0,0,,,,,preserve noduplicate,,
Mia,078c9a3c-0687-4c75-a0d2-b65a772f06ea,5,novistador   *,55300,0,0,0,0,0,0,,,,,preserve noduplicate,,
Mia,76929440-6b96-4fbb-9983-9657652547a8,5,novistador   *,55300,0,0,0,0,0,0,,,,,preserve noduplicate,,
Mia,f4dd8fd3-b607-4456-be44-b9e48d883494,5,novistador   *,55300,0,0,0,0,0,0,,,,,preserve noduplicate,,
Mia,fe739f81-8cfc-42f0-8246-1bf716ed4ae2,5,novistador   *,55300,0,0,0,0,0,0,,,,,preserve noduplicate,,
Mia,8c2769af-5ce7-4b9e-9ed2-716db061762e,5,novistador   *,55300,0,0,0,0,0,0,,,,,preserve noduplicate,,
Mia,9b6d7e72-e1ba-4afe-9f0c-b65c54b99f49,5,novistador   *,55300,0,0,0,0,0,0,,,,,preserve noduplicate,,
Mia,34ed6a18-c0b4-40de-b781-80420dae8274,5,novistador   *,55300,0,0,0,0,0,0,,,,,preserve noduplicate,,
Mia,1c094d1a-3783-4733-afe3-39847f7caf2a,5,novistador   *,55300,0,0,0,0,0,0,,,,,preserve noduplicate,,
Mia,2117da55-6e86-4cd1-8c14-03300b701bbd,5,novistador   *,55300,0,0,0,0,0,0,,,,,preserve noduplicate,,
Mia,fb1c8cd0-5139-466b-8ebf-499b3d142ee2,5,novistador   *,55300,0,0,0,0,0,0,,,,,preserve noduplicate,,
Mia,3b760468-3df4-4f5b-8534-779b798ae441,5,zealot pA(0%) scythe *,56104,0,0,0,0,0,0,,,,,,,
Mia,d92d8f46-3587-417d-bd92-e0535c9a36b3,5,zealot pA(0%) torch *,56104,0,0,0,0,0,0,,,,,,,
Mia,9aa9ef7a-17cd-4093-8928-22da52cc57fe,5,zealot pA(65%) crossbow *,56104,0,0,0,0,0,0,,,,,,,
Mia,a2db6fee-0dfa-4f49-86fb-c97e7a0d0820,5,zealot  morning_star | wooden_shield *,56104,0,0,0,0,0,0,,,,,,,
Mia,9a41ca97-6bde-47e6-9a0e-cf668c0df67e,5,zealot  scythe *,56104,0,0,0,0,0,0,,,,,,,
Mia,c57cdd5b-b8e3-4524-bb8d-8b84cc78bef3,5,zealot pA(100%) crossbow *,56104,0,0,0,0,0,0,,,,,,,
Mia,dcd76b47-e0b6-4695-bc00-de4984de7b88,5,zealot  torch *,56104,0,0,0,0,0,0,,,,,,,
Mia,a687160c-6342-44d4-8559-ed0251abbbb7,5,zealot  scythe *,56104,0,0,0,0,0,0,,,,,,,
Mia,ee728324-071e-45d7-86f1-1f77e38c6e84,5,zealot pB(100%)  *,56104,0,0,0,0,0,0,,,,,,,
Mia,fe05c69b-15a4-410b-9d57-f530374b65e7,5,zealot  crossbow *,56104,0,0,0,0,0,0,,,,,,,
Mia,c761fcb2-cc25-432d-bbe5-448f1640594b,5,zealot  torch *,56850,0,0,0,0,0,0,,,,,,,
Mia,ea237ea1-ab00-4687-bf14-85d149a8f40c,5,zealot  torch *,56850,0,0,0,0,0,0,,,,,,,
Mia,1a475b1e-5164-476d-82ba-b59dec6a8cdd,5,zealot pA(100%) crossbow *,56851,0,0,0,0,0,0,,,,,,,
Mia,c526837d-3505-4d0f-b69a-8ce9035b78a5,5,zealot  hatchet *,56851,0,0,0,0,0,0,,,,,,,
Mia,c0aec0b6-fb3f-4737-89c1-aba1efe0503e,5,zealot pA(100%) crossbow *,56851,0,0,0,0,0,0,,,,,,,
Mia,5f64142f-8ab8-446c-be6e-9dd39060dd60,5,zealot pA(40%) torch *,56851,0,0,0,0,0,0,,,,,,,
Mia,a6b0ab5e-8a2c-4c9e-8554-8b1b1434dfed,5,zealot pA(40%) scythe *,56851,0,0,0,0,0,0,,,,,,,
Mia,dcf51bd8-608d-4f67-bcb5-2df82a543e26,5,zealot pA(40%) torch *,56851,0,0,0,0,0,0,,,,,,,
Mia,864a95e8-e4ae-4824-9c04-da186f97d37b,5,zealot pA(40%) morning_star | wooden_shield *,56851,0,0,0,0,0,0,,,,,,,
Mia,8c81ea3d-ac26-49ce-964a-dfed6ff159a4,5,zealot pA(40%) morning_star | wooden_shield *,56851,0,0,0,0,0,0,,,,,,,
Mia,3c812755-9eb0-47d6-9f85-5ea17fc02d32,5,zealot   *,56851,0,0,0,0,0,0,,,,,,,
Mia,55a6f6dc-4571-4c05-93a8-20dac0601a86,5,zealot  torch *,56850,0,0,0,0,0,0,,,,,,,
Mia,4def9795-8e57-4f83-a808-970696227645,5,zealot  torch *,56850,0,0,0,0,0,0,,,,,,,
Mia,c3e7c4cf-e594-4b13-ac43-d86b02760be2,5,zealot pA(0%) crossbow *,56850,0,0,0,0,0,0,,,,,,,
Mia,be672baa-47c5-4007-a90d-901215697710,5,zealot   *,56104,0,0,0,0,0,0,,,,,,,
Mia,881b6d29-ace1-4509-84f4-3725cc2dfefb,5,zealot   *,56104,0,0,0,0,0,0,,,,,,,
Mia,0f35ff0f-ccc3-4f53-861a-7e14242497d2,5,zealot  hatchet *,56850,0,0,0,0,0,0,,,,,,,
Mia,936ae642-b854-4f69-b668-660b1cc553b9,5,zealot  hatchet *,56104,0,0,0,0,0,0,,,,,,,
Mia,3f510ba8-345c-45fd-8a11-9f645d181029,5,zealot  scythe *,56104,0,0,0,0,0,0,,,,,,,
Mia,2a43480e-e00e-4d5d-9095-585b548d151b,5,zealot pA(20%) torch *,56300,0,0,0,0,0,0,,,,,,,
Mia,ded9bc31-3112-4187-a8c4-ec97733e0310,5,zealot pA(10%)  *,56300,0,0,0,0,0,0,,,,,,,
Mia,02b1e6e2-52d6-473b-997d-355347cba3d1,5,zealot pA(10%) scythe *,56301,0,0,0,0,0,0,,,,,,,
Mia,8b3d4abd-c4ed-4252-aaf2-990c4506f81e,5,novistador   *,56851,0,0,0,0,0,0,,,,,preserve noduplicate,,
Mia,0bae95e0-bd9a-40b7-9b95-00a0220c9bf5,5,novistador   *,56104,0,0,0,0,0,0,,,,,preserve noduplicate,,
Mia,9e339555-5396-45ee-8746-47adb1fb5a70,5,novistador   *,56104,0,0,0,0,0,0,,,,,preserve noduplicate,,
Mia,9cf7f0f5-9864-454e-93a6-5a33b1d6c08d,5,zealot pA(70%)  *,56104,0,0,0,0,0,0,,,,,,,
Mia,efc131c8-5031-46c3-95ee-449836ed886a,5,zealot  hatchet *,56104,0,0,0,0,0,0,,,,,,,
Mia,,6,[EXTRA],64200,61,29,-156,0,94,0,,,,,,,
Mia,,6,[EXTRA],64103,76,23,-144,0,111,0,,,,,,,
Mia,,6,[EXTRA],64103,79,23,-149,0,120,0,,,,,small,,
Mia,,6,[EXTRA],64101,66,26,-182,0,-65,0,,,,,small,,
Mia,,6,[EXTRA],61000,42,22,-85,0,2,0,,,,,aggroed,,
Mia,,6,[EXTRA],61850,54,22,-59,0,-177,0,,,,,,,
Mia,,6,[EXTRA],61852,72,17,-65,0,-86,0,,,,,,,
Mia,,6,[EXTRA],61204,100,11,-44,0,-80,0,,,,,small,,
Mia,,6,[EXTRA],61204,105,15,-42,0,-91,0,,,,,,,
Mia,,6,[EXTRA],61300,107,17,-58,0,91,0,,,,,,,
Mia,,6,[EXTRA],61302,113,18,-70,0,-84,0,,,,,,,
Mia,,6,[EXTRA],61302,102,18,-71,0,6,0,,,,,,,
Mia,,6,[EXTRA],61400,109,18,-95,0,5,0,,,,,,,
Mia,,6,[EXTRA],61305,94,19,-88,0,-162,0,,,,,small,,
Mia,,6,[EXTRA],61305,94,19,-98,0,3,0,cf43c5fd-212c-45cf-981a-d7a5f0e38c73,,,,small aggroed,,
Mia,,6,[EXTRA],61302,101,18,-82,0,-87,0,cf43c5fd-212c-45cf-981a-d7a5f0e38c73,,,,,,
Mia,,6,[EXTRA],61500,83,17,-64,0,-1,0,cf43c5fd-212c-45cf-981a-d7a5f0e38c73,,,,small,,
Mia,,6,[EXTRA],61500,85,17,-52,0,147,0,cf43c5fd-212c-45cf-981a-d7a5f0e38c73,,,,small,,
Mia,,6,[EXTRA],61504,74,17,-71,0,180,0,cf43c5fd-212c-45cf-981a-d7a5f0e38c73,,,,small,,
Mia,,6,[EXTRA],61851,58,22,-71,0,91,0,cf43c5fd-212c-45cf-981a-d7a5f0e38c73,,,,small,,
Mia,,6,[EXTRA],61851,66,22,-65,0,91,0,cf43c5fd-212c-45cf-981a-d7a5f0e38c73,,,,small,,
Mia,,6,[EXTRA],61852,53,17,-55,0,6,0,ff1caaea-d774-4903-9ae3-cd349ee0ff79,,,,small aggroed,,
Mia,,6,[EXTRA],61852,68,17,-65,0,-88,0,ff1caaea-d774-4903-9ae3-cd349ee0ff79,,,,small aggroed,,
Mia,,6,[EXTRA],60850,87,17,-33,0,3,0,,,,,,,
Mia,,6,[EXTRA],60850,87,17,-24,0,-178,0,,,,,,,
Mia,,6,[EXTRA],60850,92,21,-13,0,-156,0,,,,,,,
Mia,,6,[EXTRA],60850,84,21,-14,0,-180,0,,,,,,,
Mia,,6,[EXTRA],60850,92,21,12,0,180,0,,,,,small,,
Mia,,6,[EXTRA],60850,81,21,-3,0,138,0,,,,,small ranged,,
Mia,,6,[EXTRA],60865,95,4,111,0,0,0,cc6104eb-8d5e-44d9-ae35-fbefdf2ba771,,,,,,
Mia,,6,[EXTRA],60865,100,4,114,0,-86,0,cc6104eb-8d5e-44d9-ae35-fbefdf2ba771,,,,,,
Mia,,6,[EXTRA],60865,97,4,141,0,-17,0,cc6104eb-8d5e-44d9-ae35-fbefdf2ba771,,,,,,
Mia,,6,[EXTRA],60865,88,1,158,0,84,0,18bcf504-c8f5-46df-8b63-e2386a983166,,,,aggroed,,
Mia,,6,[EXTRA],60865,60,6,192,0,125,0,18bcf504-c8f5-46df-8b63-e2386a983166,,,,aggroed,,
Mia,,6,[EXTRA],60865,55,5,197,0,137,0,18bcf504-c8f5-46df-8b63-e2386a983166,,,,aggroed,,
Mia,,6,[EXTRA],60865,55,7,177,0,132,0,18bcf504-c8f5-46df-8b63-e2386a983166,,,,aggroed,,
Mia,,6,[EXTRA],60861,11,10,204,0,23,0,,,,,,,
Mia,,6,[EXTRA],60861,25,6,235,0,-155,0,,,,,,,
Mia,,6,[EXTRA],60871,38,1,254,0,-89,0,cb6ef243-71b4-43e4-9cd5-30ad530037d2,,,,,,
Mia,,6,[EXTRA],60871,38,1,259,0,-179,0,cb6ef243-71b4-43e4-9cd5-30ad530037d2,,,,,,
Mia,,6,[EXTRA],60872,38,1,267,0,5,0,,,,,,,
Mia,,6,[EXTRA],60881,54,-4,250,0,-158,0,,,,,,,
Mia,,6,[EXTRA],60880,50,-4,259,0,90,0,,,,,,,
Mia,,6,[EXTRA],60880,49,-4,255,0,89,0,17401901-3522-4628-b009-281939f1442d,e6f43b86-950e-4230-84a7-3b4b7449a5e7,,,,,
Mia,,6,[EXTRA],60871,44,1,254,0,-179,0,4047a30c-57c6-4450-9edf-b6c17586696a,,,,,,
Mia,,6,[EXTRA],60874,43,1,233,0,-2,0,cc66bcc9-060e-45f9-af6a-f8e4630b33c9,,,,aggroed,,
Mia,,6,[EXTRA],60874,43,1,233,0,-2,0,d7b0f4b9-c56b-43b1-b578-3a56e2aa50bb,,,,aggroed,,
Mia,,6,[EXTRA],60873,79,0,260,0,-176,0,d7b0f4b9-c56b-43b1-b578-3a56e2aa50bb,,,,small,,
Mia,,6,[EXTRA],60873,85,0,256,0,-51,0,,,,,,,
Mia,,6,[EXTRA],60871,51,1,254,0,91,0,7b6caa97-5372-4806-adf9-f03152e11bfe,,,,,,
Mia,,6,[EXTRA],60871,62,1,253,0,87,0,7b6caa97-5372-4806-adf9-f03152e11bfe,,,,,,
Mia,,6,[EXTRA],60874,35,1,233,0,91,0,7b6caa97-5372-4806-adf9-f03152e11bfe,,,,,,
Mia,cf4c9eb1-b04f-4838-adf8-a24c7ec44fcd,6,soldier  shock_baton *,64103,0,0,0,0,0,0,,,,,,,
Mia,eb089640-548e-47c4-a042-53d10bac4061,6,soldier  crowbar *,64102,0,0,0,0,0,0,,,,,,,
Mia,996a14d5-999a-489d-9c56-617957261989,6,soldier  shock_baton *,64100,0,0,0,0,0,0,,,,,,,
Mia,513faa0d-3212-4208-8194-57e5505dd141,6,soldier  crowbar *,64100,0,0,0,0,0,0,,,,,,,
Mia,f3ff0501-376c-4a06-b01c-78196cdd0ddc,6,soldier  spiked_bat *,64100,0,0,0,0,0,0,,,,,,,
Mia,0b3eabf3-e943-4fbf-98da-92be060f93e3,6,soldier  crowbar *,62201,0,0,0,0,0,0,,,,,,,
Mia,066777f7-6d78-414e-8a91-6d577b8bb7b4,6,soldier  spiked_bat *,62201,0,0,0,0,0,0,,,,,,,
Mia,b3bb87cb-df29-4f7c-904c-f14e0b84868c,6,soldier pA(0%) shock_baton *,62200,0,0,0,0,0,0,,,,,,,
Mia,69be71e0-a062-4dfc-b846-a592b61b18fa,6,soldier pA(40%) crowbar *,62200,0,0,0,0,0,0,,,,,,,
Mia,11c02b0d-55f8-4b10-b79f-ef2ed8c61804,6,soldier pA(80%) crowbar *,61850,0,0,0,0,0,0,,,,,,,
Mia,f7700ac4-7078-493c-bc54-dbab20f505d8,6,brute   Ruby x1,62200,0,0,0,0,0,0,,,,,,,
Mia,0dfba698-1ae7-4513-9da4-254aa1438927,6,soldier pA(40%) crowbar *,62100,0,0,0,0,0,0,,,,,,,
Mia,db227dba-e6f8-41b9-9ced-20ca73e38ad8,6,soldier pA(40%) spiked_bat *,61850,0,0,0,0,0,0,,,,,,,
Mia,91cea380-acd1-4e68-8e03-23460510b69f,6,soldier pA(40%) crowbar *,62100,0,0,0,0,0,0,,,,,,,
Mia,c6180f39-5603-4bff-98a5-ed9180945cad,6,brute   Sapphire x1,61850,0,0,0,0,0,0,,,,,,,
Mia,1c2bc3b2-9fed-428d-8dfb-69c52fb4eccc,6,soldier pA(40%) hatchet | iron_shield *,61850,0,0,0,0,0,0,,,,,,,
Mia,59a16f7f-d612-4a63-9c2c-d40955145491,6,soldier pA(40%) crowbar *,61850,0,0,0,0,0,0,,,,,,,
Mia,6b65928f-58a6-444b-9267-3a3d5b23fba1,6,regenerador   Ornate Beetle x1,61201,0,0,0,0,0,0,,,,,,,
Mia,f426d454-8090-439d-b0d8-c59aafa3bb5d,6,soldier  crowbar *,61203,0,0,0,0,0,0,,,,,,,
Mia,5d82a12b-ac5a-4292-87ca-107dc24eddb6,6,soldier  shock_baton *,61203,0,0,0,0,0,0,,,,,,,
Mia,713101fb-aa95-4718-85c6-0f6e820d3db1,6,soldier  spiked_bat *,61203,0,0,0,0,0,0,,,,,,,
Mia,ee68d11a-c56c-49b8-b2c6-8c4c66cfa079,6,regenerador   Ruby x1,61300,0,0,0,0,0,0,,,,,,,
Mia,812bdc25-653d-497a-b611-2f72f879deed,6,regenerador   Ruby x1,61402,0,0,0,0,0,0,,,,,,,
Mia,dd8921e9-07b8-4b69-a180-2aa9dbcded86,6,regenerador   Iluminados Pendant x1,61502,0,0,0,0,0,0,,,,,,,
Mia,035456be-5994-40cf-8b54-20f64579d7b0,6,regenerador   Ruby x1,61501,0,0,0,0,0,0,,,,,,,
Mia,4fc8200c-72f3-41cb-b7de-613865b1aa40,6,soldier   *,61301,0,0,0,0,0,0,,,,,,,
Mia,efddd8a9-7d58-4b02-bb2c-3c5e18b35fbc,6,arana   *,61301,0,0,0,0,0,0,,,,,,,
Mia,ecbbaa47-479f-42ad-936b-b2cd0d9312ca,6,brute   Gold Bar (L) x1,61201,0,0,0,0,0,0,,,,,,,
Mia,1e5c9fb7-984d-41e1-ab7d-9de6298bc43b,6,arana   *,61201,0,0,0,0,0,0,,,,,,,
Mia,827b6d6c-908f-4018-9c6f-43ba5200f142,6,arana   *,61201,0,0,0,0,0,0,,,,,,,
Mia,c9874217-d888-491d-a543-1ce66ac8974b,6,soldier  crossbow *,60850,0,0,0,0,0,0,,,,,preserve noduplicate,,
Mia,03591605-c7ef-4914-b59c-7d30c02f9d3d,6,soldier  crossbow *,60850,0,0,0,0,0,0,,,,,preserve noduplicate,,
Mia,95aeb8db-12cc-472e-b1e1-c7d61724bd53,6,soldier  crossbow *,60850,0,0,0,0,0,0,,,,,preserve noduplicate,,
Mia,9dc131eb-fb7b-4208-bf2b-f3a15ff2bfc1,6,soldier  crossbow *,60850,0,0,0,0,0,0,,,,,preserve noduplicate,,
Mia,de15bf2d-6db2-49ed-aca8-dbb31e322df9,6,soldier  hatchet *,60850,0,0,0,0,0,0,,,,,preserve noduplicate,,
Mia,fb0a6d25-aa1e-47d1-a353-74c64389499e,6,soldier  crossbow *,60850,0,0,0,0,0,0,,,,,preserve noduplicate,,
Mia,b85ca58a-7be1-419c-8b98-7f421d0695a6,6,soldier  crossbow *,60850,0,0,0,0,0,0,,,,,preserve noduplicate,,
Mia,89c37c71-3729-4d1e-94eb-5ec538429afa,6,soldier  crossbow *,60865,0,0,0,0,0,0,,,,,preserve noduplicate,,
Mia,4d8a0e77-2864-4f2f-89fa-858afb5597c6,6,soldier  rpg *,60865,0,0,0,0,0,0,,,,,preserve noduplicate,,
Mia,1c48a264-cf7f-4151-a088-4bce83e879aa,6,soldier  crossbow *,60850,0,0,0,0,0,0,,,,,preserve noduplicate,,
Mia,5aca924b-a0ea-4f5d-adf7-c155af64e71b,6,soldier  crossbow *,60850,0,0,0,0,0,0,,,,,preserve noduplicate,,
Mia,4b96ae6b-fa33-4ce4-b767-32cb182790d5,6,soldier  hatchet *,60850,0,0,0,0,0,0,,,,,preserve noduplicate,,
Mia,c9af63b7-2b1a-4c48-a7d7-ff63e879d2df,6,soldier  hatchet *,60850,0,0,0,0,0,0,,,,,preserve noduplicate,,
Mia,33c6e48c-b2a5-40da-bbfd-d1ec212cbd0e,6,soldier pA(50%) shock_baton *,60860,0,0,0,0,0,0,,,,,,,
Mia,fc7f0b92-70ad-4fc7-a551-19a13bc215e4,6,soldier pA(50%) crowbar *,60860,0,0,0,0,0,0,,,,,,,
Mia,bc3733c6-c6ba-4579-9ebd-3e5a0e76c38a,6,soldier pA(50%) spiked_bat *,60860,0,0,0,0,0,0,,,,,,,
Mia,7c2281f8-a4d3-46c2-ba64-a020449dd191,6,soldier pA(50%) hatchet | iron_shield *,60860,0,0,0,0,0,0,,,,,,,
Mia,71f2bb61-4ed9-4d5a-9486-490c774d03b0,6,soldier   *,60875,0,0,0,0,0,0,,,,,,,
Mia,925ce2b2-810a-4626-82be-1740c41af5ff,6,martinico   .,60880,0,0,0,0,0,0,,,,,preserve noduplicate,,
Mia,17d985b7-cb12-4b7a-a65a-325bf9a2a1b8,6,novistador   *,60861,0,0,0,0,0,0,,,,,preserve noduplicate,,
Mia,63dff196-74e2-44d5-a4a5-dc1dc00d525b,6,novistador   *,60860,0,0,0,0,0,0,,,,,preserve noduplicate,,
Mia,3bb1155e-712a-4dfe-8f93-0445c5f7f0f2,6,novistador   *,60860,0,0,0,0,0,0,,,,,preserve noduplicate,,
Mia,ca8fb4b5-6416-4201-b44c-a166950aae36,6,martinico   .,60880,0,0,0,0,0,0,,,,,preserve noduplicate,,
Mia,7fd3a938-0824-420b-a5ad-6da669663c79,6,martinico   .,60880,0,0,0,0,0,0,,,,,preserve noduplicate,,
Mia,7a252fee-5b32-4f55-8732-a6066aaa95ae,6,martinico   .,60880,0,0,0,0,0,0,,,,,preserve noduplicate,,
Mia,1c6f36bc-b18b-4d84-9611-bc7b912b0b9c,6,martinico   .,60870,0,0,0,0,0,0,,,,,preserve noduplicate,,
Mia,b66cfd0f-1bab-4e98-a3cf-136073031d4d,6,soldier   *,60860,0,0,0,0,0,0,,,,,preserve noduplicate,,
Mia,f0ecb11b-b59c-436e-b1b4-94228a1ef6b1,6,soldier   *,60861,0,0,0,0,0,0,,,,,preserve noduplicate,,
Mia,437b0b13-f5b4-4484-bdc5-e1d5c005e505,6,soldier   *,60860,0,0,0,0,0,0,,,,,preserve noduplicate,,
Mia,a3493122-75d5-4213-b372-e38f1c2ec9d2,6,soldier pA(40%) molotov *,60860,0,0,0,0,0,0,,,,,,,
Mia,a366ea50-4ada-425a-9df5-d15c91486d87,6,soldier  crowbar *,60860,0,0,0,0,0,0,,,,,,,
Mia,a81bcce5-b1f6-427f-972b-87cb4bbd89ea,6,soldier pA(40%) shock_baton *,60860,0,0,0,0,0,0,,,,,,,
Mia,d4fcb3e5-f095-4713-a5f3-5f2f209b4c08,6,soldier pB(40%) shock_baton *,60860,0,0,0,0,0,0,,,,,,,
Mia,3fd7cc8b-e8c6-41e6-908b-1f459e72455c,6,soldier  spiked_bat *,60860,0,0,0,0,0,0,,,,,,,
Mia,1a9db784-f9bb-4d60-aa99-b7f0fbeaf65a,6,soldier  crowbar *,60860,0,0,0,0,0,0,,,,,,,
Mia,dab948f2-faa8-4f5d-baee-5003eb8998c5,6,soldier  dynamite *,60860,0,0,0,0,0,0,,,,,,,
Mia,2c26be1c-0a2b-4b73-aa54-c5534b96239e,6,soldier pA(40%) spiked_bat *,60860,0,0,0,0,0,0,,,,,,,
Mia,72dc2972-1d0f-4ada-ad5f-15efb576415e,6,soldier pA(50%) shock_baton *,60860,0,0,0,0,0,0,,,,,,,
Mia,6c10f04a-f934-4114-ab88-377328d6ae03,6,soldier pA(50%) dynamite *,60860,0,0,0,0,0,0,,,,,,,
Mia,628df081-405a-4536-b2ad-231cd6e223ed,6,soldier pA(30%) hatchet *,60860,0,0,0,0,0,0,,,,,,,
Mia,64e95259-1795-4cf0-92f0-8c883304b66b,6,soldier pA(30%) shock_baton *,60860,0,0,0,0,0,0,,,,,,,
Mia,3e608de8-ab3a-4b51-a190-6e7ddedfe340,6,soldier pA(30%) spiked_bat *,60860,0,0,0,0,0,0,,,,,,,
Mia,835cff62-45e3-48e3-861a-4b93af7c697f,6,soldier pA(30%) hatchet | iron_shield *,60860,0,0,0,0,0,0,,,,,,,
Mia,4bc9e984-a5dd-4bb7-a6c5-5588f24e3942,6,soldier pA(30%) crowbar *,60860,0,0,0,0,0,0,,,,,,,
Mia,b56e5266-4509-4b74-9552-213185eab201,6,brute   Ruby x1,60860,0,0,0,0,0,0,,,,,,,
Mia,6075c9ab-b577-4f24-9ec2-458ca33a62cb,6,soldier pA(40%) crowbar *,60860,0,0,0,0,0,0,,,,,,,
Mia,bbef39d5-3631-4bb8-b8e0-bde029ced3f1,6,soldier pA(50%) shock_baton *,60860,0,0,0,0,0,0,,,,,,,
Mia,21a97f2a-5581-464e-80b8-896b3587e94c,6,soldier pB(40%) crowbar *,60860,0,0,0,0,0,0,,,,,,,
Mia,3e1bbf8e-f3d3-4a60-ada0-647338382ac2,6,soldier pA(40%) dynamite *,60860,0,0,0,0,0,0,,,,,,,
Mia,53cbc77a-8336-42af-9816-88b778f4ff47,6,soldier pA(40%) hatchet | iron_shield *,60860,0,0,0,0,0,0,,,,,,,
Mia,e94a809f-ec0d-45cb-84b2-8295972bd0bb,6,soldier pA(50%) shock_baton *,60860,0,0,0,0,0,0,,,,,,,
Mia,dd722a3b-7309-4a8f-96d0-a3b59d85ad80,6,soldier pA(30%) crowbar *,60860,0,0,0,0,0,0,,,,,,,
Mia,58a9e28a-1129-40f7-ac61-a91f2beee502,6,soldier pA(50%) shock_baton *,60860,0,0,0,0,0,0,,,,,,,
Mia,4da2d9fb-b54d-46d0-a602-67d33d904da9,6,soldier pA(50%) crowbar *,60860,0,0,0,0,0,0,,,,,,,
Mia,bfd6314d-0de3-4fdf-94e1-f2324f18e59b,6,soldier pA(30%) crowbar *,60860,0,0,0,0,0,0,,,,,,,
Mia,71c38980-cf1a-4040-aa93-708a290529ee,7,sadler_human   .,68101,0,0,0,0,0,0,,,,,preserve noduplicate,,
Mia,,7,[EXTRA],59200,-309,24,-198,0,171,0,1c275875-1b97-49f9-993e-6df401e7eed6,,,,small aggroed,,
Mia,,7,[EXTRA],69900,-226,64,-158,0,116,0,,ea7547fd-9ede-45f9-a70d-2804c1cae4c7,,,,,
Mia,,7,[EXTRA],69900,-204,60,-160,0,3,0,,ea7547fd-9ede-45f9-a70d-2804c1cae4c7,,,,,
Mia,,7,[EXTRA],68206,-186,66,-185,0,6,0,,ea7547fd-9ede-45f9-a70d-2804c1cae4c7,,,,,
Mia,,7,[EXTRA],68204,-173,66,-186,0,-86,0,,ea7547fd-9ede-45f9-a70d-2804c1cae4c7,,,,,
Mia,,7,[EXTRA],68204,-157,66,-189,0,129,0,,ea7547fd-9ede-45f9-a70d-2804c1cae4c7,,,,,
Mia,,7,[EXTRA],68203,-136,66,-196,0,99,0,,ea7547fd-9ede-45f9-a70d-2804c1cae4c7,,,,,
Mia,,7,[EXTRA],68203,-123,66,-190,0,-132,0,,ea7547fd-9ede-45f9-a70d-2804c1cae4c7,,,,,
Mia,,7,[EXTRA],68101,-132,62,-168,0,114,0,ea7547fd-9ede-45f9-a70d-2804c1cae4c7,,,,aggroed,,
Mia,,7,[EXTRA],68101,-133,62,-174,0,73,0,ea7547fd-9ede-45f9-a70d-2804c1cae4c7,,,,aggroed,,
Mia,,7,[EXTRA],68101,-104,61,-176,0,3,0,ea7547fd-9ede-45f9-a70d-2804c1cae4c7,,,,aggroed,,
Mia,,7,[EXTRA],68101,-103,61,-167,0,-166,0,ea7547fd-9ede-45f9-a70d-2804c1cae4c7,,,,aggroed,,
Mia,,7,[EXTRA],68101,-100,61,-171,0,-89,0,ea7547fd-9ede-45f9-a70d-2804c1cae4c7,,,,aggroed,,
Mia,,7,[EXTRA],68101,-117,61,-167,0,180,0,ea7547fd-9ede-45f9-a70d-2804c1cae4c7,,,,aggroed,,
Mia,,7,[EXTRA],68206,-180,66,-188,0,-60,0,6dec272e-6d20-4a06-8e5f-39f90c42f358,,,,,,
Mia,1053340c-54f6-4c28-a172-662fe87138a5,7,soldier pA(30%)  *,59102,0,0,0,0,0,0,,,,,,,
Mia,c0040d69-eefa-4c0d-9e18-0fe68a9c9c50,7,soldier pA(30%) spiked_bat *,59102,0,0,0,0,0,0,,,,,,,
Mia,88035abc-c060-478a-9fa0-45d8cecd0c12,7,soldier pA(30%) crowbar *,59102,0,0,0,0,0,0,,,,,,,
Mia,337ae0b3-1305-4c26-83f7-f563fc0fc147,7,soldier pA(30%)  *,59101,0,0,0,0,0,0,,,,,,,
Mia,9f0965dd-65b4-4f36-8022-464a6c29b39d,7,soldier  crossbow *,59101,0,0,0,0,0,0,,,,,,,
Mia,a0050b3d-59eb-4529-8d00-5e86b30ae2ac,7,soldier  crossbow *,59101,0,0,0,0,0,0,,,,,,,
Mia,f1ad59d1-f776-44a2-9b3f-b30739de51e4,7,soldier pA(100%) hatchet | iron_shield *,59101,0,0,0,0,0,0,,,,,,,
Mia,94bcd84a-24dc-4b32-8a10-a4bd1e5f278c,7,soldier  hatchet *,59101,0,0,0,0,0,0,,,,,,,
Mia,79c31d73-617e-4260-b020-bfb90a546d8f,7,arana   *,59101,0,0,0,0,0,0,,,,,,,
Mia,9e17a9ac-5166-42cd-a29f-c592b88df860,7,soldier pA(50%) spiked_bat *,59101,0,0,0,0,0,0,,,,,,,
Mia,eec3e0b4-74cd-47de-ae5b-8c29df13605e,7,soldier pA(50%) crowbar *,59101,0,0,0,0,0,0,,,,,,,
Mia,3afeeccc-cb89-4053-8120-57f5e7697bae,7,soldier pA(50%) crowbar *,59101,0,0,0,0,0,0,,,,,,,
Mia,e8c079f4-bdb4-4956-a621-29eb3c852e07,7,brute   Red Beryl x1,59100,0,0,0,0,0,0,,,,,,,
Mia,744147c2-5ded-470c-bd3b-a1e147ff8a69,7,soldier  shock_baton *,59100,0,0,0,0,0,0,,,,,,,
Mia,a58ee23f-8922-4af6-82ef-4297e61d5954,7,soldier  spiked_bat *,59100,0,0,0,0,0,0,,,,,,,
Mia,4b70abd3-7d9a-490a-a094-5a647c435754,7,brute   Emerald x1,69850,0,0,0,0,0,0,,,,,,,
Mia,21bca4fc-f982-4b7c-b6e4-408019391495,7,soldier  rpg .,69850,0,0,0,0,0,0,,,,,,,
Mia,02e2e094-1ace-422f-a8af-b8211b76da61,7,soldier  crossbow *,69850,0,0,0,0,0,0,,,,,,,
Mia,31c23434-89e9-4733-8eb6-c9ebf4d1a106,7,soldier  crossbow *,69850,0,0,0,0,0,0,,,,,,,
Mia,d2555a75-bf35-420c-89ff-1d959faa02f8,7,soldier pA(40%) crowbar Boot Knife x1,69850,0,0,0,0,0,0,,,,,,,
Mia,908bad1d-3c5b-4075-8e54-ca070ded1e35,7,soldier pA(40%)  *,69850,0,0,0,0,0,0,,,,,,,
Mia,a90b119f-f953-4afa-9409-97cc61e586f6,7,soldier  shock_baton *,69850,0,0,0,0,0,0,,,,,,,
Mia,f893b52f-0d17-4b7b-94ad-9e9ffdb27d25,7,soldier pB(100%) hatchet | iron_shield Handgun Ammo x8,69850,0,0,0,0,0,0,,,,,,,
Mia,0909b7e0-02c5-4929-810d-f1ebc81514fd,7,soldier  crossbow *,69850,0,0,0,0,0,0,,,,,,,
Mia,5c7aeafa-c8ba-4763-9b1f-64de12bb9401,7,soldier  crossbow *,69850,0,0,0,0,0,0,,,,,,,
Mia,d8a8824e-54eb-41ce-a61e-00991ada0d06,7,soldier pA(50%) hatchet Handgun Ammo x10,69850,0,0,0,0,0,0,,,,,,,
Mia,31e8a3c1-4f86-4cd2-b87c-302784ee8b71,7,soldier pA(50%) spiked_bat Green Herb x1,69850,0,0,0,0,0,0,,,,,,,
Mia,b72bd11f-d642-42b5-9c41-55dcc451001f,7,soldier  dynamite *,69850,0,0,0,0,0,0,,,,,,,
Mia,748d2d5b-6060-4620-afab-374c4ce12d63,7,soldier pB(50%) spiked_bat *,69850,0,0,0,0,0,0,,,,,,,
Mia,bce17ff9-02ab-4e6c-8720-5d39730c9e8f,7,brute   Yellow Diamond x1,69850,0,0,0,0,0,0,,,,,,,
Mia,5b05a5fe-94ac-4840-9c2f-8aaa7ff46d00,7,soldier pB(50%) shock_baton *,69850,0,0,0,0,0,0,,,,,,,
Mia,e1823272-9847-4431-911e-61e5c6349361,7,soldier pA(30%) crossbow *,69850,0,0,0,0,0,0,,,,,,,
Mia,a02f4a4c-ca37-4c56-b700-3b782be69067,7,soldier  rpg SW - Rocket Launcher Special x1,69850,0,0,0,0,0,0,,,,,,,
Mia,a477439d-08da-40fb-b5cd-e8cf8c1ace4e,7,soldier  rpg SW - Rocket Launcher Special x1,69850,0,0,0,0,0,0,,,,,,,
Mia,c5f6b51b-f9d1-464b-83b1-5794a66a3c33,7,novistador   Handgun Ammo x6,69850,0,0,0,0,0,0,,,,,preserve noduplicate,,
Mia,42c1f280-b8e1-430c-a170-d8084cb74e02,7,novistador   Handgun Ammo x5,69850,0,0,0,0,0,0,,,,,preserve noduplicate,,
Mia,4a172f43-15c7-4fb6-8847-8c6131f0888a,7,novistador   *,69850,0,0,0,0,0,0,,,,,preserve noduplicate,,
Mia,7e35e421-53dd-4f72-9cd6-5de611c670eb,7,novistador   *,69850,0,0,0,0,0,0,,,,,preserve noduplicate,,
Mia,ce98f782-70cb-4484-bf14-8c8c3250e534,7,soldier  rpg *,69100,0,0,0,0,0,0,,,,,,,
Mia,e2c563b4-5aa1-4ab9-bb87-4adb288af046,7,soldier  rpg *,69100,0,0,0,0,0,0,,,,,,,
Mia,4690a68b-08a3-4086-a4b2-7862c17fd252,7,soldier  rpg *,69100,0,0,0,0,0,0,,,,,,,
Mia,55397f4b-18ac-4c5e-ac07-90daca041c1e,7,soldier pA(50%) shock_baton *,69100,0,0,0,0,0,0,,,,,,,
Mia,f48e4a93-b18f-4de6-a04e-99912b83a7d7,7,soldier pA(50%) hatchet | iron_shield *,69100,0,0,0,0,0,0,,,,,,,
Mia,6cbb60dc-bc92-4d5d-b102-4ca80d0e6a8c,7,soldier  spiked_bat *,69100,0,0,0,0,0,0,,,,,,,
Mia,b89943d3-5673-4c7f-8672-0473339b8e71,7,soldier pA(50%) hatchet | iron_shield *,69100,0,0,0,0,0,0,,,,,,,
Mia,a2dfea22-bc7b-4317-be7d-d2fac954a6cc,7,brute   Emerald x1,69100,0,0,0,0,0,0,,,,,,,
Mia,48ee8335-05f3-40d0-8d58-be92ab5d344b,7,soldier pA(50%)  *,69100,0,0,0,0,0,0,,,,,,,
Mia,d3d79468-5324-4868-a085-2cec0c6b2ffc,7,soldier  hatchet SW - Beret x1,69900,0,0,0,0,0,0,,,,,,,
Mia,7206c348-8ef2-4060-bca2-88f98160e792,7,soldier pA(50%) hatchet *,69900,0,0,0,0,0,0,,,,,,,
Mia,e395d60f-0771-406c-89cf-67f9e1aa22d7,7,soldier pB(100%) crossbow *,69900,0,0,0,0,0,0,,,,,,,
Mia,9699f8d8-66e0-4b8a-8c66-5f78cfd35b20,7,soldier pA(50%) hatchet | iron_shield *,69900,0,0,0,0,0,0,,,,,,,
Mia,069e080a-a01c-4873-8c48-47ef8f5576f9,7,soldier  spiked_bat *,69900,0,0,0,0,0,0,,,,,,,
Mia,02a64cfc-b818-4d02-9877-651886fe1127,7,novistador   *,68204,0,0,0,0,0,0,,,,,preserve noduplicate,,
Mia,6446d34a-57d7-4ad1-8dee-e538295295f8,7,novistador   *,68203,0,0,0,0,0,0,,,,,,,